---,BuddyId,LevelId,RewardId
1,1,2,7000024
2,1,3,1001000
3,1,4,8001016
4,1,5,1001000
5,1,6,7000025
6,1,7,1001000
7,1,8,8001013
8,1,9,1001500
9,1,10,7000026
10,1,11,1001500
11,1,12,8001019
12,1,13,1001500
13,1,14,7000027
14,1,15,12001005
15,1,16,8001009
16,1,17,1001500
17,1,18,7000028
18,1,19,1001500
19,1,20,8001024
20,1,21,1002000
21,1,22,1002000
22,1,23,1002000
23,1,24,1002000
24,1,25,1002000
25,1,26,1002000
26,1,27,1002000
27,1,28,1002000
28,1,29,1002000
29,1,30,1002000
30,1,31,1002000
31,1,32,1002000
32,1,33,1002000
33,1,34,1002000
34,1,35,1002000
35,1,36,1002000
36,1,37,1002000
37,1,38,1002000
38,1,39,1002000
39,1,40,1002000
40,1,41,1002000
41,1,42,1002000
42,1,43,1002000
43,1,44,1002000
44,1,45,1002000
45,1,46,1002000
46,1,47,1002000
47,1,48,1002000
48,1,49,1002000
49,1,50,1002000
50,1,51,1002000
51,1,52,1002000
52,1,53,1002000
53,1,54,1002000
54,1,55,1002000
55,1,56,1002000
56,1,57,1002000
57,1,58,1002000
58,1,59,1002000
59,1,60,1003000
60,1,61,1003000
61,1,62,1003000
62,1,63,1003000
63,1,64,1003000
64,1,65,1003000
65,1,66,1003000
66,1,67,1003000
67,1,68,1003000
68,1,69,1003000
69,1,70,1003000
70,1,71,1003000
71,1,72,1003000
72,1,73,1003000
73,1,74,1003000
74,1,75,1003000
75,1,76,1003000
76,1,77,1003000
77,1,78,1003000
78,1,79,1003000
79,1,80,1003000
80,1,81,1003000
81,1,82,1003000
82,1,83,1003000
83,1,84,1003000
84,1,85,1003000
85,1,86,1003000
86,1,87,1003000
87,1,88,1003000
88,1,89,1003000
89,1,90,1003000
90,1,91,1003000
91,1,92,1003000
92,1,93,1003000
93,1,94,1003000
94,1,95,1003000
95,1,96,1003000
96,1,97,1003000
97,1,98,1003000
98,1,99,1003000
99,2,2,7000029
100,2,3,1001000
101,2,4,8002017
102,2,5,1001000
103,2,6,7000030
104,2,7,1001000
105,2,8,8002023
106,2,9,1001500
107,2,10,7000031
108,2,11,1001500
109,2,12,8002018
110,2,13,1001500
111,2,14,7000032
112,2,15,12002005
113,2,16,8002021
114,2,17,1001500
115,2,18,7000033
116,2,19,1001500
117,2,20,8002024
118,2,21,1002000
119,2,22,1002000
120,2,23,1002000
121,2,24,1002000
122,2,25,1002000
123,2,26,1002000
124,2,27,1002000
125,2,28,1002000
126,2,29,1002000
127,2,30,1002000
128,2,31,1002000
129,2,32,1002000
130,2,33,1002000
131,2,34,1002000
132,2,35,1002000
133,2,36,1002000
134,2,37,1002000
135,2,38,1002000
136,2,39,1002000
137,2,40,1002000
138,2,41,1002000
139,2,42,1002000
140,2,43,1002000
141,2,44,1002000
142,2,45,1002000
143,2,46,1002000
144,2,47,1002000
145,2,48,1002000
146,2,49,1002000
147,2,50,1002000
148,2,51,1002000
149,2,52,1002000
150,2,53,1002000
151,2,54,1002000
152,2,55,1002000
153,2,56,1002000
154,2,57,1002000
155,2,58,1002000
156,2,59,1002000
157,2,60,1003000
158,2,61,1003000
159,2,62,1003000
160,2,63,1003000
161,2,64,1003000
162,2,65,1003000
163,2,66,1003000
164,2,67,1003000
165,2,68,1003000
166,2,69,1003000
167,2,70,1003000
168,2,71,1003000
169,2,72,1003000
170,2,73,1003000
171,2,74,1003000
172,2,75,1003000
173,2,76,1003000
174,2,77,1003000
175,2,78,1003000
176,2,79,1003000
177,2,80,1003000
178,2,81,1003000
179,2,82,1003000
180,2,83,1003000
181,2,84,1003000
182,2,85,1003000
183,2,86,1003000
184,2,87,1003000
185,2,88,1003000
186,2,89,1003000
187,2,90,1003000
188,2,91,1003000
189,2,92,1003000
190,2,93,1003000
191,2,94,1003000
192,2,95,1003000
193,2,96,1003000
194,2,97,1003000
195,2,98,1003000
196,2,99,1003000
197,3,2,7000034
198,3,3,1001000
199,3,4,8003017
200,3,5,1001000
201,3,6,7000035
202,3,7,1001000
203,3,8,8003013
204,3,9,1001500
205,3,10,7000036
206,3,11,1001500
207,3,12,8003019
208,3,13,1001500
209,3,14,7000037
210,3,15,12003005
211,3,16,8003005
212,3,17,1001500
213,3,18,7000038
214,3,19,1001500
215,3,20,8003024
216,3,21,1002000
217,3,22,1002000
218,3,23,1002000
219,3,24,1002000
220,3,25,1002000
221,3,26,1002000
222,3,27,1002000
223,3,28,1002000
224,3,29,1002000
225,3,30,1002000
226,3,31,1002000
227,3,32,1002000
228,3,33,1002000
229,3,34,1002000
230,3,35,1002000
231,3,36,1002000
232,3,37,1002000
233,3,38,1002000
234,3,39,1002000
235,3,40,1002000
236,3,41,1002000
237,3,42,1002000
238,3,43,1002000
239,3,44,1002000
240,3,45,1002000
241,3,46,1002000
242,3,47,1002000
243,3,48,1002000
244,3,49,1002000
245,3,50,1002000
246,3,51,1002000
247,3,52,1002000
248,3,53,1002000
249,3,54,1002000
250,3,55,1002000
251,3,56,1002000
252,3,57,1002000
253,3,58,1002000
254,3,59,1002000
255,3,60,1003000
256,3,61,1003000
257,3,62,1003000
258,3,63,1003000
259,3,64,1003000
260,3,65,1003000
261,3,66,1003000
262,3,67,1003000
263,3,68,1003000
264,3,69,1003000
265,3,70,1003000
266,3,71,1003000
267,3,72,1003000
268,3,73,1003000
269,3,74,1003000
270,3,75,1003000
271,3,76,1003000
272,3,77,1003000
273,3,78,1003000
274,3,79,1003000
275,3,80,1003000
276,3,81,1003000
277,3,82,1003000
278,3,83,1003000
279,3,84,1003000
280,3,85,1003000
281,3,86,1003000
282,3,87,1003000
283,3,88,1003000
284,3,89,1003000
285,3,90,1003000
286,3,91,1003000
287,3,92,1003000
288,3,93,1003000
289,3,94,1003000
290,3,95,1003000
291,3,96,1003000
292,3,97,1003000
293,3,98,1003000
294,3,99,1003000
295,4,2,7000039
296,4,3,1001000
297,4,4,8004016
298,4,5,1001000
299,4,6,7000040
300,4,7,1001000
301,4,8,8004023
302,4,9,1001500
303,4,10,7000041
304,4,11,1001500
305,4,12,8004018
306,4,13,1001500
307,4,14,7000042
308,4,15,12004005
309,4,16,8004002
310,4,17,1001500
311,4,18,7000043
312,4,19,1001500
313,4,20,8004024
314,4,21,1002000
315,4,22,1002000
316,4,23,1002000
317,4,24,1002000
318,4,25,1002000
319,4,26,1002000
320,4,27,1002000
321,4,28,1002000
322,4,29,1002000
323,4,30,1002000
324,4,31,1002000
325,4,32,1002000
326,4,33,1002000
327,4,34,1002000
328,4,35,1002000
329,4,36,1002000
330,4,37,1002000
331,4,38,1002000
332,4,39,1002000
333,4,40,1002000
334,4,41,1002000
335,4,42,1002000
336,4,43,1002000
337,4,44,1002000
338,4,45,1002000
339,4,46,1002000
340,4,47,1002000
341,4,48,1002000
342,4,49,1002000
343,4,50,1002000
344,4,51,1002000
345,4,52,1002000
346,4,53,1002000
347,4,54,1002000
348,4,55,1002000
349,4,56,1002000
350,4,57,1002000
351,4,58,1002000
352,4,59,1002000
353,4,60,1003000
354,4,61,1003000
355,4,62,1003000
356,4,63,1003000
357,4,64,1003000
358,4,65,1003000
359,4,66,1003000
360,4,67,1003000
361,4,68,1003000
362,4,69,1003000
363,4,70,1003000
364,4,71,1003000
365,4,72,1003000
366,4,73,1003000
367,4,74,1003000
368,4,75,1003000
369,4,76,1003000
370,4,77,1003000
371,4,78,1003000
372,4,79,1003000
373,4,80,1003000
374,4,81,1003000
375,4,82,1003000
376,4,83,1003000
377,4,84,1003000
378,4,85,1003000
379,4,86,1003000
380,4,87,1003000
381,4,88,1003000
382,4,89,1003000
383,4,90,1003000
384,4,91,1003000
385,4,92,1003000
386,4,93,1003000
387,4,94,1003000
388,4,95,1003000
389,4,96,1003000
390,4,97,1003000
391,4,98,1003000
392,4,99,1003000
393,5,2,7000044
394,5,3,1001000
395,5,4,8005015
396,5,5,1001000
397,5,6,7000045
398,5,7,1001000
399,5,8,8005013
400,5,9,1001500
401,5,10,7000046
402,5,11,1001500
403,5,12,8005019
404,5,13,1001500
405,5,14,7000047
406,5,15,12005008
407,5,16,8005020
408,5,17,1001500
409,5,18,7000048
410,5,19,1001500
411,5,20,8005024
412,5,21,1002000
413,5,22,1002000
414,5,23,1002000
415,5,24,1002000
416,5,25,1002000
417,5,26,1002000
418,5,27,1002000
419,5,28,1002000
420,5,29,1002000
421,5,30,1002000
422,5,31,1002000
423,5,32,1002000
424,5,33,1002000
425,5,34,1002000
426,5,35,1002000
427,5,36,1002000
428,5,37,1002000
429,5,38,1002000
430,5,39,1002000
431,5,40,1002000
432,5,41,1002000
433,5,42,1002000
434,5,43,1002000
435,5,44,1002000
436,5,45,1002000
437,5,46,1002000
438,5,47,1002000
439,5,48,1002000
440,5,49,1002000
441,5,50,1002000
442,5,51,1002000
443,5,52,1002000
444,5,53,1002000
445,5,54,1002000
446,5,55,1002000
447,5,56,1002000
448,5,57,1002000
449,5,58,1002000
450,5,59,1002000
451,5,60,1003000
452,5,61,1003000
453,5,62,1003000
454,5,63,1003000
455,5,64,1003000
456,5,65,1003000
457,5,66,1003000
458,5,67,1003000
459,5,68,1003000
460,5,69,1003000
461,5,70,1003000
462,5,71,1003000
463,5,72,1003000
464,5,73,1003000
465,5,74,1003000
466,5,75,1003000
467,5,76,1003000
468,5,77,1003000
469,5,78,1003000
470,5,79,1003000
471,5,80,1003000
472,5,81,1003000
473,5,82,1003000
474,5,83,1003000
475,5,84,1003000
476,5,85,1003000
477,5,86,1003000
478,5,87,1003000
479,5,88,1003000
480,5,89,1003000
481,5,90,1003000
482,5,91,1003000
483,5,92,1003000
484,5,93,1003000
485,5,94,1003000
486,5,95,1003000
487,5,96,1003000
488,5,97,1003000
489,5,98,1003000
490,5,99,1003000
491,6,2,7000049
492,6,3,1001000
493,6,4,8006015
494,6,5,1001000
495,6,6,7000050
496,6,7,1001000
497,6,8,8006023
498,6,9,1001500
499,6,10,7000051
500,6,11,1001500
501,6,12,8006018
502,6,13,1001500
503,6,14,7000052
504,6,15,12006005
505,6,16,8006007
506,6,17,1001500
507,6,18,7000053
508,6,19,1001500
509,6,20,8006024
510,6,21,1002000
511,6,22,1002000
512,6,23,1002000
513,6,24,1002000
514,6,25,1002000
515,6,26,1002000
516,6,27,1002000
517,6,28,1002000
518,6,29,1002000
519,6,30,1002000
520,6,31,1002000
521,6,32,1002000
522,6,33,1002000
523,6,34,1002000
524,6,35,1002000
525,6,36,1002000
526,6,37,1002000
527,6,38,1002000
528,6,39,1002000
529,6,40,1002000
530,6,41,1002000
531,6,42,1002000
532,6,43,1002000
533,6,44,1002000
534,6,45,1002000
535,6,46,1002000
536,6,47,1002000
537,6,48,1002000
538,6,49,1002000
539,6,50,1002000
540,6,51,1002000
541,6,52,1002000
542,6,53,1002000
543,6,54,1002000
544,6,55,1002000
545,6,56,1002000
546,6,57,1002000
547,6,58,1002000
548,6,59,1002000
549,6,60,1003000
550,6,61,1003000
551,6,62,1003000
552,6,63,1003000
553,6,64,1003000
554,6,65,1003000
555,6,66,1003000
556,6,67,1003000
557,6,68,1003000
558,6,69,1003000
559,6,70,1003000
560,6,71,1003000
561,6,72,1003000
562,6,73,1003000
563,6,74,1003000
564,6,75,1003000
565,6,76,1003000
566,6,77,1003000
567,6,78,1003000
568,6,79,1003000
569,6,80,1003000
570,6,81,1003000
571,6,82,1003000
572,6,83,1003000
573,6,84,1003000
574,6,85,1003000
575,6,86,1003000
576,6,87,1003000
577,6,88,1003000
578,6,89,1003000
579,6,90,1003000
580,6,91,1003000
581,6,92,1003000
582,6,93,1003000
583,6,94,1003000
584,6,95,1003000
585,6,96,1003000
586,6,97,1003000
587,6,98,1003000
588,6,99,1003000
