---,EmblemPartsId,Name,EmblemPartsType,DefaultEmblemPartsFlag,IsEditable,Texture,FlagTexture,Descprition
0,0,-,OutLine,False,False,-,-,※削除不可
1,90001,デザイン確認用エンブレム,Main,False,False,Texture2D'/Game/_Test/Texture/Emblem/Tex_Emblem_Temporaryp_02.Tex_Emblem_Temporaryp_02',Texture2D'/Game/_Test/Texture/Emblem/Tex_Emblem_Temporaryp_02_Flag.Tex_Emblem_Temporaryp_02_Flag',
2,90002,デザイン確認用エンブレム,OutLine,False,True,Texture2D'/Game/_Test/Texture/Emblem/Tex_Emblem_Temporaryp_01.Tex_Emblem_Temporaryp_01',Texture2D'/Game/_Test/Texture/Emblem/Tex_Emblem_Temporaryp_01_Flag.Tex_Emblem_Temporaryp_01_Flag',
3,90003,デザイン確認用エンブレム,Main,False,True,Texture2D'/Game/_Test/Texture/Emblem/Tex_Emblem_Temporaryp_02.Tex_Emblem_Temporaryp_02',Texture2D'/Game/_Test/Texture/Emblem/Tex_Emblem_Temporaryp_02_Flag.Tex_Emblem_Temporaryp_02_Flag',
4,90004,デザイン確認用エンブレム,Sub,False,True,Texture2D'/Game/_Test/Texture/Emblem/Tex_Emblem_Temporaryp_03.Tex_Emblem_Temporaryp_03',Texture2D'/Game/_Test/Texture/Emblem/Tex_Emblem_Temporaryp_03_Flag.Tex_Emblem_Temporaryp_03_Flag',
5,10001,シールドフレームA,OutLine,True,True,Texture2D'/Game/GUI/Common/Tex/Emblem/01/Tex_Emblem_01_0001.Tex_Emblem_01_0001',Texture2D'/Game/GUI/Common/Tex/Emblem/01/Tex_Emblem_01_0001_Flag.Tex_Emblem_01_0001_Flag',
6,10002,ヘキサフレーム,OutLine,False,True,Texture2D'/Game/GUI/Common/Tex/Emblem/01/Tex_Emblem_01_0002.Tex_Emblem_01_0002',Texture2D'/Game/GUI/Common/Tex/Emblem/01/Tex_Emblem_01_0002_Flag.Tex_Emblem_01_0002_Flag',
7,10003,シールドフレームB,OutLine,False,True,Texture2D'/Game/GUI/Common/Tex/Emblem/01/Tex_Emblem_01_0003.Tex_Emblem_01_0003',Texture2D'/Game/GUI/Common/Tex/Emblem/01/Tex_Emblem_01_0003_Flag.Tex_Emblem_01_0003_Flag',
8,10004,シールドフレームC,OutLine,False,True,Texture2D'/Game/GUI/Common/Tex/Emblem/01/Tex_Emblem_01_0004.Tex_Emblem_01_0004',Texture2D'/Game/GUI/Common/Tex/Emblem/01/Tex_Emblem_01_0004_Flag.Tex_Emblem_01_0004_Flag',
9,10005,バニシングサークル,OutLine,False,True,Texture2D'/Game/GUI/Common/Tex/Emblem/01/Tex_Emblem_01_0005.Tex_Emblem_01_0005',Texture2D'/Game/GUI/Common/Tex/Emblem/01/Tex_Emblem_01_0005_Flag.Tex_Emblem_01_0005_Flag',
10,10006,バニシングスクウェア,OutLine,False,True,Texture2D'/Game/GUI/Common/Tex/Emblem/01/Tex_Emblem_01_0006.Tex_Emblem_01_0006',Texture2D'/Game/GUI/Common/Tex/Emblem/01/Tex_Emblem_01_0006_Flag.Tex_Emblem_01_0006_Flag',
11,10007,オメガサークル,OutLine,False,True,Texture2D'/Game/GUI/Common/Tex/Emblem/01/Tex_Emblem_01_0007.Tex_Emblem_01_0007',Texture2D'/Game/GUI/Common/Tex/Emblem/01/Tex_Emblem_01_0007_Flag.Tex_Emblem_01_0007_Flag',
12,10008,コースターフレーム,OutLine,False,True,Texture2D'/Game/GUI/Common/Tex/Emblem/01/Tex_Emblem_01_0008.Tex_Emblem_01_0008',Texture2D'/Game/GUI/Common/Tex/Emblem/01/Tex_Emblem_01_0008_Flag.Tex_Emblem_01_0008_Flag',
13,10009,リーフフレームA,OutLine,False,True,Texture2D'/Game/GUI/Common/Tex/Emblem/01/Tex_Emblem_01_0009.Tex_Emblem_01_0009',Texture2D'/Game/GUI/Common/Tex/Emblem/01/Tex_Emblem_01_0009_Flag.Tex_Emblem_01_0009_Flag',
14,10010,リーフダイヤ,OutLine,False,True,Texture2D'/Game/GUI/Common/Tex/Emblem/01/Tex_Emblem_01_0010.Tex_Emblem_01_0010',Texture2D'/Game/GUI/Common/Tex/Emblem/01/Tex_Emblem_01_0010_Flag.Tex_Emblem_01_0010_Flag',
15,10011,リーフフレームB,OutLine,False,True,Texture2D'/Game/GUI/Common/Tex/Emblem/01/Tex_Emblem_01_0011.Tex_Emblem_01_0011',Texture2D'/Game/GUI/Common/Tex/Emblem/01/Tex_Emblem_01_0011_Flag.Tex_Emblem_01_0011_Flag',
16,10012,リーフシールド,OutLine,False,True,Texture2D'/Game/GUI/Common/Tex/Emblem/01/Tex_Emblem_01_0012.Tex_Emblem_01_0012',Texture2D'/Game/GUI/Common/Tex/Emblem/01/Tex_Emblem_01_0012_Flag.Tex_Emblem_01_0012_Flag',
17,10013,プリンセスフレーム,OutLine,False,True,Texture2D'/Game/GUI/Common/Tex/Emblem/01/Tex_Emblem_01_0013.Tex_Emblem_01_0013',Texture2D'/Game/GUI/Common/Tex/Emblem/01/Tex_Emblem_01_0013_Flag.Tex_Emblem_01_0013_Flag',
18,10014,ギアフレーム,OutLine,False,True,Texture2D'/Game/GUI/Common/Tex/Emblem/01/Tex_Emblem_01_0014.Tex_Emblem_01_0014',Texture2D'/Game/GUI/Common/Tex/Emblem/01/Tex_Emblem_01_0014_Flag.Tex_Emblem_01_0014_Flag',
19,10015,ハートフレーム,OutLine,False,True,Texture2D'/Game/GUI/Common/Tex/Emblem/01/Tex_Emblem_01_0015.Tex_Emblem_01_0015',Texture2D'/Game/GUI/Common/Tex/Emblem/01/Tex_Emblem_01_0015_Flag.Tex_Emblem_01_0015_Flag',
20,10016,アンティークサークル,OutLine,False,True,Texture2D'/Game/GUI/Common/Tex/Emblem/01/Tex_Emblem_01_0016.Tex_Emblem_01_0016',Texture2D'/Game/GUI/Common/Tex/Emblem/01/Tex_Emblem_01_0016_Flag.Tex_Emblem_01_0016_Flag',
21,10017,サーマルスクウェア,OutLine,False,True,Texture2D'/Game/GUI/Common/Tex/Emblem/01/Tex_Emblem_01_0017.Tex_Emblem_01_0017',Texture2D'/Game/GUI/Common/Tex/Emblem/01/Tex_Emblem_01_0017_Flag.Tex_Emblem_01_0017_Flag',
22,10018,コントロールサークルA,OutLine,False,True,Texture2D'/Game/GUI/Common/Tex/Emblem/01/Tex_Emblem_01_0018.Tex_Emblem_01_0018',Texture2D'/Game/GUI/Common/Tex/Emblem/01/Tex_Emblem_01_0018_Flag.Tex_Emblem_01_0018_Flag',
23,10019,コネクトフレーム,OutLine,False,True,Texture2D'/Game/GUI/Common/Tex/Emblem/01/Tex_Emblem_01_0019.Tex_Emblem_01_0019',Texture2D'/Game/GUI/Common/Tex/Emblem/01/Tex_Emblem_01_0019_Flag.Tex_Emblem_01_0019_Flag',
24,10020,フォースガード,OutLine,False,True,Texture2D'/Game/GUI/Common/Tex/Emblem/01/Tex_Emblem_01_0020.Tex_Emblem_01_0020',Texture2D'/Game/GUI/Common/Tex/Emblem/01/Tex_Emblem_01_0020_Flag.Tex_Emblem_01_0020_Flag',
25,10021,ライトネット,OutLine,False,True,Texture2D'/Game/GUI/Common/Tex/Emblem/01/Tex_Emblem_01_0021.Tex_Emblem_01_0021',Texture2D'/Game/GUI/Common/Tex/Emblem/01/Tex_Emblem_01_0021_Flag.Tex_Emblem_01_0021_Flag',
26,10022,コントロールサークルB,OutLine,False,True,Texture2D'/Game/GUI/Common/Tex/Emblem/01/Tex_Emblem_01_0022.Tex_Emblem_01_0022',Texture2D'/Game/GUI/Common/Tex/Emblem/01/Tex_Emblem_01_0022_Flag.Tex_Emblem_01_0022_Flag',
27,10023,送受信,OutLine,False,True,Texture2D'/Game/GUI/Common/Tex/Emblem/01/Tex_Emblem_01_0023.Tex_Emblem_01_0023',Texture2D'/Game/GUI/Common/Tex/Emblem/01/Tex_Emblem_01_0023_Flag.Tex_Emblem_01_0023_Flag',
28,10024,イコライザーフレーム,OutLine,False,True,Texture2D'/Game/GUI/Common/Tex/Emblem/01/Tex_Emblem_01_0024.Tex_Emblem_01_0024',Texture2D'/Game/GUI/Common/Tex/Emblem/01/Tex_Emblem_01_0024_Flag.Tex_Emblem_01_0024_Flag',
29,10025,チェーンフレーム,OutLine,False,True,Texture2D'/Game/GUI/Common/Tex/Emblem/01/Tex_Emblem_01_0025.Tex_Emblem_01_0025',Texture2D'/Game/GUI/Common/Tex/Emblem/01/Tex_Emblem_01_0025_Flag.Tex_Emblem_01_0025_Flag',
30,10026,ピアノフレーム,OutLine,False,True,Texture2D'/Game/GUI/Common/Tex/Emblem/01/Tex_Emblem_01_0026.Tex_Emblem_01_0026',Texture2D'/Game/GUI/Common/Tex/Emblem/01/Tex_Emblem_01_0026_Flag.Tex_Emblem_01_0026_Flag',
31,10027,ラブフレーム,OutLine,False,True,Texture2D'/Game/GUI/Common/Tex/Emblem/01/Tex_Emblem_01_0027.Tex_Emblem_01_0027',Texture2D'/Game/GUI/Common/Tex/Emblem/01/Tex_Emblem_01_0027_Flag.Tex_Emblem_01_0027_Flag',
32,10028,スターフレーム,OutLine,False,True,Texture2D'/Game/GUI/Common/Tex/Emblem/01/Tex_Emblem_01_0028.Tex_Emblem_01_0028',Texture2D'/Game/GUI/Common/Tex/Emblem/01/Tex_Emblem_01_0028_Flag.Tex_Emblem_01_0028_Flag',
33,10029,スタードロップフレーム,OutLine,False,True,Texture2D'/Game/GUI/Common/Tex/Emblem/01/Tex_Emblem_01_0029.Tex_Emblem_01_0029',Texture2D'/Game/GUI/Common/Tex/Emblem/01/Tex_Emblem_01_0029_Flag.Tex_Emblem_01_0029_Flag',
34,10030,フラワーフレーム,OutLine,False,True,Texture2D'/Game/GUI/Common/Tex/Emblem/01/Tex_Emblem_01_0030.Tex_Emblem_01_0030',Texture2D'/Game/GUI/Common/Tex/Emblem/01/Tex_Emblem_01_0030_Flag.Tex_Emblem_01_0030_Flag',
35,10031,クラウドフレーム,OutLine,False,True,Texture2D'/Game/GUI/Common/Tex/Emblem/01/Tex_Emblem_01_0031.Tex_Emblem_01_0031',Texture2D'/Game/GUI/Common/Tex/Emblem/01/Tex_Emblem_01_0031_Flag.Tex_Emblem_01_0031_Flag',
36,20001,アリエス,Main,False,True,Texture2D'/Game/GUI/Common/Tex/Emblem/02/Tex_Emblem_02_0001.Tex_Emblem_02_0001',Texture2D'/Game/GUI/Common/Tex/Emblem/02/Tex_Emblem_02_0001_Flag.Tex_Emblem_02_0001_Flag',
37,20002,タウラス,Main,False,True,Texture2D'/Game/GUI/Common/Tex/Emblem/02/Tex_Emblem_02_0002.Tex_Emblem_02_0002',Texture2D'/Game/GUI/Common/Tex/Emblem/02/Tex_Emblem_02_0002_Flag.Tex_Emblem_02_0002_Flag',
38,20003,ジェミニ,Main,False,True,Texture2D'/Game/GUI/Common/Tex/Emblem/02/Tex_Emblem_02_0003.Tex_Emblem_02_0003',Texture2D'/Game/GUI/Common/Tex/Emblem/02/Tex_Emblem_02_0003_Flag.Tex_Emblem_02_0003_Flag',
39,20004,キャンサー,Main,False,True,Texture2D'/Game/GUI/Common/Tex/Emblem/02/Tex_Emblem_02_0004.Tex_Emblem_02_0004',Texture2D'/Game/GUI/Common/Tex/Emblem/02/Tex_Emblem_02_0004_Flag.Tex_Emblem_02_0004_Flag',
40,20005,レオ,Main,False,True,Texture2D'/Game/GUI/Common/Tex/Emblem/02/Tex_Emblem_02_0005.Tex_Emblem_02_0005',Texture2D'/Game/GUI/Common/Tex/Emblem/02/Tex_Emblem_02_0005_Flag.Tex_Emblem_02_0005_Flag',
41,20006,ヴァルゴ,Main,False,True,Texture2D'/Game/GUI/Common/Tex/Emblem/02/Tex_Emblem_02_0006.Tex_Emblem_02_0006',Texture2D'/Game/GUI/Common/Tex/Emblem/02/Tex_Emblem_02_0006_Flag.Tex_Emblem_02_0006_Flag',
42,20007,リーブラ,Main,False,True,Texture2D'/Game/GUI/Common/Tex/Emblem/02/Tex_Emblem_02_0007.Tex_Emblem_02_0007',Texture2D'/Game/GUI/Common/Tex/Emblem/02/Tex_Emblem_02_0007_Flag.Tex_Emblem_02_0007_Flag',
43,20008,スコルピオ,Main,False,True,Texture2D'/Game/GUI/Common/Tex/Emblem/02/Tex_Emblem_02_0008.Tex_Emblem_02_0008',Texture2D'/Game/GUI/Common/Tex/Emblem/02/Tex_Emblem_02_0008_Flag.Tex_Emblem_02_0008_Flag',
44,20009,サジタリウス,Main,False,True,Texture2D'/Game/GUI/Common/Tex/Emblem/02/Tex_Emblem_02_0009.Tex_Emblem_02_0009',Texture2D'/Game/GUI/Common/Tex/Emblem/02/Tex_Emblem_02_0009_Flag.Tex_Emblem_02_0009_Flag',
45,20010,カプリコーン,Main,False,True,Texture2D'/Game/GUI/Common/Tex/Emblem/02/Tex_Emblem_02_0010.Tex_Emblem_02_0010',Texture2D'/Game/GUI/Common/Tex/Emblem/02/Tex_Emblem_02_0010_Flag.Tex_Emblem_02_0010_Flag',
46,20011,アクエリアス,Main,False,True,Texture2D'/Game/GUI/Common/Tex/Emblem/02/Tex_Emblem_02_0011.Tex_Emblem_02_0011',Texture2D'/Game/GUI/Common/Tex/Emblem/02/Tex_Emblem_02_0011_Flag.Tex_Emblem_02_0011_Flag',
47,20012,ピスケス,Main,False,True,Texture2D'/Game/GUI/Common/Tex/Emblem/02/Tex_Emblem_02_0012.Tex_Emblem_02_0012',Texture2D'/Game/GUI/Common/Tex/Emblem/02/Tex_Emblem_02_0012_Flag.Tex_Emblem_02_0012_Flag',
48,20013,1,Main,False,True,Texture2D'/Game/GUI/Common/Tex/Emblem/02/Tex_Emblem_02_0013.Tex_Emblem_02_0013',Texture2D'/Game/GUI/Common/Tex/Emblem/02/Tex_Emblem_02_0013_Flag.Tex_Emblem_02_0013_Flag',
49,20014,2,Main,False,True,Texture2D'/Game/GUI/Common/Tex/Emblem/02/Tex_Emblem_02_0014.Tex_Emblem_02_0014',Texture2D'/Game/GUI/Common/Tex/Emblem/02/Tex_Emblem_02_0014_Flag.Tex_Emblem_02_0014_Flag',
50,20015,3,Main,False,True,Texture2D'/Game/GUI/Common/Tex/Emblem/02/Tex_Emblem_02_0015.Tex_Emblem_02_0015',Texture2D'/Game/GUI/Common/Tex/Emblem/02/Tex_Emblem_02_0015_Flag.Tex_Emblem_02_0015_Flag',
51,20016,4,Main,False,True,Texture2D'/Game/GUI/Common/Tex/Emblem/02/Tex_Emblem_02_0016.Tex_Emblem_02_0016',Texture2D'/Game/GUI/Common/Tex/Emblem/02/Tex_Emblem_02_0016_Flag.Tex_Emblem_02_0016_Flag',
52,20017,5,Main,False,True,Texture2D'/Game/GUI/Common/Tex/Emblem/02/Tex_Emblem_02_0017.Tex_Emblem_02_0017',Texture2D'/Game/GUI/Common/Tex/Emblem/02/Tex_Emblem_02_0017_Flag.Tex_Emblem_02_0017_Flag',
53,20018,6,Main,False,True,Texture2D'/Game/GUI/Common/Tex/Emblem/02/Tex_Emblem_02_0018.Tex_Emblem_02_0018',Texture2D'/Game/GUI/Common/Tex/Emblem/02/Tex_Emblem_02_0018_Flag.Tex_Emblem_02_0018_Flag',
54,20019,7,Main,False,True,Texture2D'/Game/GUI/Common/Tex/Emblem/02/Tex_Emblem_02_0019.Tex_Emblem_02_0019',Texture2D'/Game/GUI/Common/Tex/Emblem/02/Tex_Emblem_02_0019_Flag.Tex_Emblem_02_0019_Flag',
55,20020,8,Main,False,True,Texture2D'/Game/GUI/Common/Tex/Emblem/02/Tex_Emblem_02_0020.Tex_Emblem_02_0020',Texture2D'/Game/GUI/Common/Tex/Emblem/02/Tex_Emblem_02_0020_Flag.Tex_Emblem_02_0020_Flag',
56,20021,9,Main,False,True,Texture2D'/Game/GUI/Common/Tex/Emblem/02/Tex_Emblem_02_0021.Tex_Emblem_02_0021',Texture2D'/Game/GUI/Common/Tex/Emblem/02/Tex_Emblem_02_0021_Flag.Tex_Emblem_02_0021_Flag',
57,20022,10,Main,False,True,Texture2D'/Game/GUI/Common/Tex/Emblem/02/Tex_Emblem_02_0022.Tex_Emblem_02_0022',Texture2D'/Game/GUI/Common/Tex/Emblem/02/Tex_Emblem_02_0022_Flag.Tex_Emblem_02_0022_Flag',
58,20023,ルーンｘ,Main,False,True,Texture2D'/Game/GUI/Common/Tex/Emblem/02/Tex_Emblem_02_0023.Tex_Emblem_02_0023',Texture2D'/Game/GUI/Common/Tex/Emblem/02/Tex_Emblem_02_0023_Flag.Tex_Emblem_02_0023_Flag',
59,20024,ルーンｐ,Main,False,True,Texture2D'/Game/GUI/Common/Tex/Emblem/02/Tex_Emblem_02_0024.Tex_Emblem_02_0024',Texture2D'/Game/GUI/Common/Tex/Emblem/02/Tex_Emblem_02_0024_Flag.Tex_Emblem_02_0024_Flag',
60,20025,ルーンｊ,Main,False,True,Texture2D'/Game/GUI/Common/Tex/Emblem/02/Tex_Emblem_02_0025.Tex_Emblem_02_0025',Texture2D'/Game/GUI/Common/Tex/Emblem/02/Tex_Emblem_02_0025_Flag.Tex_Emblem_02_0025_Flag',
61,20026,ルーンｄ,Main,False,True,Texture2D'/Game/GUI/Common/Tex/Emblem/02/Tex_Emblem_02_0026.Tex_Emblem_02_0026',Texture2D'/Game/GUI/Common/Tex/Emblem/02/Tex_Emblem_02_0026_Flag.Tex_Emblem_02_0026_Flag',
62,20027,ドラゴン,Main,False,True,Texture2D'/Game/GUI/Common/Tex/Emblem/02/Tex_Emblem_02_0027.Tex_Emblem_02_0027',Texture2D'/Game/GUI/Common/Tex/Emblem/02/Tex_Emblem_02_0027_Flag.Tex_Emblem_02_0027_Flag',
63,20028,ドラゴンヘッド,Main,False,True,Texture2D'/Game/GUI/Common/Tex/Emblem/02/Tex_Emblem_02_0028.Tex_Emblem_02_0028',Texture2D'/Game/GUI/Common/Tex/Emblem/02/Tex_Emblem_02_0028_Flag.Tex_Emblem_02_0028_Flag',
64,20029,ユニコーンヘッド,Main,False,True,Texture2D'/Game/GUI/Common/Tex/Emblem/02/Tex_Emblem_02_0029.Tex_Emblem_02_0029',Texture2D'/Game/GUI/Common/Tex/Emblem/02/Tex_Emblem_02_0029_Flag.Tex_Emblem_02_0029_Flag',
65,20030,ポップユニコーン,Main,False,True,Texture2D'/Game/GUI/Common/Tex/Emblem/02/Tex_Emblem_02_0030.Tex_Emblem_02_0030',Texture2D'/Game/GUI/Common/Tex/Emblem/02/Tex_Emblem_02_0030_Flag.Tex_Emblem_02_0030_Flag',
66,20031,フェニックス,Main,False,True,Texture2D'/Game/GUI/Common/Tex/Emblem/02/Tex_Emblem_02_0031.Tex_Emblem_02_0031',Texture2D'/Game/GUI/Common/Tex/Emblem/02/Tex_Emblem_02_0031_Flag.Tex_Emblem_02_0031_Flag',
67,20032,イーグル,Main,False,True,Texture2D'/Game/GUI/Common/Tex/Emblem/02/Tex_Emblem_02_0032.Tex_Emblem_02_0032',Texture2D'/Game/GUI/Common/Tex/Emblem/02/Tex_Emblem_02_0032_Flag.Tex_Emblem_02_0032_Flag',
68,20033,ピジョン,Main,False,True,Texture2D'/Game/GUI/Common/Tex/Emblem/02/Tex_Emblem_02_0033.Tex_Emblem_02_0033',Texture2D'/Game/GUI/Common/Tex/Emblem/02/Tex_Emblem_02_0033_Flag.Tex_Emblem_02_0033_Flag',
69,20034,オウル,Main,False,True,Texture2D'/Game/GUI/Common/Tex/Emblem/02/Tex_Emblem_02_0034.Tex_Emblem_02_0034',Texture2D'/Game/GUI/Common/Tex/Emblem/02/Tex_Emblem_02_0034_Flag.Tex_Emblem_02_0034_Flag',
70,20035,バタフライ,Main,False,True,Texture2D'/Game/GUI/Common/Tex/Emblem/02/Tex_Emblem_02_0035.Tex_Emblem_02_0035',Texture2D'/Game/GUI/Common/Tex/Emblem/02/Tex_Emblem_02_0035_Flag.Tex_Emblem_02_0035_Flag',
71,20036,スコーピオン,Main,False,True,Texture2D'/Game/GUI/Common/Tex/Emblem/02/Tex_Emblem_02_0036.Tex_Emblem_02_0036',Texture2D'/Game/GUI/Common/Tex/Emblem/02/Tex_Emblem_02_0036_Flag.Tex_Emblem_02_0036_Flag',
72,20037,ビー,Main,False,True,Texture2D'/Game/GUI/Common/Tex/Emblem/02/Tex_Emblem_02_0037.Tex_Emblem_02_0037',Texture2D'/Game/GUI/Common/Tex/Emblem/02/Tex_Emblem_02_0037_Flag.Tex_Emblem_02_0037_Flag',
73,20038,スネークヘッド,Main,False,True,Texture2D'/Game/GUI/Common/Tex/Emblem/02/Tex_Emblem_02_0038.Tex_Emblem_02_0038',Texture2D'/Game/GUI/Common/Tex/Emblem/02/Tex_Emblem_02_0038_Flag.Tex_Emblem_02_0038_Flag',
74,20039,ライオンヘッド,Main,False,True,Texture2D'/Game/GUI/Common/Tex/Emblem/02/Tex_Emblem_02_0039.Tex_Emblem_02_0039',Texture2D'/Game/GUI/Common/Tex/Emblem/02/Tex_Emblem_02_0039_Flag.Tex_Emblem_02_0039_Flag',
75,20040,シャーク,Main,False,True,Texture2D'/Game/GUI/Common/Tex/Emblem/02/Tex_Emblem_02_0040.Tex_Emblem_02_0040',Texture2D'/Game/GUI/Common/Tex/Emblem/02/Tex_Emblem_02_0040_Flag.Tex_Emblem_02_0040_Flag',
76,20041,ナインテイル,Main,False,True,Texture2D'/Game/GUI/Common/Tex/Emblem/02/Tex_Emblem_02_0041.Tex_Emblem_02_0041',Texture2D'/Game/GUI/Common/Tex/Emblem/02/Tex_Emblem_02_0041_Flag.Tex_Emblem_02_0041_Flag',
77,20042,オシャレ猫,Main,False,True,Texture2D'/Game/GUI/Common/Tex/Emblem/02/Tex_Emblem_02_0042.Tex_Emblem_02_0042',Texture2D'/Game/GUI/Common/Tex/Emblem/02/Tex_Emblem_02_0042_Flag.Tex_Emblem_02_0042_Flag',
78,20043,オシャレ犬,Main,False,True,Texture2D'/Game/GUI/Common/Tex/Emblem/02/Tex_Emblem_02_0043.Tex_Emblem_02_0043',Texture2D'/Game/GUI/Common/Tex/Emblem/02/Tex_Emblem_02_0043_Flag.Tex_Emblem_02_0043_Flag',
79,20044,おすわり猫,Main,False,True,Texture2D'/Game/GUI/Common/Tex/Emblem/02/Tex_Emblem_02_0044.Tex_Emblem_02_0044',Texture2D'/Game/GUI/Common/Tex/Emblem/02/Tex_Emblem_02_0044_Flag.Tex_Emblem_02_0044_Flag',
80,20045,うさぎ,Main,False,True,Texture2D'/Game/GUI/Common/Tex/Emblem/02/Tex_Emblem_02_0045.Tex_Emblem_02_0045',Texture2D'/Game/GUI/Common/Tex/Emblem/02/Tex_Emblem_02_0045_Flag.Tex_Emblem_02_0045_Flag',
81,20046,猫,Main,False,True,Texture2D'/Game/GUI/Common/Tex/Emblem/02/Tex_Emblem_02_0046.Tex_Emblem_02_0046',Texture2D'/Game/GUI/Common/Tex/Emblem/02/Tex_Emblem_02_0046_Flag.Tex_Emblem_02_0046_Flag',
82,20047,フライングひよこ,Main,False,True,Texture2D'/Game/GUI/Common/Tex/Emblem/02/Tex_Emblem_02_0047.Tex_Emblem_02_0047',Texture2D'/Game/GUI/Common/Tex/Emblem/02/Tex_Emblem_02_0047_Flag.Tex_Emblem_02_0047_Flag',
83,20048,狐メン,Main,False,True,Texture2D'/Game/GUI/Common/Tex/Emblem/02/Tex_Emblem_02_0048.Tex_Emblem_02_0048',Texture2D'/Game/GUI/Common/Tex/Emblem/02/Tex_Emblem_02_0048_Flag.Tex_Emblem_02_0048_Flag',
84,20049,月うさぎ,Main,False,True,Texture2D'/Game/GUI/Common/Tex/Emblem/02/Tex_Emblem_02_0049.Tex_Emblem_02_0049',Texture2D'/Game/GUI/Common/Tex/Emblem/02/Tex_Emblem_02_0049_Flag.Tex_Emblem_02_0049_Flag',
85,20050,ドルフィン,Main,False,True,Texture2D'/Game/GUI/Common/Tex/Emblem/02/Tex_Emblem_02_0050.Tex_Emblem_02_0050',Texture2D'/Game/GUI/Common/Tex/Emblem/02/Tex_Emblem_02_0050_Flag.Tex_Emblem_02_0050_Flag',
86,20051,バードゲージ,Main,False,True,Texture2D'/Game/GUI/Common/Tex/Emblem/02/Tex_Emblem_02_0051.Tex_Emblem_02_0051',Texture2D'/Game/GUI/Common/Tex/Emblem/02/Tex_Emblem_02_0051_Flag.Tex_Emblem_02_0051_Flag',
87,20052,クジャク,Main,False,True,Texture2D'/Game/GUI/Common/Tex/Emblem/02/Tex_Emblem_02_0052.Tex_Emblem_02_0052',Texture2D'/Game/GUI/Common/Tex/Emblem/02/Tex_Emblem_02_0052_Flag.Tex_Emblem_02_0052_Flag',
88,20053,フィーバー,Main,False,True,Texture2D'/Game/GUI/Common/Tex/Emblem/02/Tex_Emblem_02_0053.Tex_Emblem_02_0053',Texture2D'/Game/GUI/Common/Tex/Emblem/02/Tex_Emblem_02_0053_Flag.Tex_Emblem_02_0053_Flag',
89,20054,鳳凰の構え,Main,False,True,Texture2D'/Game/GUI/Common/Tex/Emblem/02/Tex_Emblem_02_0054.Tex_Emblem_02_0054',Texture2D'/Game/GUI/Common/Tex/Emblem/02/Tex_Emblem_02_0054_Flag.Tex_Emblem_02_0054_Flag',
90,20055,シップ,Main,False,True,Texture2D'/Game/GUI/Common/Tex/Emblem/02/Tex_Emblem_02_0055.Tex_Emblem_02_0055',Texture2D'/Game/GUI/Common/Tex/Emblem/02/Tex_Emblem_02_0055_Flag.Tex_Emblem_02_0055_Flag',
91,20056,ハート,Main,False,True,Texture2D'/Game/GUI/Common/Tex/Emblem/02/Tex_Emblem_02_0056.Tex_Emblem_02_0056',Texture2D'/Game/GUI/Common/Tex/Emblem/02/Tex_Emblem_02_0056_Flag.Tex_Emblem_02_0056_Flag',
92,20057,スペード,Main,False,True,Texture2D'/Game/GUI/Common/Tex/Emblem/02/Tex_Emblem_02_0057.Tex_Emblem_02_0057',Texture2D'/Game/GUI/Common/Tex/Emblem/02/Tex_Emblem_02_0057_Flag.Tex_Emblem_02_0057_Flag',
93,20058,クラブ,Main,False,True,Texture2D'/Game/GUI/Common/Tex/Emblem/02/Tex_Emblem_02_0058.Tex_Emblem_02_0058',Texture2D'/Game/GUI/Common/Tex/Emblem/02/Tex_Emblem_02_0058_Flag.Tex_Emblem_02_0058_Flag',
94,20059,ダイヤ,Main,False,True,Texture2D'/Game/GUI/Common/Tex/Emblem/02/Tex_Emblem_02_0059.Tex_Emblem_02_0059',Texture2D'/Game/GUI/Common/Tex/Emblem/02/Tex_Emblem_02_0059_Flag.Tex_Emblem_02_0059_Flag',
95,20060,アイスクリスタル,Main,False,True,Texture2D'/Game/GUI/Common/Tex/Emblem/02/Tex_Emblem_02_0060.Tex_Emblem_02_0060',Texture2D'/Game/GUI/Common/Tex/Emblem/02/Tex_Emblem_02_0060_Flag.Tex_Emblem_02_0060_Flag',
96,20061,ギア,Main,False,True,Texture2D'/Game/GUI/Common/Tex/Emblem/02/Tex_Emblem_02_0061.Tex_Emblem_02_0061',Texture2D'/Game/GUI/Common/Tex/Emblem/02/Tex_Emblem_02_0061_Flag.Tex_Emblem_02_0061_Flag',
97,20062,スズランハート,Main,False,True,Texture2D'/Game/GUI/Common/Tex/Emblem/02/Tex_Emblem_02_0062.Tex_Emblem_02_0062',Texture2D'/Game/GUI/Common/Tex/Emblem/02/Tex_Emblem_02_0062_Flag.Tex_Emblem_02_0062_Flag',
98,20063,リーフハート,Main,False,True,Texture2D'/Game/GUI/Common/Tex/Emblem/02/Tex_Emblem_02_0063.Tex_Emblem_02_0063',Texture2D'/Game/GUI/Common/Tex/Emblem/02/Tex_Emblem_02_0063_Flag.Tex_Emblem_02_0063_Flag',
99,20064,フローズン,Main,False,True,Texture2D'/Game/GUI/Common/Tex/Emblem/02/Tex_Emblem_02_0064.Tex_Emblem_02_0064',Texture2D'/Game/GUI/Common/Tex/Emblem/02/Tex_Emblem_02_0064_Flag.Tex_Emblem_02_0064_Flag',
100,20065,ハートフル,Main,False,True,Texture2D'/Game/GUI/Common/Tex/Emblem/02/Tex_Emblem_02_0065.Tex_Emblem_02_0065',Texture2D'/Game/GUI/Common/Tex/Emblem/02/Tex_Emblem_02_0065_Flag.Tex_Emblem_02_0065_Flag',
101,20066,蓮,Main,False,True,Texture2D'/Game/GUI/Common/Tex/Emblem/02/Tex_Emblem_02_0066.Tex_Emblem_02_0066',Texture2D'/Game/GUI/Common/Tex/Emblem/02/Tex_Emblem_02_0066_Flag.Tex_Emblem_02_0066_Flag',
102,20067,ローズ,Main,False,True,Texture2D'/Game/GUI/Common/Tex/Emblem/02/Tex_Emblem_02_0067.Tex_Emblem_02_0067',Texture2D'/Game/GUI/Common/Tex/Emblem/02/Tex_Emblem_02_0067_Flag.Tex_Emblem_02_0067_Flag',
103,20068,フラワーマーク,Main,False,True,Texture2D'/Game/GUI/Common/Tex/Emblem/02/Tex_Emblem_02_0068.Tex_Emblem_02_0068',Texture2D'/Game/GUI/Common/Tex/Emblem/02/Tex_Emblem_02_0068_Flag.Tex_Emblem_02_0068_Flag',
104,20069,バンブーリーフ,Main,False,True,Texture2D'/Game/GUI/Common/Tex/Emblem/02/Tex_Emblem_02_0069.Tex_Emblem_02_0069',Texture2D'/Game/GUI/Common/Tex/Emblem/02/Tex_Emblem_02_0069_Flag.Tex_Emblem_02_0069_Flag',
105,20070,クローバーリーフ,Main,False,True,Texture2D'/Game/GUI/Common/Tex/Emblem/02/Tex_Emblem_02_0070.Tex_Emblem_02_0070',Texture2D'/Game/GUI/Common/Tex/Emblem/02/Tex_Emblem_02_0070_Flag.Tex_Emblem_02_0070_Flag',
106,20071,オールドヘルム,Main,False,True,Texture2D'/Game/GUI/Common/Tex/Emblem/02/Tex_Emblem_02_0071.Tex_Emblem_02_0071',Texture2D'/Game/GUI/Common/Tex/Emblem/02/Tex_Emblem_02_0071_Flag.Tex_Emblem_02_0071_Flag',
107,20072,フルールトリス,Main,False,True,Texture2D'/Game/GUI/Common/Tex/Emblem/02/Tex_Emblem_02_0072.Tex_Emblem_02_0072',Texture2D'/Game/GUI/Common/Tex/Emblem/02/Tex_Emblem_02_0072_Flag.Tex_Emblem_02_0072_Flag',
108,20073,トランプ,Main,False,True,Texture2D'/Game/GUI/Common/Tex/Emblem/02/Tex_Emblem_02_0073.Tex_Emblem_02_0073',Texture2D'/Game/GUI/Common/Tex/Emblem/02/Tex_Emblem_02_0073_Flag.Tex_Emblem_02_0073_Flag',
109,20074,メイドウェア,Main,False,True,Texture2D'/Game/GUI/Common/Tex/Emblem/02/Tex_Emblem_02_0074.Tex_Emblem_02_0074',Texture2D'/Game/GUI/Common/Tex/Emblem/02/Tex_Emblem_02_0074_Flag.Tex_Emblem_02_0074_Flag',
110,20075,素敵ブローチ,Main,False,True,Texture2D'/Game/GUI/Common/Tex/Emblem/02/Tex_Emblem_02_0075.Tex_Emblem_02_0075',Texture2D'/Game/GUI/Common/Tex/Emblem/02/Tex_Emblem_02_0075_Flag.Tex_Emblem_02_0075_Flag',
111,20076,ザ・マスク,Main,False,True,Texture2D'/Game/GUI/Common/Tex/Emblem/02/Tex_Emblem_02_0076.Tex_Emblem_02_0076',Texture2D'/Game/GUI/Common/Tex/Emblem/02/Tex_Emblem_02_0076_Flag.Tex_Emblem_02_0076_Flag',
112,20077,リボン,Main,False,True,Texture2D'/Game/GUI/Common/Tex/Emblem/02/Tex_Emblem_02_0077.Tex_Emblem_02_0077',Texture2D'/Game/GUI/Common/Tex/Emblem/02/Tex_Emblem_02_0077_Flag.Tex_Emblem_02_0077_Flag',
113,20078,ハートキー,Main,False,True,Texture2D'/Game/GUI/Common/Tex/Emblem/02/Tex_Emblem_02_0078.Tex_Emblem_02_0078',Texture2D'/Game/GUI/Common/Tex/Emblem/02/Tex_Emblem_02_0078_Flag.Tex_Emblem_02_0078_Flag',
114,20079,ツインベル,Main,False,True,Texture2D'/Game/GUI/Common/Tex/Emblem/02/Tex_Emblem_02_0079.Tex_Emblem_02_0079',Texture2D'/Game/GUI/Common/Tex/Emblem/02/Tex_Emblem_02_0079_Flag.Tex_Emblem_02_0079_Flag',
115,20080,フォーリンラブ,Main,False,True,Texture2D'/Game/GUI/Common/Tex/Emblem/02/Tex_Emblem_02_0080.Tex_Emblem_02_0080',Texture2D'/Game/GUI/Common/Tex/Emblem/02/Tex_Emblem_02_0080_Flag.Tex_Emblem_02_0080_Flag',
116,20081,セーラーウェア,Main,False,True,Texture2D'/Game/GUI/Common/Tex/Emblem/02/Tex_Emblem_02_0081.Tex_Emblem_02_0081',Texture2D'/Game/GUI/Common/Tex/Emblem/02/Tex_Emblem_02_0081_Flag.Tex_Emblem_02_0081_Flag',
117,20082,フライングハート,Main,False,True,Texture2D'/Game/GUI/Common/Tex/Emblem/02/Tex_Emblem_02_0082.Tex_Emblem_02_0082',Texture2D'/Game/GUI/Common/Tex/Emblem/02/Tex_Emblem_02_0082_Flag.Tex_Emblem_02_0082_Flag',
118,20083,シャープソウル,Main,False,True,Texture2D'/Game/GUI/Common/Tex/Emblem/02/Tex_Emblem_02_0083.Tex_Emblem_02_0083',Texture2D'/Game/GUI/Common/Tex/Emblem/02/Tex_Emblem_02_0083_Flag.Tex_Emblem_02_0083_Flag',
119,20084,シェイプウォーター,Main,False,True,Texture2D'/Game/GUI/Common/Tex/Emblem/02/Tex_Emblem_02_0084.Tex_Emblem_02_0084',Texture2D'/Game/GUI/Common/Tex/Emblem/02/Tex_Emblem_02_0084_Flag.Tex_Emblem_02_0084_Flag',
120,20085,スピードウイングA,Main,False,True,Texture2D'/Game/GUI/Common/Tex/Emblem/02/Tex_Emblem_02_0085.Tex_Emblem_02_0085',Texture2D'/Game/GUI/Common/Tex/Emblem/02/Tex_Emblem_02_0085_Flag.Tex_Emblem_02_0085_Flag',
121,20086,スピードウイングB,Main,False,True,Texture2D'/Game/GUI/Common/Tex/Emblem/02/Tex_Emblem_02_0086.Tex_Emblem_02_0086',Texture2D'/Game/GUI/Common/Tex/Emblem/02/Tex_Emblem_02_0086_Flag.Tex_Emblem_02_0086_Flag',
122,20087,フライングスター,Main,False,True,Texture2D'/Game/GUI/Common/Tex/Emblem/02/Tex_Emblem_02_0087.Tex_Emblem_02_0087',Texture2D'/Game/GUI/Common/Tex/Emblem/02/Tex_Emblem_02_0087_Flag.Tex_Emblem_02_0087_Flag',
123,20088,ガンスクウェア,Main,False,True,Texture2D'/Game/GUI/Common/Tex/Emblem/02/Tex_Emblem_02_0088.Tex_Emblem_02_0088',Texture2D'/Game/GUI/Common/Tex/Emblem/02/Tex_Emblem_02_0088_Flag.Tex_Emblem_02_0088_Flag',
124,20089,トーン,Main,False,True,Texture2D'/Game/GUI/Common/Tex/Emblem/02/Tex_Emblem_02_0089.Tex_Emblem_02_0089',Texture2D'/Game/GUI/Common/Tex/Emblem/02/Tex_Emblem_02_0089_Flag.Tex_Emblem_02_0089_Flag',
125,20090,スピナ－,Main,True,True,Texture2D'/Game/GUI/Common/Tex/Emblem/02/Tex_Emblem_02_0090.Tex_Emblem_02_0090',Texture2D'/Game/GUI/Common/Tex/Emblem/02/Tex_Emblem_02_0090_Flag.Tex_Emblem_02_0090_Flag',
126,20091,初心者マーク,Main,True,False,Texture2D'/Game/GUI/Common/Tex/Emblem/02/Tex_Emblem_02_0091.Tex_Emblem_02_0091',Texture2D'/Game/GUI/Common/Tex/Emblem/02/Tex_Emblem_02_0091_Flag.Tex_Emblem_02_0091_Flag',
127,20092,鏡餅,Main,False,True,Texture2D'/Game/GUI/Common/Tex/Emblem/02/Tex_Emblem_02_0092.Tex_Emblem_02_0092',Texture2D'/Game/GUI/Common/Tex/Emblem/02/Tex_Emblem_02_0092_Flag.Tex_Emblem_02_0092_Flag',
128,20093,羽子板,Main,False,True,Texture2D'/Game/GUI/Common/Tex/Emblem/02/Tex_Emblem_02_0093.Tex_Emblem_02_0093',Texture2D'/Game/GUI/Common/Tex/Emblem/02/Tex_Emblem_02_0093_Flag.Tex_Emblem_02_0093_Flag',
129,20094,門松,Main,False,True,Texture2D'/Game/GUI/Common/Tex/Emblem/02/Tex_Emblem_02_0094.Tex_Emblem_02_0094',Texture2D'/Game/GUI/Common/Tex/Emblem/02/Tex_Emblem_02_0094_Flag.Tex_Emblem_02_0094_Flag',
130,20095,豆まき,Main,False,True,Texture2D'/Game/GUI/Common/Tex/Emblem/02/Tex_Emblem_02_0095.Tex_Emblem_02_0095',Texture2D'/Game/GUI/Common/Tex/Emblem/02/Tex_Emblem_02_0095_Flag.Tex_Emblem_02_0095_Flag',
131,20096,恵方巻き,Main,False,True,Texture2D'/Game/GUI/Common/Tex/Emblem/02/Tex_Emblem_02_0096.Tex_Emblem_02_0096',Texture2D'/Game/GUI/Common/Tex/Emblem/02/Tex_Emblem_02_0096_Flag.Tex_Emblem_02_0096_Flag',
132,20097,チョコ,Main,False,True,Texture2D'/Game/GUI/Common/Tex/Emblem/02/Tex_Emblem_02_0097.Tex_Emblem_02_0097',Texture2D'/Game/GUI/Common/Tex/Emblem/02/Tex_Emblem_02_0097_Flag.Tex_Emblem_02_0097_Flag',
133,20098,プレゼント,Main,False,True,Texture2D'/Game/GUI/Common/Tex/Emblem/02/Tex_Emblem_02_0098.Tex_Emblem_02_0098',Texture2D'/Game/GUI/Common/Tex/Emblem/02/Tex_Emblem_02_0098_Flag.Tex_Emblem_02_0098_Flag',
134,20099,お雛様,Main,False,True,Texture2D'/Game/GUI/Common/Tex/Emblem/02/Tex_Emblem_02_0099.Tex_Emblem_02_0099',Texture2D'/Game/GUI/Common/Tex/Emblem/02/Tex_Emblem_02_0099_Flag.Tex_Emblem_02_0099_Flag',
135,20100,ひな祭り,Main,False,True,Texture2D'/Game/GUI/Common/Tex/Emblem/02/Tex_Emblem_02_0100.Tex_Emblem_02_0100',Texture2D'/Game/GUI/Common/Tex/Emblem/02/Tex_Emblem_02_0100_Flag.Tex_Emblem_02_0100_Flag',
136,20101,桜,Main,False,True,Texture2D'/Game/GUI/Common/Tex/Emblem/02/Tex_Emblem_02_0101.Tex_Emblem_02_0101',Texture2D'/Game/GUI/Common/Tex/Emblem/02/Tex_Emblem_02_0101_Flag.Tex_Emblem_02_0101_Flag',
137,20102,三色団子,Main,False,True,Texture2D'/Game/GUI/Common/Tex/Emblem/02/Tex_Emblem_02_0102.Tex_Emblem_02_0102',Texture2D'/Game/GUI/Common/Tex/Emblem/02/Tex_Emblem_02_0102_Flag.Tex_Emblem_02_0102_Flag',
138,20103,鯉のぼり,Main,False,True,Texture2D'/Game/GUI/Common/Tex/Emblem/02/Tex_Emblem_02_0103.Tex_Emblem_02_0103',Texture2D'/Game/GUI/Common/Tex/Emblem/02/Tex_Emblem_02_0103_Flag.Tex_Emblem_02_0103_Flag',
139,20104,カブト,Main,False,True,Texture2D'/Game/GUI/Common/Tex/Emblem/02/Tex_Emblem_02_0104.Tex_Emblem_02_0104',Texture2D'/Game/GUI/Common/Tex/Emblem/02/Tex_Emblem_02_0104_Flag.Tex_Emblem_02_0104_Flag',
140,20105,柏餅,Main,False,True,Texture2D'/Game/GUI/Common/Tex/Emblem/02/Tex_Emblem_02_0105.Tex_Emblem_02_0105',Texture2D'/Game/GUI/Common/Tex/Emblem/02/Tex_Emblem_02_0105_Flag.Tex_Emblem_02_0105_Flag',
141,20106,カタツムリ,Main,False,True,Texture2D'/Game/GUI/Common/Tex/Emblem/02/Tex_Emblem_02_0106.Tex_Emblem_02_0106',Texture2D'/Game/GUI/Common/Tex/Emblem/02/Tex_Emblem_02_0106_Flag.Tex_Emblem_02_0106_Flag',
142,20107,てるてるぼうず,Main,False,True,Texture2D'/Game/GUI/Common/Tex/Emblem/02/Tex_Emblem_02_0107.Tex_Emblem_02_0107',Texture2D'/Game/GUI/Common/Tex/Emblem/02/Tex_Emblem_02_0107_Flag.Tex_Emblem_02_0107_Flag',
143,20108,傘,Main,False,True,Texture2D'/Game/GUI/Common/Tex/Emblem/02/Tex_Emblem_02_0108.Tex_Emblem_02_0108',Texture2D'/Game/GUI/Common/Tex/Emblem/02/Tex_Emblem_02_0108_Flag.Tex_Emblem_02_0108_Flag',
144,20109,短冊,Main,False,True,Texture2D'/Game/GUI/Common/Tex/Emblem/02/Tex_Emblem_02_0109.Tex_Emblem_02_0109',Texture2D'/Game/GUI/Common/Tex/Emblem/02/Tex_Emblem_02_0109_Flag.Tex_Emblem_02_0109_Flag',
145,20110,織姫と彦星,Main,False,True,Texture2D'/Game/GUI/Common/Tex/Emblem/02/Tex_Emblem_02_0110.Tex_Emblem_02_0110',Texture2D'/Game/GUI/Common/Tex/Emblem/02/Tex_Emblem_02_0110_Flag.Tex_Emblem_02_0110_Flag',
146,20111,天の川,Main,False,True,Texture2D'/Game/GUI/Common/Tex/Emblem/02/Tex_Emblem_02_0111.Tex_Emblem_02_0111',Texture2D'/Game/GUI/Common/Tex/Emblem/02/Tex_Emblem_02_0111_Flag.Tex_Emblem_02_0111_Flag',
147,20112,ひまわり,Main,False,True,Texture2D'/Game/GUI/Common/Tex/Emblem/02/Tex_Emblem_02_0112.Tex_Emblem_02_0112',Texture2D'/Game/GUI/Common/Tex/Emblem/02/Tex_Emblem_02_0112_Flag.Tex_Emblem_02_0112_Flag',
148,20113,スイカ,Main,False,True,Texture2D'/Game/GUI/Common/Tex/Emblem/02/Tex_Emblem_02_0113.Tex_Emblem_02_0113',Texture2D'/Game/GUI/Common/Tex/Emblem/02/Tex_Emblem_02_0113_Flag.Tex_Emblem_02_0113_Flag',
149,20114,浮き輪とハイビスカス,Main,False,True,Texture2D'/Game/GUI/Common/Tex/Emblem/02/Tex_Emblem_02_0114.Tex_Emblem_02_0114',Texture2D'/Game/GUI/Common/Tex/Emblem/02/Tex_Emblem_02_0114_Flag.Tex_Emblem_02_0114_Flag',
150,20115,かとり豚,Main,False,True,Texture2D'/Game/GUI/Common/Tex/Emblem/02/Tex_Emblem_02_0115.Tex_Emblem_02_0115',Texture2D'/Game/GUI/Common/Tex/Emblem/02/Tex_Emblem_02_0115_Flag.Tex_Emblem_02_0115_Flag',
151,20116,かき氷,Main,False,True,Texture2D'/Game/GUI/Common/Tex/Emblem/02/Tex_Emblem_02_0116.Tex_Emblem_02_0116',Texture2D'/Game/GUI/Common/Tex/Emblem/02/Tex_Emblem_02_0116_Flag.Tex_Emblem_02_0116_Flag',
152,20117,お月見団子,Main,False,True,Texture2D'/Game/GUI/Common/Tex/Emblem/02/Tex_Emblem_02_0117.Tex_Emblem_02_0117',Texture2D'/Game/GUI/Common/Tex/Emblem/02/Tex_Emblem_02_0117_Flag.Tex_Emblem_02_0117_Flag',
153,20118,うさぎオンザムーン,Main,False,True,Texture2D'/Game/GUI/Common/Tex/Emblem/02/Tex_Emblem_02_0118.Tex_Emblem_02_0118',Texture2D'/Game/GUI/Common/Tex/Emblem/02/Tex_Emblem_02_0118_Flag.Tex_Emblem_02_0118_Flag',
154,20119,紅葉,Main,False,True,Texture2D'/Game/GUI/Common/Tex/Emblem/02/Tex_Emblem_02_0119.Tex_Emblem_02_0119',Texture2D'/Game/GUI/Common/Tex/Emblem/02/Tex_Emblem_02_0119_Flag.Tex_Emblem_02_0119_Flag',
155,20120,どんぐり,Main,False,True,Texture2D'/Game/GUI/Common/Tex/Emblem/02/Tex_Emblem_02_0120.Tex_Emblem_02_0120',Texture2D'/Game/GUI/Common/Tex/Emblem/02/Tex_Emblem_02_0120_Flag.Tex_Emblem_02_0120_Flag',
156,20121,くり,Main,False,True,Texture2D'/Game/GUI/Common/Tex/Emblem/02/Tex_Emblem_02_0121.Tex_Emblem_02_0121',Texture2D'/Game/GUI/Common/Tex/Emblem/02/Tex_Emblem_02_0121_Flag.Tex_Emblem_02_0121_Flag',
157,20122,ゴースト,Main,False,True,Texture2D'/Game/GUI/Common/Tex/Emblem/02/Tex_Emblem_02_0122.Tex_Emblem_02_0122',Texture2D'/Game/GUI/Common/Tex/Emblem/02/Tex_Emblem_02_0122_Flag.Tex_Emblem_02_0122_Flag',
158,20123,ジャックオーランタン,Main,False,True,Texture2D'/Game/GUI/Common/Tex/Emblem/02/Tex_Emblem_02_0123.Tex_Emblem_02_0123',Texture2D'/Game/GUI/Common/Tex/Emblem/02/Tex_Emblem_02_0123_Flag.Tex_Emblem_02_0123_Flag',
159,20124,クリスマスツリー,Main,False,True,Texture2D'/Game/GUI/Common/Tex/Emblem/02/Tex_Emblem_02_0124.Tex_Emblem_02_0124',Texture2D'/Game/GUI/Common/Tex/Emblem/02/Tex_Emblem_02_0124_Flag.Tex_Emblem_02_0124_Flag',
160,20125,サンタ人形,Main,False,True,Texture2D'/Game/GUI/Common/Tex/Emblem/02/Tex_Emblem_02_0125.Tex_Emblem_02_0125',Texture2D'/Game/GUI/Common/Tex/Emblem/02/Tex_Emblem_02_0125_Flag.Tex_Emblem_02_0125_Flag',
161,20126,クリスマスプレゼント,Main,False,True,Texture2D'/Game/GUI/Common/Tex/Emblem/02/Tex_Emblem_02_0126.Tex_Emblem_02_0126',Texture2D'/Game/GUI/Common/Tex/Emblem/02/Tex_Emblem_02_0126_Flag.Tex_Emblem_02_0126_Flag',
162,20127,雪だるま,Main,False,True,Texture2D'/Game/GUI/Common/Tex/Emblem/02/Tex_Emblem_02_0127.Tex_Emblem_02_0127',Texture2D'/Game/GUI/Common/Tex/Emblem/02/Tex_Emblem_02_0127_Flag.Tex_Emblem_02_0127_Flag',
163,20128,北海道,Main,False,True,Texture2D'/Game/GUI/Common/Tex/Emblem/02/Tex_Emblem_02_0128.Tex_Emblem_02_0128',Texture2D'/Game/GUI/Common/Tex/Emblem/02/Tex_Emblem_02_0128_Flag.Tex_Emblem_02_0128_Flag',
164,20129,青森,Main,False,True,Texture2D'/Game/GUI/Common/Tex/Emblem/02/Tex_Emblem_02_0129.Tex_Emblem_02_0129',Texture2D'/Game/GUI/Common/Tex/Emblem/02/Tex_Emblem_02_0129_Flag.Tex_Emblem_02_0129_Flag',
165,20130,岩手,Main,False,True,Texture2D'/Game/GUI/Common/Tex/Emblem/02/Tex_Emblem_02_0130.Tex_Emblem_02_0130',Texture2D'/Game/GUI/Common/Tex/Emblem/02/Tex_Emblem_02_0130_Flag.Tex_Emblem_02_0130_Flag',
166,20131,宮城,Main,False,True,Texture2D'/Game/GUI/Common/Tex/Emblem/02/Tex_Emblem_02_0131.Tex_Emblem_02_0131',Texture2D'/Game/GUI/Common/Tex/Emblem/02/Tex_Emblem_02_0131_Flag.Tex_Emblem_02_0131_Flag',
167,20132,秋田,Main,False,True,Texture2D'/Game/GUI/Common/Tex/Emblem/02/Tex_Emblem_02_0132.Tex_Emblem_02_0132',Texture2D'/Game/GUI/Common/Tex/Emblem/02/Tex_Emblem_02_0132_Flag.Tex_Emblem_02_0132_Flag',
168,20133,山形,Main,False,True,Texture2D'/Game/GUI/Common/Tex/Emblem/02/Tex_Emblem_02_0133.Tex_Emblem_02_0133',Texture2D'/Game/GUI/Common/Tex/Emblem/02/Tex_Emblem_02_0133_Flag.Tex_Emblem_02_0133_Flag',
169,20134,福島,Main,False,True,Texture2D'/Game/GUI/Common/Tex/Emblem/02/Tex_Emblem_02_0134.Tex_Emblem_02_0134',Texture2D'/Game/GUI/Common/Tex/Emblem/02/Tex_Emblem_02_0134_Flag.Tex_Emblem_02_0134_Flag',
170,20135,茨城,Main,False,True,Texture2D'/Game/GUI/Common/Tex/Emblem/02/Tex_Emblem_02_0135.Tex_Emblem_02_0135',Texture2D'/Game/GUI/Common/Tex/Emblem/02/Tex_Emblem_02_0135_Flag.Tex_Emblem_02_0135_Flag',
171,20136,栃木,Main,False,True,Texture2D'/Game/GUI/Common/Tex/Emblem/02/Tex_Emblem_02_0136.Tex_Emblem_02_0136',Texture2D'/Game/GUI/Common/Tex/Emblem/02/Tex_Emblem_02_0136_Flag.Tex_Emblem_02_0136_Flag',
172,20137,群馬,Main,False,True,Texture2D'/Game/GUI/Common/Tex/Emblem/02/Tex_Emblem_02_0137.Tex_Emblem_02_0137',Texture2D'/Game/GUI/Common/Tex/Emblem/02/Tex_Emblem_02_0137_Flag.Tex_Emblem_02_0137_Flag',
173,20138,埼玉,Main,False,True,Texture2D'/Game/GUI/Common/Tex/Emblem/02/Tex_Emblem_02_0138.Tex_Emblem_02_0138',Texture2D'/Game/GUI/Common/Tex/Emblem/02/Tex_Emblem_02_0138_Flag.Tex_Emblem_02_0138_Flag',
174,20139,千葉,Main,False,True,Texture2D'/Game/GUI/Common/Tex/Emblem/02/Tex_Emblem_02_0139.Tex_Emblem_02_0139',Texture2D'/Game/GUI/Common/Tex/Emblem/02/Tex_Emblem_02_0139_Flag.Tex_Emblem_02_0139_Flag',
175,20140,東京,Main,False,True,Texture2D'/Game/GUI/Common/Tex/Emblem/02/Tex_Emblem_02_0140.Tex_Emblem_02_0140',Texture2D'/Game/GUI/Common/Tex/Emblem/02/Tex_Emblem_02_0140_Flag.Tex_Emblem_02_0140_Flag',
176,20141,神奈川,Main,False,True,Texture2D'/Game/GUI/Common/Tex/Emblem/02/Tex_Emblem_02_0141.Tex_Emblem_02_0141',Texture2D'/Game/GUI/Common/Tex/Emblem/02/Tex_Emblem_02_0141_Flag.Tex_Emblem_02_0141_Flag',
177,20142,新潟,Main,False,True,Texture2D'/Game/GUI/Common/Tex/Emblem/02/Tex_Emblem_02_0142.Tex_Emblem_02_0142',Texture2D'/Game/GUI/Common/Tex/Emblem/02/Tex_Emblem_02_0142_Flag.Tex_Emblem_02_0142_Flag',
178,20143,富山,Main,False,True,Texture2D'/Game/GUI/Common/Tex/Emblem/02/Tex_Emblem_02_0143.Tex_Emblem_02_0143',Texture2D'/Game/GUI/Common/Tex/Emblem/02/Tex_Emblem_02_0143_Flag.Tex_Emblem_02_0143_Flag',
179,20144,石川,Main,False,True,Texture2D'/Game/GUI/Common/Tex/Emblem/02/Tex_Emblem_02_0144.Tex_Emblem_02_0144',Texture2D'/Game/GUI/Common/Tex/Emblem/02/Tex_Emblem_02_0144_Flag.Tex_Emblem_02_0144_Flag',
180,20145,福井,Main,False,True,Texture2D'/Game/GUI/Common/Tex/Emblem/02/Tex_Emblem_02_0145.Tex_Emblem_02_0145',Texture2D'/Game/GUI/Common/Tex/Emblem/02/Tex_Emblem_02_0145_Flag.Tex_Emblem_02_0145_Flag',
181,20146,山梨,Main,False,True,Texture2D'/Game/GUI/Common/Tex/Emblem/02/Tex_Emblem_02_0146.Tex_Emblem_02_0146',Texture2D'/Game/GUI/Common/Tex/Emblem/02/Tex_Emblem_02_0146_Flag.Tex_Emblem_02_0146_Flag',
182,20147,長野,Main,False,True,Texture2D'/Game/GUI/Common/Tex/Emblem/02/Tex_Emblem_02_0147.Tex_Emblem_02_0147',Texture2D'/Game/GUI/Common/Tex/Emblem/02/Tex_Emblem_02_0147_Flag.Tex_Emblem_02_0147_Flag',
183,20148,岐阜,Main,False,True,Texture2D'/Game/GUI/Common/Tex/Emblem/02/Tex_Emblem_02_0148.Tex_Emblem_02_0148',Texture2D'/Game/GUI/Common/Tex/Emblem/02/Tex_Emblem_02_0148_Flag.Tex_Emblem_02_0148_Flag',
184,20149,静岡,Main,False,True,Texture2D'/Game/GUI/Common/Tex/Emblem/02/Tex_Emblem_02_0149.Tex_Emblem_02_0149',Texture2D'/Game/GUI/Common/Tex/Emblem/02/Tex_Emblem_02_0149_Flag.Tex_Emblem_02_0149_Flag',
185,20150,愛知,Main,False,True,Texture2D'/Game/GUI/Common/Tex/Emblem/02/Tex_Emblem_02_0150.Tex_Emblem_02_0150',Texture2D'/Game/GUI/Common/Tex/Emblem/02/Tex_Emblem_02_0150_Flag.Tex_Emblem_02_0150_Flag',
186,20151,三重,Main,False,True,Texture2D'/Game/GUI/Common/Tex/Emblem/02/Tex_Emblem_02_0151.Tex_Emblem_02_0151',Texture2D'/Game/GUI/Common/Tex/Emblem/02/Tex_Emblem_02_0151_Flag.Tex_Emblem_02_0151_Flag',
187,20152,滋賀,Main,False,True,Texture2D'/Game/GUI/Common/Tex/Emblem/02/Tex_Emblem_02_0152.Tex_Emblem_02_0152',Texture2D'/Game/GUI/Common/Tex/Emblem/02/Tex_Emblem_02_0152_Flag.Tex_Emblem_02_0152_Flag',
188,20153,京都,Main,False,True,Texture2D'/Game/GUI/Common/Tex/Emblem/02/Tex_Emblem_02_0153.Tex_Emblem_02_0153',Texture2D'/Game/GUI/Common/Tex/Emblem/02/Tex_Emblem_02_0153_Flag.Tex_Emblem_02_0153_Flag',
189,20154,大阪,Main,False,True,Texture2D'/Game/GUI/Common/Tex/Emblem/02/Tex_Emblem_02_0154.Tex_Emblem_02_0154',Texture2D'/Game/GUI/Common/Tex/Emblem/02/Tex_Emblem_02_0154_Flag.Tex_Emblem_02_0154_Flag',
190,20155,兵庫,Main,False,True,Texture2D'/Game/GUI/Common/Tex/Emblem/02/Tex_Emblem_02_0155.Tex_Emblem_02_0155',Texture2D'/Game/GUI/Common/Tex/Emblem/02/Tex_Emblem_02_0155_Flag.Tex_Emblem_02_0155_Flag',
191,20156,奈良,Main,False,True,Texture2D'/Game/GUI/Common/Tex/Emblem/02/Tex_Emblem_02_0156.Tex_Emblem_02_0156',Texture2D'/Game/GUI/Common/Tex/Emblem/02/Tex_Emblem_02_0156_Flag.Tex_Emblem_02_0156_Flag',
192,20157,和歌山,Main,False,True,Texture2D'/Game/GUI/Common/Tex/Emblem/02/Tex_Emblem_02_0157.Tex_Emblem_02_0157',Texture2D'/Game/GUI/Common/Tex/Emblem/02/Tex_Emblem_02_0157_Flag.Tex_Emblem_02_0157_Flag',
193,20158,鳥取,Main,False,True,Texture2D'/Game/GUI/Common/Tex/Emblem/02/Tex_Emblem_02_0158.Tex_Emblem_02_0158',Texture2D'/Game/GUI/Common/Tex/Emblem/02/Tex_Emblem_02_0158_Flag.Tex_Emblem_02_0158_Flag',
194,20159,島根,Main,False,True,Texture2D'/Game/GUI/Common/Tex/Emblem/02/Tex_Emblem_02_0159.Tex_Emblem_02_0159',Texture2D'/Game/GUI/Common/Tex/Emblem/02/Tex_Emblem_02_0159_Flag.Tex_Emblem_02_0159_Flag',
195,20160,岡山,Main,False,True,Texture2D'/Game/GUI/Common/Tex/Emblem/02/Tex_Emblem_02_0160.Tex_Emblem_02_0160',Texture2D'/Game/GUI/Common/Tex/Emblem/02/Tex_Emblem_02_0160_Flag.Tex_Emblem_02_0160_Flag',
196,20161,広島,Main,False,True,Texture2D'/Game/GUI/Common/Tex/Emblem/02/Tex_Emblem_02_0161.Tex_Emblem_02_0161',Texture2D'/Game/GUI/Common/Tex/Emblem/02/Tex_Emblem_02_0161_Flag.Tex_Emblem_02_0161_Flag',
197,20162,山口,Main,False,True,Texture2D'/Game/GUI/Common/Tex/Emblem/02/Tex_Emblem_02_0162.Tex_Emblem_02_0162',Texture2D'/Game/GUI/Common/Tex/Emblem/02/Tex_Emblem_02_0162_Flag.Tex_Emblem_02_0162_Flag',
198,20163,徳島,Main,False,True,Texture2D'/Game/GUI/Common/Tex/Emblem/02/Tex_Emblem_02_0163.Tex_Emblem_02_0163',Texture2D'/Game/GUI/Common/Tex/Emblem/02/Tex_Emblem_02_0163_Flag.Tex_Emblem_02_0163_Flag',
199,20164,香川,Main,False,True,Texture2D'/Game/GUI/Common/Tex/Emblem/02/Tex_Emblem_02_0164.Tex_Emblem_02_0164',Texture2D'/Game/GUI/Common/Tex/Emblem/02/Tex_Emblem_02_0164_Flag.Tex_Emblem_02_0164_Flag',
200,20165,愛媛,Main,False,True,Texture2D'/Game/GUI/Common/Tex/Emblem/02/Tex_Emblem_02_0165.Tex_Emblem_02_0165',Texture2D'/Game/GUI/Common/Tex/Emblem/02/Tex_Emblem_02_0165_Flag.Tex_Emblem_02_0165_Flag',
201,20166,高知,Main,False,True,Texture2D'/Game/GUI/Common/Tex/Emblem/02/Tex_Emblem_02_0166.Tex_Emblem_02_0166',Texture2D'/Game/GUI/Common/Tex/Emblem/02/Tex_Emblem_02_0166_Flag.Tex_Emblem_02_0166_Flag',
202,20167,福岡,Main,False,True,Texture2D'/Game/GUI/Common/Tex/Emblem/02/Tex_Emblem_02_0167.Tex_Emblem_02_0167',Texture2D'/Game/GUI/Common/Tex/Emblem/02/Tex_Emblem_02_0167_Flag.Tex_Emblem_02_0167_Flag',
203,20168,佐賀,Main,False,True,Texture2D'/Game/GUI/Common/Tex/Emblem/02/Tex_Emblem_02_0168.Tex_Emblem_02_0168',Texture2D'/Game/GUI/Common/Tex/Emblem/02/Tex_Emblem_02_0168_Flag.Tex_Emblem_02_0168_Flag',
204,20169,長崎,Main,False,True,Texture2D'/Game/GUI/Common/Tex/Emblem/02/Tex_Emblem_02_0169.Tex_Emblem_02_0169',Texture2D'/Game/GUI/Common/Tex/Emblem/02/Tex_Emblem_02_0169_Flag.Tex_Emblem_02_0169_Flag',
205,20170,熊本,Main,False,True,Texture2D'/Game/GUI/Common/Tex/Emblem/02/Tex_Emblem_02_0170.Tex_Emblem_02_0170',Texture2D'/Game/GUI/Common/Tex/Emblem/02/Tex_Emblem_02_0170_Flag.Tex_Emblem_02_0170_Flag',
206,20171,大分,Main,False,True,Texture2D'/Game/GUI/Common/Tex/Emblem/02/Tex_Emblem_02_0171.Tex_Emblem_02_0171',Texture2D'/Game/GUI/Common/Tex/Emblem/02/Tex_Emblem_02_0171_Flag.Tex_Emblem_02_0171_Flag',
207,20172,宮崎,Main,False,True,Texture2D'/Game/GUI/Common/Tex/Emblem/02/Tex_Emblem_02_0172.Tex_Emblem_02_0172',Texture2D'/Game/GUI/Common/Tex/Emblem/02/Tex_Emblem_02_0172_Flag.Tex_Emblem_02_0172_Flag',
208,20173,鹿児島,Main,False,True,Texture2D'/Game/GUI/Common/Tex/Emblem/02/Tex_Emblem_02_0173.Tex_Emblem_02_0173',Texture2D'/Game/GUI/Common/Tex/Emblem/02/Tex_Emblem_02_0173_Flag.Tex_Emblem_02_0173_Flag',
209,20174,沖縄,Main,False,True,Texture2D'/Game/GUI/Common/Tex/Emblem/02/Tex_Emblem_02_0174.Tex_Emblem_02_0174',Texture2D'/Game/GUI/Common/Tex/Emblem/02/Tex_Emblem_02_0174_Flag.Tex_Emblem_02_0174_Flag',
210,20175,初心者,Main,True,True,Texture2D'/Game/GUI/Common/Tex/Emblem/02/Tex_Emblem_02_0091.Tex_Emblem_02_0091',Texture2D'/Game/GUI/Common/Tex/Emblem/02/Tex_Emblem_02_0091_Flag.Tex_Emblem_02_0091_Flag',
211,30001,クロスライト,Sub,True,True,Texture2D'/Game/GUI/Common/Tex/Emblem/03/Tex_Emblem_03_0001.Tex_Emblem_03_0001',Texture2D'/Game/GUI/Common/Tex/Emblem/03/Tex_Emblem_03_0001_Flag.Tex_Emblem_03_0001_Flag',
212,30002,シャイニングフロスト,Sub,False,True,Texture2D'/Game/GUI/Common/Tex/Emblem/03/Tex_Emblem_03_0002.Tex_Emblem_03_0002',Texture2D'/Game/GUI/Common/Tex/Emblem/03/Tex_Emblem_03_0002_Flag.Tex_Emblem_03_0002_Flag',
213,30003,ツインドラゴン,Sub,False,True,Texture2D'/Game/GUI/Common/Tex/Emblem/03/Tex_Emblem_03_0003.Tex_Emblem_03_0003',Texture2D'/Game/GUI/Common/Tex/Emblem/03/Tex_Emblem_03_0003_Flag.Tex_Emblem_03_0003_Flag',
214,30004,バーニング,Sub,False,True,Texture2D'/Game/GUI/Common/Tex/Emblem/03/Tex_Emblem_03_0004.Tex_Emblem_03_0004',Texture2D'/Game/GUI/Common/Tex/Emblem/03/Tex_Emblem_03_0004_Flag.Tex_Emblem_03_0004_Flag',
215,30005,ザ・サン,Sub,False,True,Texture2D'/Game/GUI/Common/Tex/Emblem/03/Tex_Emblem_03_0005.Tex_Emblem_03_0005',Texture2D'/Game/GUI/Common/Tex/Emblem/03/Tex_Emblem_03_0005_Flag.Tex_Emblem_03_0005_Flag',
216,30006,スパイダーネット,Sub,False,True,Texture2D'/Game/GUI/Common/Tex/Emblem/03/Tex_Emblem_03_0006.Tex_Emblem_03_0006',Texture2D'/Game/GUI/Common/Tex/Emblem/03/Tex_Emblem_03_0006_Flag.Tex_Emblem_03_0006_Flag',
217,30007,ビーハウス,Sub,False,True,Texture2D'/Game/GUI/Common/Tex/Emblem/03/Tex_Emblem_03_0007.Tex_Emblem_03_0007',Texture2D'/Game/GUI/Common/Tex/Emblem/03/Tex_Emblem_03_0007_Flag.Tex_Emblem_03_0007_Flag',
218,30008,ポリスバッジ,Sub,False,True,Texture2D'/Game/GUI/Common/Tex/Emblem/03/Tex_Emblem_03_0008.Tex_Emblem_03_0008',Texture2D'/Game/GUI/Common/Tex/Emblem/03/Tex_Emblem_03_0008_Flag.Tex_Emblem_03_0008_Flag',
219,30009,コースター,Sub,True,True,Texture2D'/Game/GUI/Common/Tex/Emblem/03/Tex_Emblem_03_0009.Tex_Emblem_03_0009',Texture2D'/Game/GUI/Common/Tex/Emblem/03/Tex_Emblem_03_0009_Flag.Tex_Emblem_03_0009_Flag',
220,30010,折り紙,Sub,False,True,Texture2D'/Game/GUI/Common/Tex/Emblem/03/Tex_Emblem_03_0010.Tex_Emblem_03_0010',Texture2D'/Game/GUI/Common/Tex/Emblem/03/Tex_Emblem_03_0010_Flag.Tex_Emblem_03_0010_Flag',
221,30011,シルエットダイヤ,Sub,False,True,Texture2D'/Game/GUI/Common/Tex/Emblem/03/Tex_Emblem_03_0011.Tex_Emblem_03_0011',Texture2D'/Game/GUI/Common/Tex/Emblem/03/Tex_Emblem_03_0011_Flag.Tex_Emblem_03_0011_Flag',
222,30012,シルエットスター,Sub,False,True,Texture2D'/Game/GUI/Common/Tex/Emblem/03/Tex_Emblem_03_0012.Tex_Emblem_03_0012',Texture2D'/Game/GUI/Common/Tex/Emblem/03/Tex_Emblem_03_0012_Flag.Tex_Emblem_03_0012_Flag',
223,30013,シルエットハート,Sub,False,True,Texture2D'/Game/GUI/Common/Tex/Emblem/03/Tex_Emblem_03_0013.Tex_Emblem_03_0013',Texture2D'/Game/GUI/Common/Tex/Emblem/03/Tex_Emblem_03_0013_Flag.Tex_Emblem_03_0013_Flag',
224,30014,禁止,Sub,False,True,Texture2D'/Game/GUI/Common/Tex/Emblem/03/Tex_Emblem_03_0014.Tex_Emblem_03_0014',Texture2D'/Game/GUI/Common/Tex/Emblem/03/Tex_Emblem_03_0014_Flag.Tex_Emblem_03_0014_Flag',
225,30015,ローテーション,Sub,False,True,Texture2D'/Game/GUI/Common/Tex/Emblem/03/Tex_Emblem_03_0015.Tex_Emblem_03_0015',Texture2D'/Game/GUI/Common/Tex/Emblem/03/Tex_Emblem_03_0015_Flag.Tex_Emblem_03_0015_Flag',
226,30016,フロストダイヤ,Sub,False,True,Texture2D'/Game/GUI/Common/Tex/Emblem/03/Tex_Emblem_03_0016.Tex_Emblem_03_0016',Texture2D'/Game/GUI/Common/Tex/Emblem/03/Tex_Emblem_03_0016_Flag.Tex_Emblem_03_0016_Flag',
227,30017,シルエットクラウン,Sub,False,True,Texture2D'/Game/GUI/Common/Tex/Emblem/03/Tex_Emblem_03_0017.Tex_Emblem_03_0017',Texture2D'/Game/GUI/Common/Tex/Emblem/03/Tex_Emblem_03_0017_Flag.Tex_Emblem_03_0017_Flag',
228,30018,もみじリーフ,Sub,False,True,Texture2D'/Game/GUI/Common/Tex/Emblem/03/Tex_Emblem_03_0018.Tex_Emblem_03_0018',Texture2D'/Game/GUI/Common/Tex/Emblem/03/Tex_Emblem_03_0018_Flag.Tex_Emblem_03_0018_Flag',
229,30019,サークルエッジ,Sub,False,True,Texture2D'/Game/GUI/Common/Tex/Emblem/03/Tex_Emblem_03_0019.Tex_Emblem_03_0019',Texture2D'/Game/GUI/Common/Tex/Emblem/03/Tex_Emblem_03_0019_Flag.Tex_Emblem_03_0019_Flag',
230,30020,スプラッシュ,Sub,False,True,Texture2D'/Game/GUI/Common/Tex/Emblem/03/Tex_Emblem_03_0020.Tex_Emblem_03_0020',Texture2D'/Game/GUI/Common/Tex/Emblem/03/Tex_Emblem_03_0020_Flag.Tex_Emblem_03_0020_Flag',
231,30021,ダスト,Sub,False,True,Texture2D'/Game/GUI/Common/Tex/Emblem/03/Tex_Emblem_03_0021.Tex_Emblem_03_0021',Texture2D'/Game/GUI/Common/Tex/Emblem/03/Tex_Emblem_03_0021_Flag.Tex_Emblem_03_0021_Flag',
232,30022,アングリー,Sub,False,True,Texture2D'/Game/GUI/Common/Tex/Emblem/03/Tex_Emblem_03_0022.Tex_Emblem_03_0022',Texture2D'/Game/GUI/Common/Tex/Emblem/03/Tex_Emblem_03_0022_Flag.Tex_Emblem_03_0022_Flag',
233,30023,バニシング,Sub,False,True,Texture2D'/Game/GUI/Common/Tex/Emblem/03/Tex_Emblem_03_0023.Tex_Emblem_03_0023',Texture2D'/Game/GUI/Common/Tex/Emblem/03/Tex_Emblem_03_0023_Flag.Tex_Emblem_03_0023_Flag',
234,30024,ギャラクシー,Sub,False,True,Texture2D'/Game/GUI/Common/Tex/Emblem/03/Tex_Emblem_03_0024.Tex_Emblem_03_0024',Texture2D'/Game/GUI/Common/Tex/Emblem/03/Tex_Emblem_03_0024_Flag.Tex_Emblem_03_0024_Flag',
235,30025,サークルスラッシュ,Sub,False,True,Texture2D'/Game/GUI/Common/Tex/Emblem/03/Tex_Emblem_03_0025.Tex_Emblem_03_0025',Texture2D'/Game/GUI/Common/Tex/Emblem/03/Tex_Emblem_03_0025_Flag.Tex_Emblem_03_0025_Flag',
236,30026,ダブルスター,Sub,False,True,Texture2D'/Game/GUI/Common/Tex/Emblem/03/Tex_Emblem_03_0026.Tex_Emblem_03_0026',Texture2D'/Game/GUI/Common/Tex/Emblem/03/Tex_Emblem_03_0026_Flag.Tex_Emblem_03_0026_Flag',
237,30027,ツインタイド,Sub,False,True,Texture2D'/Game/GUI/Common/Tex/Emblem/03/Tex_Emblem_03_0027.Tex_Emblem_03_0027',Texture2D'/Game/GUI/Common/Tex/Emblem/03/Tex_Emblem_03_0027_Flag.Tex_Emblem_03_0027_Flag',
238,30028,ダイヤサークル,Sub,False,True,Texture2D'/Game/GUI/Common/Tex/Emblem/03/Tex_Emblem_03_0028.Tex_Emblem_03_0028',Texture2D'/Game/GUI/Common/Tex/Emblem/03/Tex_Emblem_03_0028_Flag.Tex_Emblem_03_0028_Flag',
239,30029,ツインハート,Sub,False,True,Texture2D'/Game/GUI/Common/Tex/Emblem/03/Tex_Emblem_03_0029.Tex_Emblem_03_0029',Texture2D'/Game/GUI/Common/Tex/Emblem/03/Tex_Emblem_03_0029_Flag.Tex_Emblem_03_0029_Flag',
240,30030,ハナマル,Sub,False,True,Texture2D'/Game/GUI/Common/Tex/Emblem/03/Tex_Emblem_03_0030.Tex_Emblem_03_0030',Texture2D'/Game/GUI/Common/Tex/Emblem/03/Tex_Emblem_03_0030_Flag.Tex_Emblem_03_0030_Flag',
241,30031,音符記号,Sub,False,True,Texture2D'/Game/GUI/Common/Tex/Emblem/03/Tex_Emblem_03_0031.Tex_Emblem_03_0031',Texture2D'/Game/GUI/Common/Tex/Emblem/03/Tex_Emblem_03_0031_Flag.Tex_Emblem_03_0031_Flag',
242,30032,アングリーマーク,Sub,False,True,Texture2D'/Game/GUI/Common/Tex/Emblem/03/Tex_Emblem_03_0032.Tex_Emblem_03_0032',Texture2D'/Game/GUI/Common/Tex/Emblem/03/Tex_Emblem_03_0032_Flag.Tex_Emblem_03_0032_Flag',
243,30033,ビックリマーク,Sub,False,True,Texture2D'/Game/GUI/Common/Tex/Emblem/03/Tex_Emblem_03_0033.Tex_Emblem_03_0033',Texture2D'/Game/GUI/Common/Tex/Emblem/03/Tex_Emblem_03_0033_Flag.Tex_Emblem_03_0033_Flag',
244,30034,クエスチョンマーク,Sub,False,True,Texture2D'/Game/GUI/Common/Tex/Emblem/03/Tex_Emblem_03_0034.Tex_Emblem_03_0034',Texture2D'/Game/GUI/Common/Tex/Emblem/03/Tex_Emblem_03_0034_Flag.Tex_Emblem_03_0034_Flag',
245,30035,ダブルダレマーク,Sub,False,True,Texture2D'/Game/GUI/Common/Tex/Emblem/03/Tex_Emblem_03_0035.Tex_Emblem_03_0035',Texture2D'/Game/GUI/Common/Tex/Emblem/03/Tex_Emblem_03_0035_Flag.Tex_Emblem_03_0035_Flag',
246,30036,プレイボタン,Sub,False,True,Texture2D'/Game/GUI/Common/Tex/Emblem/03/Tex_Emblem_03_0036.Tex_Emblem_03_0036',Texture2D'/Game/GUI/Common/Tex/Emblem/03/Tex_Emblem_03_0036_Flag.Tex_Emblem_03_0036_Flag',
247,30037,スピードアップ,Sub,False,True,Texture2D'/Game/GUI/Common/Tex/Emblem/03/Tex_Emblem_03_0037.Tex_Emblem_03_0037',Texture2D'/Game/GUI/Common/Tex/Emblem/03/Tex_Emblem_03_0037_Flag.Tex_Emblem_03_0037_Flag',
248,30038,ターゲット,Sub,False,True,Texture2D'/Game/GUI/Common/Tex/Emblem/03/Tex_Emblem_03_0038.Tex_Emblem_03_0038',Texture2D'/Game/GUI/Common/Tex/Emblem/03/Tex_Emblem_03_0038_Flag.Tex_Emblem_03_0038_Flag',
249,30039,ト音記号,Sub,False,True,Texture2D'/Game/GUI/Common/Tex/Emblem/03/Tex_Emblem_03_0039.Tex_Emblem_03_0039',Texture2D'/Game/GUI/Common/Tex/Emblem/03/Tex_Emblem_03_0039_Flag.Tex_Emblem_03_0039_Flag',
250,30040,矢印,Sub,False,True,Texture2D'/Game/GUI/Common/Tex/Emblem/03/Tex_Emblem_03_0040.Tex_Emblem_03_0040',Texture2D'/Game/GUI/Common/Tex/Emblem/03/Tex_Emblem_03_0040_Flag.Tex_Emblem_03_0040_Flag',
251,30041,マインドライト,Sub,False,True,Texture2D'/Game/GUI/Common/Tex/Emblem/03/Tex_Emblem_03_0041.Tex_Emblem_03_0041',Texture2D'/Game/GUI/Common/Tex/Emblem/03/Tex_Emblem_03_0041_Flag.Tex_Emblem_03_0041_Flag',
252,30042,コメントLOVE,Sub,False,True,Texture2D'/Game/GUI/Common/Tex/Emblem/03/Tex_Emblem_03_0042.Tex_Emblem_03_0042',Texture2D'/Game/GUI/Common/Tex/Emblem/03/Tex_Emblem_03_0042_Flag.Tex_Emblem_03_0042_Flag',
253,30043,コンフューズド,Sub,False,True,Texture2D'/Game/GUI/Common/Tex/Emblem/03/Tex_Emblem_03_0043.Tex_Emblem_03_0043',Texture2D'/Game/GUI/Common/Tex/Emblem/03/Tex_Emblem_03_0043_Flag.Tex_Emblem_03_0043_Flag',
254,30044,ラウンドビックリマーク,Sub,False,True,Texture2D'/Game/GUI/Common/Tex/Emblem/03/Tex_Emblem_03_0044.Tex_Emblem_03_0044',Texture2D'/Game/GUI/Common/Tex/Emblem/03/Tex_Emblem_03_0044_Flag.Tex_Emblem_03_0044_Flag',
255,30045,ダウンサンダー,Sub,False,True,Texture2D'/Game/GUI/Common/Tex/Emblem/03/Tex_Emblem_03_0045.Tex_Emblem_03_0045',Texture2D'/Game/GUI/Common/Tex/Emblem/03/Tex_Emblem_03_0045_Flag.Tex_Emblem_03_0045_Flag',
256,30046,プラント,Sub,False,True,Texture2D'/Game/GUI/Common/Tex/Emblem/03/Tex_Emblem_03_0046.Tex_Emblem_03_0046',Texture2D'/Game/GUI/Common/Tex/Emblem/03/Tex_Emblem_03_0046_Flag.Tex_Emblem_03_0046_Flag',
257,30047,通信OK,Sub,False,True,Texture2D'/Game/GUI/Common/Tex/Emblem/03/Tex_Emblem_03_0047.Tex_Emblem_03_0047',Texture2D'/Game/GUI/Common/Tex/Emblem/03/Tex_Emblem_03_0047_Flag.Tex_Emblem_03_0047_Flag',
258,30048,レイニー,Sub,False,True,Texture2D'/Game/GUI/Common/Tex/Emblem/03/Tex_Emblem_03_0048.Tex_Emblem_03_0048',Texture2D'/Game/GUI/Common/Tex/Emblem/03/Tex_Emblem_03_0048_Flag.Tex_Emblem_03_0048_Flag',
259,30049,サンオアクラウド,Sub,False,True,Texture2D'/Game/GUI/Common/Tex/Emblem/03/Tex_Emblem_03_0049.Tex_Emblem_03_0049',Texture2D'/Game/GUI/Common/Tex/Emblem/03/Tex_Emblem_03_0049_Flag.Tex_Emblem_03_0049_Flag',
260,30050,チェックオーケー,Sub,False,True,Texture2D'/Game/GUI/Common/Tex/Emblem/03/Tex_Emblem_03_0050.Tex_Emblem_03_0050',Texture2D'/Game/GUI/Common/Tex/Emblem/03/Tex_Emblem_03_0050_Flag.Tex_Emblem_03_0050_Flag',
261,30051,スペースサークル,Sub,False,True,Texture2D'/Game/GUI/Common/Tex/Emblem/03/Tex_Emblem_03_0051.Tex_Emblem_03_0051',Texture2D'/Game/GUI/Common/Tex/Emblem/03/Tex_Emblem_03_0051_Flag.Tex_Emblem_03_0051_Flag',
262,30052,スリースターズ,Sub,False,True,Texture2D'/Game/GUI/Common/Tex/Emblem/03/Tex_Emblem_03_0052.Tex_Emblem_03_0052',Texture2D'/Game/GUI/Common/Tex/Emblem/03/Tex_Emblem_03_0052_Flag.Tex_Emblem_03_0052_Flag',
263,30053,サターン,Sub,False,True,Texture2D'/Game/GUI/Common/Tex/Emblem/03/Tex_Emblem_03_0053.Tex_Emblem_03_0053',Texture2D'/Game/GUI/Common/Tex/Emblem/03/Tex_Emblem_03_0053_Flag.Tex_Emblem_03_0053_Flag',
264,30054,クアンタムサークル,Sub,False,True,Texture2D'/Game/GUI/Common/Tex/Emblem/03/Tex_Emblem_03_0054.Tex_Emblem_03_0054',Texture2D'/Game/GUI/Common/Tex/Emblem/03/Tex_Emblem_03_0054_Flag.Tex_Emblem_03_0054_Flag',
265,30055,スタースパーク,Sub,False,True,Texture2D'/Game/GUI/Common/Tex/Emblem/03/Tex_Emblem_03_0055.Tex_Emblem_03_0055',Texture2D'/Game/GUI/Common/Tex/Emblem/03/Tex_Emblem_03_0055_Flag.Tex_Emblem_03_0055_Flag',
266,30056,ラインスター,Sub,False,True,Texture2D'/Game/GUI/Common/Tex/Emblem/03/Tex_Emblem_03_0056.Tex_Emblem_03_0056',Texture2D'/Game/GUI/Common/Tex/Emblem/03/Tex_Emblem_03_0056_Flag.Tex_Emblem_03_0056_Flag',
267,30057,アース,Sub,False,True,Texture2D'/Game/GUI/Common/Tex/Emblem/03/Tex_Emblem_03_0057.Tex_Emblem_03_0057',Texture2D'/Game/GUI/Common/Tex/Emblem/03/Tex_Emblem_03_0057_Flag.Tex_Emblem_03_0057_Flag',
268,30058,シャイニングスター,Sub,False,True,Texture2D'/Game/GUI/Common/Tex/Emblem/03/Tex_Emblem_03_0058.Tex_Emblem_03_0058',Texture2D'/Game/GUI/Common/Tex/Emblem/03/Tex_Emblem_03_0058_Flag.Tex_Emblem_03_0058_Flag',
269,30059,クロスソード,Sub,False,True,Texture2D'/Game/GUI/Common/Tex/Emblem/03/Tex_Emblem_03_0059.Tex_Emblem_03_0059',Texture2D'/Game/GUI/Common/Tex/Emblem/03/Tex_Emblem_03_0059_Flag.Tex_Emblem_03_0059_Flag',
270,30060,バットウイング,Sub,False,True,Texture2D'/Game/GUI/Common/Tex/Emblem/03/Tex_Emblem_03_0060.Tex_Emblem_03_0060',Texture2D'/Game/GUI/Common/Tex/Emblem/03/Tex_Emblem_03_0060_Flag.Tex_Emblem_03_0060_Flag',
271,30061,ダブルバッド,Sub,False,True,Texture2D'/Game/GUI/Common/Tex/Emblem/03/Tex_Emblem_03_0061.Tex_Emblem_03_0061',Texture2D'/Game/GUI/Common/Tex/Emblem/03/Tex_Emblem_03_0061_Flag.Tex_Emblem_03_0061_Flag',
272,30062,ツインユニコーン,Sub,False,True,Texture2D'/Game/GUI/Common/Tex/Emblem/03/Tex_Emblem_03_0062.Tex_Emblem_03_0062',Texture2D'/Game/GUI/Common/Tex/Emblem/03/Tex_Emblem_03_0062_Flag.Tex_Emblem_03_0062_Flag',
273,30063,ひび割れハート,Sub,False,True,Texture2D'/Game/GUI/Common/Tex/Emblem/03/Tex_Emblem_03_0063.Tex_Emblem_03_0063',Texture2D'/Game/GUI/Common/Tex/Emblem/03/Tex_Emblem_03_0063_Flag.Tex_Emblem_03_0063_Flag',
274,30064,エンジェルウイング,Sub,False,True,Texture2D'/Game/GUI/Common/Tex/Emblem/03/Tex_Emblem_03_0064.Tex_Emblem_03_0064',Texture2D'/Game/GUI/Common/Tex/Emblem/03/Tex_Emblem_03_0064_Flag.Tex_Emblem_03_0064_Flag',
275,30065,レインボーゲート,Sub,False,True,Texture2D'/Game/GUI/Common/Tex/Emblem/03/Tex_Emblem_03_0065.Tex_Emblem_03_0065',Texture2D'/Game/GUI/Common/Tex/Emblem/03/Tex_Emblem_03_0065_Flag.Tex_Emblem_03_0065_Flag',
276,30066,しだれ藤,Sub,False,True,Texture2D'/Game/GUI/Common/Tex/Emblem/03/Tex_Emblem_03_0066.Tex_Emblem_03_0066',Texture2D'/Game/GUI/Common/Tex/Emblem/03/Tex_Emblem_03_0066_Flag.Tex_Emblem_03_0066_Flag',
277,30067,グローリーリース,Sub,False,True,Texture2D'/Game/GUI/Common/Tex/Emblem/03/Tex_Emblem_03_0067.Tex_Emblem_03_0067',Texture2D'/Game/GUI/Common/Tex/Emblem/03/Tex_Emblem_03_0067_Flag.Tex_Emblem_03_0067_Flag',
278,30068,シューティングスター,Sub,False,True,Texture2D'/Game/GUI/Common/Tex/Emblem/03/Tex_Emblem_03_0068.Tex_Emblem_03_0068',Texture2D'/Game/GUI/Common/Tex/Emblem/03/Tex_Emblem_03_0068_Flag.Tex_Emblem_03_0068_Flag',
279,30069,効果A,Sub,False,True,Texture2D'/Game/GUI/Common/Tex/Emblem/03/Tex_Emblem_03_0069.Tex_Emblem_03_0069',Texture2D'/Game/GUI/Common/Tex/Emblem/03/Tex_Emblem_03_0069_Flag.Tex_Emblem_03_0069_Flag',
280,30070,効果B,Sub,False,True,Texture2D'/Game/GUI/Common/Tex/Emblem/03/Tex_Emblem_03_0070.Tex_Emblem_03_0070',Texture2D'/Game/GUI/Common/Tex/Emblem/03/Tex_Emblem_03_0070_Flag.Tex_Emblem_03_0070_Flag',
281,30071,効果C,Sub,False,True,Texture2D'/Game/GUI/Common/Tex/Emblem/03/Tex_Emblem_03_0071.Tex_Emblem_03_0071',Texture2D'/Game/GUI/Common/Tex/Emblem/03/Tex_Emblem_03_0071_Flag.Tex_Emblem_03_0071_Flag',
282,30072,効果D,Sub,False,True,Texture2D'/Game/GUI/Common/Tex/Emblem/03/Tex_Emblem_03_0072.Tex_Emblem_03_0072',Texture2D'/Game/GUI/Common/Tex/Emblem/03/Tex_Emblem_03_0072_Flag.Tex_Emblem_03_0072_Flag',
283,30073,リーパーサイス,Sub,False,True,Texture2D'/Game/GUI/Common/Tex/Emblem/03/Tex_Emblem_03_0073.Tex_Emblem_03_0073',Texture2D'/Game/GUI/Common/Tex/Emblem/03/Tex_Emblem_03_0073_Flag.Tex_Emblem_03_0073_Flag',
284,30074,オールドクラウン,Sub,False,True,Texture2D'/Game/GUI/Common/Tex/Emblem/03/Tex_Emblem_03_0074.Tex_Emblem_03_0074',Texture2D'/Game/GUI/Common/Tex/Emblem/03/Tex_Emblem_03_0074_Flag.Tex_Emblem_03_0074_Flag',
285,30075,フラッグス,Sub,False,True,Texture2D'/Game/GUI/Common/Tex/Emblem/03/Tex_Emblem_03_0075.Tex_Emblem_03_0075',Texture2D'/Game/GUI/Common/Tex/Emblem/03/Tex_Emblem_03_0075_Flag.Tex_Emblem_03_0075_Flag',
286,30076,ウインドマーク,Sub,False,True,Texture2D'/Game/GUI/Common/Tex/Emblem/03/Tex_Emblem_03_0076.Tex_Emblem_03_0076',Texture2D'/Game/GUI/Common/Tex/Emblem/03/Tex_Emblem_03_0076_Flag.Tex_Emblem_03_0076_Flag',
287,30077,ウイングソード,Sub,False,True,Texture2D'/Game/GUI/Common/Tex/Emblem/03/Tex_Emblem_03_0077.Tex_Emblem_03_0077',Texture2D'/Game/GUI/Common/Tex/Emblem/03/Tex_Emblem_03_0077_Flag.Tex_Emblem_03_0077_Flag',
288,30078,フィフススクウェア,Sub,False,True,Texture2D'/Game/GUI/Common/Tex/Emblem/03/Tex_Emblem_03_0078.Tex_Emblem_03_0078',Texture2D'/Game/GUI/Common/Tex/Emblem/03/Tex_Emblem_03_0078_Flag.Tex_Emblem_03_0078_Flag',
289,30079,リーフスターク,Sub,False,True,Texture2D'/Game/GUI/Common/Tex/Emblem/03/Tex_Emblem_03_0079.Tex_Emblem_03_0079',Texture2D'/Game/GUI/Common/Tex/Emblem/03/Tex_Emblem_03_0079_Flag.Tex_Emblem_03_0079_Flag',
290,30080,クロスクローバー,Sub,False,True,Texture2D'/Game/GUI/Common/Tex/Emblem/03/Tex_Emblem_03_0080.Tex_Emblem_03_0080',Texture2D'/Game/GUI/Common/Tex/Emblem/03/Tex_Emblem_03_0080_Flag.Tex_Emblem_03_0080_Flag',
291,30081,ティアラ,Sub,False,True,Texture2D'/Game/GUI/Common/Tex/Emblem/03/Tex_Emblem_03_0081.Tex_Emblem_03_0081',Texture2D'/Game/GUI/Common/Tex/Emblem/03/Tex_Emblem_03_0081_Flag.Tex_Emblem_03_0081_Flag',
292,30082,サンクレスト,Sub,False,True,Texture2D'/Game/GUI/Common/Tex/Emblem/03/Tex_Emblem_03_0082.Tex_Emblem_03_0082',Texture2D'/Game/GUI/Common/Tex/Emblem/03/Tex_Emblem_03_0082_Flag.Tex_Emblem_03_0082_Flag',
293,30083,フォーウイングス,Sub,False,True,Texture2D'/Game/GUI/Common/Tex/Emblem/03/Tex_Emblem_03_0083.Tex_Emblem_03_0083',Texture2D'/Game/GUI/Common/Tex/Emblem/03/Tex_Emblem_03_0083_Flag.Tex_Emblem_03_0083_Flag',
294,1001,シンボル：ヒカリ,Main,False,False,Texture2D'/Game/GUI/Common/Tex/Emblem/CompleteSet/01/Tex_Emblem_Comp_01_0001.Tex_Emblem_Comp_01_0001',Texture2D'/Game/GUI/Common/Tex/Emblem/CompleteSet/01/Tex_Emblem_Comp_01_0001_Flag.Tex_Emblem_Comp_01_0001_Flag',
295,1002,シンボル：レイカ,Main,False,False,Texture2D'/Game/GUI/Common/Tex/Emblem/CompleteSet/01/Tex_Emblem_Comp_01_0002.Tex_Emblem_Comp_01_0002',Texture2D'/Game/GUI/Common/Tex/Emblem/CompleteSet/01/Tex_Emblem_Comp_01_0002_Flag.Tex_Emblem_Comp_01_0002_Flag',
296,1003,シンボル：シャーリー,Main,False,False,Texture2D'/Game/GUI/Common/Tex/Emblem/CompleteSet/01/Tex_Emblem_Comp_01_0003.Tex_Emblem_Comp_01_0003',Texture2D'/Game/GUI/Common/Tex/Emblem/CompleteSet/01/Tex_Emblem_Comp_01_0003_Flag.Tex_Emblem_Comp_01_0003_Flag',
297,1004,シンボル：イサドラ,Main,False,False,Texture2D'/Game/GUI/Common/Tex/Emblem/CompleteSet/01/Tex_Emblem_Comp_01_0004.Tex_Emblem_Comp_01_0004',Texture2D'/Game/GUI/Common/Tex/Emblem/CompleteSet/01/Tex_Emblem_Comp_01_0004_Flag.Tex_Emblem_Comp_01_0004_Flag',
298,1005,シンボル：ナギ,Main,False,False,Texture2D'/Game/GUI/Common/Tex/Emblem/CompleteSet/01/Tex_Emblem_Comp_01_0005.Tex_Emblem_Comp_01_0005',Texture2D'/Game/GUI/Common/Tex/Emblem/CompleteSet/01/Tex_Emblem_Comp_01_0005_Flag.Tex_Emblem_Comp_01_0005_Flag',
299,1006,シンボル：カズマ,Main,False,False,Texture2D'/Game/GUI/Common/Tex/Emblem/CompleteSet/01/Tex_Emblem_Comp_01_0006.Tex_Emblem_Comp_01_0006',Texture2D'/Game/GUI/Common/Tex/Emblem/CompleteSet/01/Tex_Emblem_Comp_01_0006_Flag.Tex_Emblem_Comp_01_0006_Flag',
300,1007,轟ア・スレッガ,Main,False,False,Texture2D'/Game/GUI/Common/Tex/Emblem/CompleteSet/01/Tex_Emblem_Comp_01_0007.Tex_Emblem_Comp_01_0007',Texture2D'/Game/GUI/Common/Tex/Emblem/CompleteSet/01/Tex_Emblem_Comp_01_0007_Flag.Tex_Emblem_Comp_01_0007_Flag',
301,1008,ヴ・レード惺王国,Main,False,False,Texture2D'/Game/GUI/Common/Tex/Emblem/CompleteSet/01/Tex_Emblem_Comp_01_0008.Tex_Emblem_Comp_01_0008',Texture2D'/Game/GUI/Common/Tex/Emblem/CompleteSet/01/Tex_Emblem_Comp_01_0008_Flag.Tex_Emblem_Comp_01_0008_Flag',
302,1009,キザナ,Main,False,False,Texture2D'/Game/GUI/Common/Tex/Emblem/CompleteSet/01/Tex_Emblem_Comp_01_0009.Tex_Emblem_Comp_01_0009',Texture2D'/Game/GUI/Common/Tex/Emblem/CompleteSet/01/Tex_Emblem_Comp_01_0009_Flag.Tex_Emblem_Comp_01_0009_Flag',
303,1010,ガンスリンガーコラボ001,Main,False,False,Texture2D'/Game/GUI/Common/Tex/Emblem/CompleteSet/01/Tex_Emblem_Comp_01_0010.Tex_Emblem_Comp_01_0010',Texture2D'/Game/GUI/Common/Tex/Emblem/CompleteSet/01/Tex_Emblem_Comp_01_0010_Flag.Tex_Emblem_Comp_01_0010_Flag',
304,1011,インベーダー,Main,False,False,Texture2D'/Game/GUI/Common/Tex/Emblem/02/Tex_Emblem_02_0186.Tex_Emblem_02_0186',Texture2D'/Game/GUI/Common/Tex/Emblem/02/Tex_Emblem_02_0186_Flag.Tex_Emblem_02_0186_Flag',
