---,MissionId,MissionName,BuddyId,GroupId,OrderId,Difficulty,ModeId,IsDev,RewardId,GameModeId
1,1001,ディスドスキャンペーン１,0,1,1,1,1,False,99010001,0
2,1002,ディスドスキャンペーン２,0,1,2,1,1,False,99010002,0
3,1003,ディスドスキャンペーン３,0,1,3,1,1,False,4080015,0
4,1004,ディスドスキャンペーン４,0,1,4,2,1,False,7002004,0
5,2001,バレンタインキャンペーン１,0,2,1,1,1,False,3000127,0
6,2002,バレンタインキャンペーン２,0,2,2,3,1,False,7002003,0
7,2101,ジューンブライドキャンペーン１,0,6,1,3,1,False,4050032,0
8,2102,ジューンブライドキャンペーン２,0,6,2,3,1,False,7002020,0
9,4001,スクラッパーキャンペーン１,0,4,1,1,1,False,99010003,0
10,4002,スクラッパーキャンペーン２,0,4,2,1,1,False,99010004,0
11,4003,スクラッパーキャンペーン３,0,4,3,1,1,False,4030055,0
12,4004,スクラッパーキャンペーン４,0,4,4,2,1,False,99010005,0
13,9001,ソリキャン１,0,9,1,1,1,True,99010001,0
14,9002,ソリキャン２,0,9,2,1,1,True,99010002,0
15,9003,ソリキャン３,0,9,3,1,1,True,4080015,0
16,9004,ソリキャン４,0,9,4,2,1,True,7002004,0
17,5001,ファルマコンキャンペーン１,0,5,1,1,1,False,99010006,0
18,5002,ファルマコンキャンペーン２,0,5,2,1,1,False,99010007,0
19,5003,ファルマコンキャンペーン３,0,5,3,1,1,False,4100025,0
20,5004,ファルマコンキャンペーン４,0,5,4,2,1,False,99010008,0
21,7001,ラピスヘッジキャンペーン1-1,0,7,1,1,1,False,1000100,0
22,7002,ラピスヘッジキャンペーン1-2,0,7,2,1,1,False,1000100,0
23,7003,ラピスヘッジキャンペーン1-3,0,7,3,1,1,False,1000100,0
24,7004,ラピスヘッジキャンペーン1-4,0,7,4,1,1,False,1000100,0
25,7005,ラピスヘッジキャンペーン1-5,0,7,5,1,1,False,6030094,0
26,7011,ラピスヘッジキャンペーン2-1,0,7,11,2,1,False,1000200,0
27,7012,ラピスヘッジキャンペーン3-1,0,7,12,2,1,False,1000200,0
28,7013,ラピスヘッジキャンペーン4-1,0,7,13,2,1,False,1000200,0
29,7021,ラピスヘッジキャンペーン2-2,0,7,21,3,1,False,1000300,0
30,7022,ラピスヘッジキャンペーン3-2,0,7,22,3,1,False,1000300,0
31,7023,ラピスヘッジキャンペーン4-2,0,7,23,3,1,False,1000300,0
32,7101,ラピスヘッジキャンペーンA,0,7,101,1,1,False,4110041,0
33,7102,ラピスヘッジキャンペーンB,0,7,102,1,1,False,4110042,0
34,7103,ラピスヘッジキャンペーンC,0,7,103,1,1,False,4110043,0
35,7104,ラピスヘッジキャンペーンD,0,7,104,1,1,False,4110044,0
36,7105,ラピスヘッジキャンペーンE,0,7,105,1,1,False,4110045,0
37,7106,ラピスヘッジキャンペーンF,0,7,106,1,1,False,7002007,0
38,10001,パ・フェクトキャンペーン1-1,0,10,1,1,1,False,1001000,0
39,10002,パ・フェクトキャンペーン1-2,0,10,2,1,1,False,1002000,0
40,10003,パ・フェクトキャンペーン1-3,0,10,3,1,1,False,1002000,0
41,10004,パ・フェクトキャンペーン1-4,0,10,4,1,1,False,1003000,0
42,10005,パ・フェクトキャンペーン1-5,0,10,5,1,1,False,6030095,0
43,10011,パ・フェクトキャンペーン2-1,0,10,11,2,1,False,1002000,0
44,10012,パ・フェクトキャンペーン3-1,0,10,12,2,1,False,1002000,0
45,10013,パ・フェクトキャンペーン4-1,0,10,13,2,1,False,1002000,0
46,10021,パ・フェクトキャンペーン2-2,0,10,21,3,1,False,1002000,0
47,10022,パ・フェクトキャンペーン3-2,0,10,22,3,1,False,1002000,0
48,10023,パ・フェクトキャンペーン4-2,0,10,23,3,1,False,1003000,0
49,10101,パ・フェクトキャンペーンA,0,10,101,1,1,False,4120101,0
50,10102,パ・フェクトキャンペーンB,0,10,102,1,1,False,4120102,0
51,10103,パ・フェクトキャンペーンC,0,10,103,1,1,False,4120103,0
52,10104,パ・フェクトキャンペーンD,0,10,104,1,1,False,4120104,0
53,10105,パ・フェクトキャンペーンE,0,10,105,1,1,False,4120105,0
54,10106,パ・フェクトキャンペーンF,0,10,106,1,1,False,7002008,0
55,8001,夏休みキャンペーン1,0,8,1,1,1,False,6020116,0
56,8002,夏休みキャンペーン2,0,8,2,1,1,False,3000136,0
57,8003,夏休みキャンペーン3,0,8,3,1,1,False,7002021,0
58,91001,マッチングミッション（ヒカリ1）,0,91,1,1,1,False,7003105,0
59,91002,マッチングミッション（ヒカリ2）,0,91,2,1,1,False,7003106,0
60,91003,マッチングミッション（ヒカリ3）,0,91,3,2,1,False,7003107,0
61,91004,マッチングミッション（ヒカリ4）,0,91,4,2,1,False,7003108,0
62,91005,マッチングミッション（ヒカリ5）,0,91,5,3,1,False,7003109,0
63,91006,マッチングミッション（ヒカリ6）,0,91,6,3,1,False,7003110,0
64,92001,マッチングミッション（レイカ1）,0,92,1,1,1,False,7003205,0
65,92002,マッチングミッション（レイカ2）,0,92,2,1,1,False,7003206,0
66,92003,マッチングミッション（レイカ3）,0,92,3,2,1,False,7003207,0
67,92004,マッチングミッション（レイカ4）,0,92,4,2,1,False,7003208,0
68,92005,マッチングミッション（レイカ5）,0,92,5,3,1,False,7003209,0
69,92006,マッチングミッション（レイカ6）,0,92,6,3,1,False,7003210,0
70,93001,マッチングミッション（シャーリー1）,0,93,1,1,1,False,7003305,0
71,93002,マッチングミッション（シャーリー2）,0,93,2,1,1,False,7003306,0
72,93003,マッチングミッション（シャーリー3）,0,93,3,2,1,False,7003307,0
73,93004,マッチングミッション（シャーリー4）,0,93,4,2,1,False,7003308,0
74,93005,マッチングミッション（シャーリー5）,0,93,5,3,1,False,7003309,0
75,93006,マッチングミッション（シャーリー6）,0,93,6,3,1,False,7003310,0
76,94001,マッチングミッション（イサドラ1）,0,94,1,1,1,False,7003405,0
77,94002,マッチングミッション（イサドラ2）,0,94,2,1,1,False,7003406,0
78,94003,マッチングミッション（イサドラ3）,0,94,3,2,1,False,7003407,0
79,94004,マッチングミッション（イサドラ4）,0,94,4,2,1,False,7003408,0
80,94005,マッチングミッション（イサドラ5）,0,94,5,3,1,False,7003409,0
81,94006,マッチングミッション（イサドラ6）,0,94,6,3,1,False,7003410,0
82,95001,マッチングミッション（ナギ1）,0,95,1,1,1,False,7003505,0
83,95002,マッチングミッション（ナギ2）,0,95,2,1,1,False,7003506,0
84,95003,マッチングミッション（ナギ3）,0,95,3,2,1,False,7003507,0
85,95004,マッチングミッション（ナギ4）,0,95,4,2,1,False,7003508,0
86,95005,マッチングミッション（ナギ5）,0,95,5,3,1,False,7003509,0
87,95006,マッチングミッション（ナギ6）,0,95,6,3,1,False,7003510,0
88,96001,マッチングミッション（カズマ1）,0,96,1,1,1,False,7003605,0
89,96002,マッチングミッション（カズマ2）,0,96,2,1,1,False,7003606,0
90,96003,マッチングミッション（カズマ3）,0,96,3,2,1,False,7003607,0
91,96004,マッチングミッション（カズマ4）,0,96,4,2,1,False,7003608,0
92,96005,マッチングミッション（カズマ5）,0,96,5,3,1,False,7003609,0
93,96006,マッチングミッション（カズマ6）,0,96,6,3,1,False,7003610,0
94,97001,ハロウィンキャンペーン1,0,97,1,1,1,False,3000121,0
95,97002,ハロウィンキャンペーン2,0,97,2,1,1,False,6020123,0
96,98001,キザナ共闘戦線ミッション1,0,98,1,3,20,False,7000229,0
97,98002,キザナ共闘戦線ミッション2,0,98,2,3,20,False,7000230,0
98,98003,キザナ共闘戦線ミッション3,0,98,3,3,20,False,7000231,0
99,98004,キザナ共闘戦線ミッション4,0,98,4,3,20,False,7000232,0
100,99001,O.G. グングニル精製ミッション1,0,99,1,3,30,False,1000500,0
101,99002,O.G. グングニル精製ミッション2,0,99,2,3,30,False,1000500,0
102,99003,O.G. グングニル精製ミッション3,0,99,3,3,30,False,3000047,0
103,100001,新武器グラン・ラーゴ先行配備1,0,100,1,3,30,False,1000050,0
104,100002,新武器グラン・ラーゴ先行配備2,0,100,2,3,30,False,1000050,0
105,100003,新武器グラン・ラーゴ先行配備3,0,100,3,3,30,False,3000113,0
106,101001,新武器フォルツパレット先行配備1,0,101,1,3,30,False,1000050,0
107,101002,新武器フォルツパレット先行配備2,0,101,2,3,30,False,1000050,0
108,101003,新武器フォルツパレット先行配備3,0,101,3,3,30,False,3000143,0
109,102001,新武器ハープーン・エギユ先行配備1,0,102,1,3,30,False,1000050,0
110,102002,新武器ハープーン・エギユ先行配備2,0,102,2,3,30,False,1000050,0
111,102003,新武器ハープーン・エギユ先行配備3,0,102,3,3,30,False,3000040,0
112,103001,アンゼロイ先行配備1,0,103,1,3,30,False,99010029,0
113,103002,アンゼロイ先行配備2,0,103,2,3,30,False,99010030,0
114,103003,アンゼロイ先行配備3,0,103,3,3,30,False,4070075,0
115,104001,キザナ共闘戦線ミッション5,0,104,1,3,20,False,7000236,0
116,104002,キザナ共闘戦線ミッション6,0,104,2,3,20,False,7000237,0
117,105001,X7133精製ミッション1,0,105,1,3,30,False,1000300,0
118,105002,X7133精製ミッション2,0,105,2,3,30,False,1000300,0
119,105003,X7133精製ミッション3,0,105,3,3,30,False,3000099,0
120,106001,アンゼロイキャンペーン1-1,0,106,1,1,1,False,1000100,0
121,106002,アンゼロイキャンペーン1-2,0,106,2,1,30,False,1000200,0
122,106003,アンゼロイキャンペーン1-3,0,106,3,1,30,False,1000200,0
123,106004,アンゼロイキャンペーン1-4,0,106,4,1,30,False,1000300,0
124,106005,アンゼロイキャンペーン1-5,0,106,5,1,1,False,6030090,0
125,106011,アンゼロイキャンペーン2-1,0,106,11,2,30,False,1000200,0
126,106012,アンゼロイキャンペーン3-1,0,106,12,2,30,False,1000200,0
127,106013,アンゼロイキャンペーン4-1,0,106,13,2,30,False,1000200,0
128,106021,アンゼロイキャンペーン2-2,0,106,21,3,30,False,1000200,0
129,106022,アンゼロイキャンペーン3-2,0,106,22,3,1,False,1000200,0
130,106023,アンゼロイキャンペーン4-2,0,106,23,3,30,False,1000300,0
131,106101,アンゼロイキャンペーンA,0,106,101,1,30,False,4070021,0
132,106102,アンゼロイキャンペーンB,0,106,102,1,30,False,4070022,0
133,106103,アンゼロイキャンペーンC,0,106,103,1,30,False,4070023,0
134,106104,アンゼロイキャンペーンD,0,106,104,1,30,False,4070024,0
135,106105,アンゼロイキャンペーンE,0,106,105,1,30,False,4070025,0
136,106106,アンゼロイキャンペーンF,0,106,106,1,30,False,7002009,0
137,107001,ブルームブラスター先行配備1,0,107,1,3,30,False,1000050,0
138,107002,ブルームブラスター先行配備2,0,107,2,3,30,False,1000050,0
139,107003,ブルームブラスター先行配備3,0,107,3,3,30,False,3000057,0
140,108001,カラミッタ先行配備1,0,108,1,3,30,False,1000050,0
141,108002,カラミッタ先行配備2,0,108,2,3,30,False,1000050,0
142,108003,カラミッタ先行配備3,0,108,3,3,30,False,3000011,0
143,109001,ヘルシャフト先行配備1,0,109,1,3,30,False,1000050,0
144,109002,ヘルシャフト先行配備2,0,109,2,3,30,False,1000050,0
145,109003,ヘルシャフト先行配備3,0,109,3,3,30,False,3000096,0
146,110001,ブーメラング-AS先行配備1,0,110,1,3,30,False,1000050,0
147,110002,ブーメラング-AS先行配備2,0,110,2,3,30,False,1000050,0
148,110003,ブーメラング-AS先行配備3,0,110,3,3,30,False,3000138,0
149,111001,エヴォルフィア先行配備1,0,111,1,3,30,False,1000050,0
150,111002,エヴォルフィア先行配備2,0,111,2,3,30,False,1000050,0
151,111003,エヴォルフィア先行配備3,0,111,3,3,30,False,3000103,0
152,112001,マジアステルス先行配備1,0,112,1,3,30,False,1000050,0
153,112002,マジアステルス先行配備2,0,112,2,3,30,False,1000050,0
154,112003,マジアステルス先行配備3,0,112,3,3,30,False,3000106,0
155,113001,単装導弾　双撃先行配備1,0,113,1,3,30,False,1000050,0
156,113002,単装導弾　双撃先行配備2,0,113,2,3,30,False,1000050,0
157,113003,単装導弾　双撃先行配備3,0,113,3,3,30,False,3000031,0
158,114001,斬絶弾　幻月先行配備1,0,114,1,3,30,False,1000050,0
159,114002,斬絶弾　幻月先行配備2,0,114,2,3,30,False,1000050,0
160,114003,斬絶弾　幻月先行配備3,0,114,3,3,30,False,3000014,0
161,115001,爆撃砲　加具土先行配備1,0,115,1,3,30,False,1000050,0
162,115002,爆撃砲　加具土先行配備2,0,115,2,3,30,False,1000050,0
163,115003,爆撃砲　加具土先行配備3,0,115,3,3,30,False,3000046,0
164,116001,エタニティ先行配備1,0,116,1,3,30,False,99010048,0
165,116002,エタニティ先行配備2,0,116,2,3,30,False,99010049,0
166,116003,エタニティ先行配備3,0,116,3,3,30,False,4130135,0
167,117001,エクステルス先行配備1,0,117,1,3,30,False,1000050,0
168,117002,エクステルス先行配備2,0,117,2,3,30,False,1000050,0
169,117003,エクステルス先行配備3,0,117,3,3,30,False,3000092,0
170,118001,大刃　水薙先行配備1,0,118,1,3,30,False,1000050,0
171,118002,大刃　水薙先行配備2,0,118,2,3,30,False,1000050,0
172,118003,大刃　水薙先行配備3,0,118,3,3,30,False,3000068,0
173,119001,テンペスト先行配備1,0,119,1,3,30,False,1000050,0
174,119002,テンペスト先行配備2,0,119,2,3,30,False,1000050,0
175,119003,テンペスト先行配備3,0,119,3,3,30,False,3000088,0
176,120001,O.G.ティターン精製ミッション1,0,120,1,3,30,False,1000300,0
177,120002,O.G.ティターン精製ミッション2,0,120,2,3,30,False,1000300,0
178,120003,O.G.ティターン精製ミッション3,0,120,3,3,30,False,3000070,0
179,121001,O.G.メテオライト精製ミッション1,0,121,1,3,30,False,1000300,0
180,121002,O.G.メテオライト精製ミッション2,0,121,2,3,30,False,1000300,0
181,121003,O.G.メテオライト精製ミッション3,0,121,3,3,30,False,3000029,0
182,122001,オキサイド鹵獲ミッション1-1,0,122,1,3,20,False,1000100,0
183,122002,オキサイド鹵獲ミッション1-2,0,122,2,3,20,False,1000200,0
184,122003,オキサイド鹵獲ミッション1-3,0,122,3,3,20,False,1000200,0
185,122004,オキサイド鹵獲ミッション1-4,0,122,4,3,20,False,1000300,0
186,122005,オキサイド鹵獲ミッション1-5,0,122,5,3,20,False,6030097,0
187,122011,オキサイド鹵獲ミッション2-1,0,122,11,3,20,False,1000100,0
188,122012,オキサイド鹵獲ミッション3-1,0,122,12,3,20,False,1000200,0
189,122013,オキサイド鹵獲ミッション4-1,0,122,13,3,20,False,1000300,0
190,122021,オキサイド鹵獲ミッション2-2,0,122,21,3,20,False,1000100,0
191,122022,オキサイド鹵獲ミッション3-2,0,122,22,3,20,False,1000200,0
192,122023,オキサイド鹵獲ミッション4-2,0,122,23,3,20,False,1000300,0
193,122101,オキサイド鹵獲ミッションA,0,122,101,3,20,False,4140141,0
194,122102,オキサイド鹵獲ミッションB,0,122,102,3,20,False,4140142,0
195,122103,オキサイド鹵獲ミッションC,0,122,103,3,20,False,4140143,0
196,122104,オキサイド鹵獲ミッションD,0,122,104,3,20,False,4140144,0
197,122105,オキサイド鹵獲ミッションE,0,122,105,3,20,False,4140145,0
198,122106,オキサイド鹵獲ミッションF,0,122,106,3,20,False,7002010,0
199,123001,オキサイドカラー入手ミッション1,0,123,1,3,30,False,99010043,0
200,123002,オキサイドカラー入手ミッション2,0,123,2,3,30,False,99010044,0
201,123003,オキサイドカラー入手ミッション3,0,123,3,3,30,False,99010045,0
202,123004,オキサイドカラー入手ミッション4,0,123,4,3,30,False,99010046,0
203,123005,オキサイドカラー入手ミッション5,0,123,5,3,30,False,99010047,0
204,124001,5000ナイスプレイチャレンジ1,0,124,1,3,1,False,6020033,0
205,124002,5000ナイスプレイチャレンジ2,0,124,2,3,1,False,1000500,0
206,124003,5000ナイスプレイチャレンジ3,0,124,3,3,1,False,6030052,0
207,124004,5000ナイスプレイチャレンジ4,0,124,4,3,1,False,3000132,0
208,124005,5000ナイスプレイチャレンジ5,0,124,5,3,1,False,7002410,0
209,125001,エタニティキャンペーン1-1,0,125,1,3,1,False,1000100,0
210,125002,エタニティキャンペーン1-2,0,125,2,3,30,False,1000200,0
211,125003,エタニティキャンペーン1-3,0,125,3,3,30,False,1000200,0
212,125004,エタニティキャンペーン1-4,0,125,4,3,30,False,1000300,0
213,125005,エタニティキャンペーン1-5,0,125,5,3,1,False,6030096,0
214,125011,エタニティキャンペーン2-1,0,125,11,3,30,False,1000200,0
215,125012,エタニティキャンペーン3-1,0,125,12,3,30,False,1000200,0
216,125013,エタニティキャンペーン4-1,0,125,13,3,30,False,1000200,0
217,125021,エタニティキャンペーン2-2,0,125,21,3,30,False,1000200,0
218,125022,エタニティキャンペーン3-2,0,125,22,3,1,False,1000200,0
219,125023,エタニティキャンペーン4-2,0,125,23,3,30,False,1000300,0
220,125101,エタニティキャンペーンA,0,125,101,3,30,False,4130141,0
221,125102,エタニティキャンペーンB,0,125,102,3,30,False,4130142,0
222,125103,エタニティキャンペーンC,0,125,103,3,30,False,4130143,0
223,125104,エタニティキャンペーンD,0,125,104,3,30,False,4130144,0
224,125105,エタニティキャンペーンE,0,125,105,3,30,False,4130145,0
225,125106,エタニティキャンペーンF,0,125,106,3,30,False,7002011,0
226,126001,全国対戦を50時間対戦,0,126,1,3,1,False,7100124,1
227,126002,全国対戦を75時間対戦,0,126,2,3,1,False,7100125,1
228,126003,全国対戦を100時間対戦,0,126,3,3,1,False,7100126,1
229,127001,全国対戦を100回出撃,0,127,1,2,1,False,7100127,1
230,127002,全国対戦を10000回出撃,0,127,2,2,1,False,7100128,1
231,127003,全国対戦を20000回出撃,0,127,3,3,1,False,7100129,1
232,128001,願掛けを100回成功,0,128,1,1,1,False,7100130,1
233,128002,願掛けを500回成功,0,128,2,2,1,False,7100131,1
234,128003,願掛けを1000回成功,0,128,3,3,1,False,7100132,1
235,128004,願掛けを5000回成功,0,128,4,3,1,False,7100133,1
236,128005,願掛けを10000回成功,0,128,5,3,1,False,7100134,1
237,129001,全国対戦で5回勝利,0,129,1,1,1,False,7100135,1
238,129002,全国対戦で10回勝利,0,129,2,2,1,False,7100136,1
239,129003,全国対戦で100回勝利,0,129,3,3,1,False,7100137,1
240,129004,全国対戦で1000回勝利,0,129,4,3,1,False,7100138,1
241,129005,全国対戦で10000回勝利,0,129,5,3,1,False,7100139,1
242,130001,累計リザルトスコア10000000を達成,0,130,1,2,1,False,7100140,1
243,130002,累計リザルトスコア50000000を達成,0,130,2,3,1,False,7100141,1
244,130003,累計リザルトスコア100000000を達成,0,130,3,3,1,False,7100142,1
245,130004,累計リザルトスコア500000000を達成,0,130,4,3,1,False,7100143,1
246,131001,敵ARを1000体撃破,0,131,1,2,1,False,7100160,1
247,131002,敵ARを5000体撃破,0,131,2,3,1,False,7100161,1
248,131003,敵ARを10000体撃破,0,131,3,3,1,False,7100162,1
249,132001,25日ログイン,0,132,1,1,1,True,7100187,1
250,132002,50日ログイン,0,132,2,2,1,True,7100188,1
251,132003,100日ログイン,0,132,3,2,1,True,7100189,1
252,132004,222日ログイン,0,132,4,3,1,True,7100190,1
253,132005,365日ログイン,0,132,5,3,1,True,7100191,1
254,133001,連続4日ログイン,0,133,1,2,1,True,7100192,1
255,133002,連続5日ログイン,0,133,2,3,1,True,7100193,1
256,133003,連続6日ログイン,0,133,3,3,1,True,7100194,1
257,133004,連続7日ログイン,0,133,4,3,1,True,7100195,1
258,134001,称号を50個獲得,0,134,1,2,1,True,7100202,1
259,134002,称号を100個獲得,0,134,2,3,1,True,7100203,1
260,134003,称号を150個獲得,0,134,3,3,1,True,7100204,1
261,135001,スペシャルウェポンを5回使用,0,135,1,3,1,False,7102548,1
262,135002,スペシャルウェポンを30回使用,0,135,2,3,1,False,7102549,1
263,135003,スペシャルウェポンを1000回使用,0,135,3,3,1,False,7102550,1
264,136001,クロスバーストを2回達成,0,136,1,3,1,False,7102551,1
265,136002,クロスバーストを10回達成,0,136,2,3,1,False,7102552,1
266,136003,クロスバーストを500回達成,0,136,3,3,1,False,7102553,1
267,137001,ソリディアで全国対戦を1時間対戦,0,137,1,1,1,False,7102500,1
268,137002,ソリディアで全国対戦を10時間対戦,0,137,2,2,1,False,7102501,1
269,137003,ソリディアで全国対戦を30時間対戦,0,137,3,2,1,False,11100026,1
270,137004,ソリディアで全国対戦を50時間対戦,0,137,4,3,1,False,7102554,1
271,138001,ソリディアで全国対戦を100回出撃,0,138,1,2,1,False,12001017,1
272,138002,ソリディアで全国対戦を200回出撃,0,138,2,2,1,False,6130084,1
273,138003,ソリディアで全国対戦を300回出撃,0,138,3,3,1,False,5000015,1
274,138004,ソリディアで全国対戦を500回出撃,0,138,4,3,1,False,6130068,1
275,138005,ソリディアで全国対戦を1000回出撃,0,138,5,3,1,False,12001016,1
276,139001,ソリディアで全国対戦を100回勝利,0,139,1,3,1,False,12001015,1
277,139002,ソリディアで全国対戦を200回勝利,0,139,2,3,1,False,6110009,1
278,139003,ソリディアで全国対戦を300回勝利,0,139,3,3,1,False,5000044,1
279,139004,ソリディアで全国対戦を500回勝利,0,139,4,3,1,False,7102502,1
280,140001,ソリディアで全国対戦を3回連続勝利,0,140,1,3,1,False,6120085,1
281,140002,ソリディアで全国対戦を5回連続勝利,0,140,2,3,1,False,11100006,1
282,140003,ソリディアで全国対戦を10回連続勝利,0,140,3,3,1,False,12001018,1
283,141001,CU・レイターで全国対戦を1時間対戦,0,141,1,1,1,False,7102503,1
284,141002,CU・レイターで全国対戦を10時間対戦,0,141,2,2,1,False,7102504,1
285,141003,CU・レイターで全国対戦を30時間対戦,0,141,3,2,1,False,11100027,1
286,141004,CU・レイターで全国対戦を50時間対戦,0,141,4,3,1,False,7102542,1
287,142001,CU・レイターで全国対戦を100回出撃,0,142,1,2,1,False,12002016,1
288,142002,CU・レイターで全国対戦を200回出撃,0,142,2,2,1,False,6130088,1
289,142003,CU・レイターで全国対戦を300回出撃,0,142,3,3,1,False,5000006,1
290,142004,CU・レイターで全国対戦を500回出撃,0,142,4,3,1,False,6130076,1
291,142005,CU・レイターで全国対戦を1000回出撃,0,142,5,3,1,False,12002017,1
292,143001,CU・レイターで全国対戦を100回勝利,0,143,1,3,1,False,12002015,1
293,143002,CU・レイターで全国対戦を200回勝利,0,143,2,3,1,False,6110010,1
294,143003,CU・レイターで全国対戦を300回勝利,0,143,3,3,1,False,5000035,1
295,143004,CU・レイターで全国対戦を500回勝利,0,143,4,3,1,False,7102505,1
296,144001,CU・レイターで全国対戦を3回連続勝利,0,144,1,3,1,False,6120086,1
297,144002,CU・レイターで全国対戦を5回連続勝利,0,144,2,3,1,False,11100020,1
298,144003,CU・レイターで全国対戦を10回連続勝利,0,144,3,3,1,False,12002018,1
299,145001,ゴールテン・Dで全国対戦を1時間対戦,0,145,1,1,1,False,7102506,1
300,145002,ゴールテン・Dで全国対戦を10時間対戦,0,145,2,2,1,False,7102507,1
301,145003,ゴールテン・Dで全国対戦を30時間対戦,0,145,3,2,1,False,11100028,1
302,145004,ゴールテン・Dで全国対戦を50時間対戦,0,145,4,3,1,False,7102543,1
303,146001,ゴールテン・Dで全国対戦を100回出撃,0,146,1,2,1,False,12003015,1
304,146002,ゴールテン・Dで全国対戦を200回出撃,0,146,2,2,1,False,6130089,1
305,146003,ゴールテン・Dで全国対戦を300回出撃,0,146,3,3,1,False,5000030,1
306,146004,ゴールテン・Dで全国対戦を500回出撃,0,146,4,3,1,False,6130072,1
307,146005,ゴールテン・Dで全国対戦を1000回出撃,0,146,5,3,1,False,12003017,1
308,147001,ゴールテン・Dで全国対戦を100回勝利,0,147,1,3,1,False,12003016,1
309,147002,ゴールテン・Dで全国対戦を200回勝利,0,147,2,3,1,False,6110007,1
310,147003,ゴールテン・Dで全国対戦を300回勝利,0,147,3,3,1,False,5000038,1
311,147004,ゴールテン・Dで全国対戦を500回勝利,0,147,4,3,1,False,7102508,1
312,148001,ゴールテン・Dで全国対戦を3回連続勝利,0,148,1,3,1,False,6120087,1
313,148002,ゴールテン・Dで全国対戦を5回連続勝利,0,148,2,3,1,False,11100004,1
314,148003,ゴールテン・Dで全国対戦を10回連続勝利,0,148,3,3,1,False,12003018,1
315,149001,サイトヘッドで全国対戦を1時間対戦,0,149,1,1,1,False,7102509,1
316,149002,サイトヘッドで全国対戦を10時間対戦,0,149,2,2,1,False,7102510,1
317,149003,サイトヘッドで全国対戦を30時間対戦,0,149,3,2,1,False,11100029,1
318,149004,サイトヘッドで全国対戦を50時間対戦,0,149,4,3,1,False,7102544,1
319,150001,サイトヘッドで全国対戦を100回出撃,0,150,1,2,1,False,12004016,1
320,150002,サイトヘッドで全国対戦を200回出撃,0,150,2,2,1,False,6130087,1
321,150003,サイトヘッドで全国対戦を300回出撃,0,150,3,3,1,False,5000047,1
322,150004,サイトヘッドで全国対戦を500回出撃,0,150,4,3,1,False,6130081,1
323,150005,サイトヘッドで全国対戦を1000回出撃,0,150,5,3,1,False,12004018,1
324,151001,サイトヘッドで全国対戦を100回勝利,0,151,1,3,1,False,12004015,1
325,151002,サイトヘッドで全国対戦を200回勝利,0,151,2,3,1,False,6110024,1
326,151003,サイトヘッドで全国対戦を300回勝利,0,151,3,3,1,False,5000018,1
327,151004,サイトヘッドで全国対戦を500回勝利,0,151,4,3,1,False,7102511,1
328,152001,サイトヘッドで全国対戦を3回連続勝利,0,152,1,3,1,False,6120088,1
329,152002,サイトヘッドで全国対戦を5回連続勝利,0,152,2,3,1,False,11100009,1
330,152003,サイトヘッドで全国対戦を10回連続勝利,0,152,3,3,1,False,12004017,1
331,153001,カーディナルで全国対戦を1時間対戦,0,153,1,1,1,False,7102512,1
332,153002,カーディナルで全国対戦を10時間対戦,0,153,2,2,1,False,7102513,1
333,153003,カーディナルで全国対戦を30時間対戦,0,153,3,2,1,False,11100030,1
334,153004,カーディナルで全国対戦を50時間対戦,0,153,4,3,1,False,7102545,1
335,154001,カーディナルで全国対戦を100回出撃,0,154,1,2,1,False,12005017,1
336,154002,カーディナルで全国対戦を200回出撃,0,154,2,2,1,False,6130085,1
337,154003,カーディナルで全国対戦を300回出撃,0,154,3,3,1,False,5000034,1
338,154004,カーディナルで全国対戦を500回出撃,0,154,4,3,1,False,6130077,1
339,154005,カーディナルで全国対戦を1000回出撃,0,154,5,3,1,False,12005016,1
340,155001,カーディナルで全国対戦を100回勝利,0,155,1,3,1,False,12005015,1
341,155002,カーディナルで全国対戦を200回勝利,0,155,2,3,1,False,6110018,1
342,155003,カーディナルで全国対戦を300回勝利,0,155,3,3,1,False,5000002,1
343,155004,カーディナルで全国対戦を500回勝利,0,155,4,3,1,False,7102514,1
344,156001,カーディナルで全国対戦を3回連続勝利,0,156,1,3,1,False,6120084,1
345,156002,カーディナルで全国対戦を5回連続勝利,0,156,2,3,1,False,11100024,1
346,156003,カーディナルで全国対戦を10回連続勝利,0,156,3,3,1,False,12005018,1
347,157001,サブライガで全国対戦を1時間対戦,0,157,1,1,1,False,7102515,1
348,157002,サブライガで全国対戦を10時間対戦,0,157,2,2,1,False,7102516,1
349,157003,サブライガで全国対戦を30時間対戦,0,157,3,2,1,False,11100031,1
350,157004,サブライガで全国対戦を50時間対戦,0,157,4,3,1,False,7102546,1
351,158001,サブライガで全国対戦を100回出撃,0,158,1,2,1,False,12006016,1
352,158002,サブライガで全国対戦を200回出撃,0,158,2,2,1,False,6130092,1
353,158003,サブライガで全国対戦を300回出撃,0,158,3,3,1,False,5000023,1
354,158004,サブライガで全国対戦を500回出撃,0,158,4,3,1,False,6130069,1
355,158005,サブライガで全国対戦を1000回出撃,0,158,5,3,1,False,12006017,1
356,159001,サブライガで全国対戦を100回勝利,0,159,1,3,1,False,12006015,1
357,159002,サブライガで全国対戦を200回勝利,0,159,2,3,1,False,6110019,1
358,159003,サブライガで全国対戦を300回勝利,0,159,3,3,1,False,5000052,1
359,159004,サブライガで全国対戦を500回勝利,0,159,4,3,1,False,7102517,1
360,160001,サブライガで全国対戦を3回連続勝利,0,160,1,3,1,False,6120083,1
361,160002,サブライガで全国対戦を5回連続勝利,0,160,2,3,1,False,11100014,1
362,160003,サブライガで全国対戦を10回連続勝利,0,160,3,3,1,False,12006018,1
363,161001,スクラッパーで全国対戦を1時間対戦,0,161,1,1,1,False,7102518,1
364,161002,スクラッパーで全国対戦を10時間対戦,0,161,2,2,1,False,7102519,1
365,161003,スクラッパーで全国対戦を30時間対戦,0,161,3,2,1,False,11100016,1
366,161004,スクラッパーで全国対戦を50時間対戦,0,161,4,3,1,False,7102005,1
367,162001,スクラッパーで全国対戦を100回出撃,0,162,1,2,1,False,5000046,1
368,162002,スクラッパーで全国対戦を200回出撃,0,162,2,2,1,False,6130086,1
369,162003,スクラッパーで全国対戦を300回出撃,0,162,3,3,1,False,5000020,1
370,162004,スクラッパーで全国対戦を500回出撃,0,162,4,3,1,False,6130071,1
371,162005,スクラッパーで全国対戦を1000回出撃,0,162,5,3,1,False,6120079,1
372,163001,スクラッパーで全国対戦を100回勝利,0,163,1,3,1,False,5000009,1
373,163002,スクラッパーで全国対戦を200回勝利,0,163,2,3,1,False,6110021,1
374,163003,スクラッパーで全国対戦を300回勝利,0,163,3,3,1,False,5000017,1
375,163004,スクラッパーで全国対戦を500回勝利,0,163,4,3,1,False,7102520,1
376,164001,スクラッパーで全国対戦を3回連続勝利,0,164,1,3,1,False,6120089,1
377,164002,スクラッパーで全国対戦を5回連続勝利,0,164,2,3,1,False,11100007,1
378,164003,スクラッパーで全国対戦を10回連続勝利,0,164,3,3,1,False,6120056,1
379,165001,アンゼロイで全国対戦を1時間対戦,0,165,1,1,1,False,7102521,1
380,165002,アンゼロイで全国対戦を10時間対戦,0,165,2,2,1,False,7102522,1
381,165003,アンゼロイで全国対戦を30時間対戦,0,165,3,2,1,False,11100005,1
382,165004,アンゼロイで全国対戦を50時間対戦,0,165,4,3,1,False,7102009,1
383,166001,アンゼロイで全国対戦を100回出撃,0,166,1,2,1,False,5000036,1
384,166002,アンゼロイで全国対戦を200回出撃,0,166,2,2,1,False,6130090,1
385,166003,アンゼロイで全国対戦を300回出撃,0,166,3,3,1,False,5000050,1
386,166004,アンゼロイで全国対戦を500回出撃,0,166,4,3,1,False,6130054,1
387,166005,アンゼロイで全国対戦を1000回出撃,0,166,5,3,1,False,6120040,1
388,167001,アンゼロイで全国対戦を100回勝利,0,167,1,3,1,False,5000007,1
389,167002,アンゼロイで全国対戦を200回勝利,0,167,2,3,1,False,6110006,1
390,167003,アンゼロイで全国対戦を300回勝利,0,167,3,3,1,False,5000021,1
391,167004,アンゼロイで全国対戦を500回勝利,0,167,4,3,1,False,7102523,1
392,168001,アンゼロイで全国対戦を3回連続勝利,0,168,1,3,1,False,6120082,1
393,168002,アンゼロイで全国対戦を5回連続勝利,0,168,2,3,1,False,11100019,1
394,168003,アンゼロイで全国対戦を10回連続勝利,0,168,3,3,1,False,6120057,1
395,169001,ディスドスで全国対戦を1時間対戦,0,169,1,1,1,False,7102524,1
396,169002,ディスドスで全国対戦を10時間対戦,0,169,2,2,1,False,7102525,1
397,169003,ディスドスで全国対戦を30時間対戦,0,169,3,2,1,False,11100011,1
398,169004,ディスドスで全国対戦を50時間対戦,0,169,4,3,1,False,7102004,1
399,170001,ディスドスで全国対戦を100回出撃,0,170,1,2,1,False,5000037,1
400,170002,ディスドスで全国対戦を200回出撃,0,170,2,2,1,False,6130091,1
401,170003,ディスドスで全国対戦を300回出撃,0,170,3,3,1,False,5000051,1
402,170004,ディスドスで全国対戦を500回出撃,0,170,4,3,1,False,6130078,1
403,170005,ディスドスで全国対戦を1000回出撃,0,170,5,3,1,False,6120038,1
404,171001,ディスドスで全国対戦を100回勝利,0,171,1,3,1,False,5000005,1
405,171002,ディスドスで全国対戦を200回勝利,0,171,2,3,1,False,6110002,1
406,171003,ディスドスで全国対戦を300回勝利,0,171,3,3,1,False,5000022,1
407,171004,ディスドスで全国対戦を500回勝利,0,171,4,3,1,False,7102526,1
408,172001,ディスドスで全国対戦を3回連続勝利,0,172,1,3,1,False,6120043,1
409,172002,ディスドスで全国対戦を5回連続勝利,0,172,2,3,1,False,11100021,1
410,172003,ディスドスで全国対戦を10回連続勝利,0,172,3,3,1,False,6120058,1
411,173001,ファルマコンで全国対戦を1時間対戦,0,173,1,1,1,False,7102527,1
412,173002,ファルマコンで全国対戦を10時間対戦,0,173,2,2,1,False,7102528,1
413,173003,ファルマコンで全国対戦を30時間対戦,0,173,3,2,1,False,11100018,1
414,173004,ファルマコンで全国対戦を50時間対戦,0,173,4,3,1,False,7102006,1
415,174001,ファルマコンで全国対戦を100回出撃,0,174,1,2,1,False,5000024,1
416,174002,ファルマコンで全国対戦を200回出撃,0,174,2,2,1,False,6130093,1
417,174003,ファルマコンで全国対戦を300回出撃,0,174,3,3,1,False,5000010,1
418,174004,ファルマコンで全国対戦を500回出撃,0,174,4,3,1,False,6130080,1
419,174005,ファルマコンで全国対戦を1000回出撃,0,174,5,3,1,False,6120081,1
420,175001,ファルマコンで全国対戦を100回勝利,0,175,1,3,1,False,5000053,1
421,175002,ファルマコンで全国対戦を200回勝利,0,175,2,3,1,False,6110005,1
422,175003,ファルマコンで全国対戦を300回勝利,0,175,3,3,1,False,5000039,1
423,175004,ファルマコンで全国対戦を500回勝利,0,175,4,3,1,False,7102529,1
424,176001,ファルマコンで全国対戦を3回連続勝利,0,176,1,3,1,False,6120072,1
425,176002,ファルマコンで全国対戦を5回連続勝利,0,176,2,3,1,False,11100022,1
426,176003,ファルマコンで全国対戦を10回連続勝利,0,176,3,3,1,False,6120059,1
427,177001,ラピスヘッジで全国対戦を1時間対戦,0,177,1,1,1,False,7102530,1
428,177002,ラピスヘッジで全国対戦を10時間対戦,0,177,2,2,1,False,7102531,1
429,177003,ラピスヘッジで全国対戦を30時間対戦,0,177,3,2,1,False,11100012,1
430,177004,ラピスヘッジで全国対戦を50時間対戦,0,177,4,3,1,False,7102007,1
431,178001,ラピスヘッジで全国対戦を100回出撃,0,178,1,2,1,False,5000048,1
432,178002,ラピスヘッジで全国対戦を200回出撃,0,178,2,2,1,False,6130094,1
433,178003,ラピスヘッジで全国対戦を300回出撃,0,178,3,3,1,False,5000011,1
434,178004,ラピスヘッジで全国対戦を500回出撃,0,178,4,3,1,False,6130082,1
435,178005,ラピスヘッジで全国対戦を1000回出撃,0,178,5,3,1,False,6120071,1
436,179001,ラピスヘッジで全国対戦を100回勝利,0,179,1,3,1,False,5000054,1
437,179002,ラピスヘッジで全国対戦を200回勝利,0,179,2,3,1,False,6110025,1
438,179003,ラピスヘッジで全国対戦を300回勝利,0,179,3,3,1,False,5000040,1
439,179004,ラピスヘッジで全国対戦を500回勝利,0,179,4,3,1,False,7102532,1
440,180001,ラピスヘッジで全国対戦を3回連続勝利,0,180,1,3,1,False,6120070,1
441,180002,ラピスヘッジで全国対戦を5回連続勝利,0,180,2,3,1,False,11100025,1
442,180003,ラピスヘッジで全国対戦を10回連続勝利,0,180,3,3,1,False,6120063,1
443,181001,パ・フェクトで全国対戦を1時間対戦,0,181,1,1,1,False,7102533,1
444,181002,パ・フェクトで全国対戦を10時間対戦,0,181,2,2,1,False,7102534,1
445,181003,パ・フェクトで全国対戦を30時間対戦,0,181,3,2,1,False,11100013,1
446,181004,パ・フェクトで全国対戦を50時間対戦,0,181,4,3,1,False,7102008,1
447,182001,パ・フェクトで全国対戦を100回出撃,0,182,1,2,1,False,5000012,1
448,182002,パ・フェクトで全国対戦を200回出撃,0,182,2,2,1,False,6130095,1
449,182003,パ・フェクトで全国対戦を300回出撃,0,182,3,3,1,False,5000049,1
450,182004,パ・フェクトで全国対戦を500回出撃,0,182,4,3,1,False,6130060,1
451,182005,パ・フェクトで全国対戦を1000回出撃,0,182,5,3,1,False,6120074,1
452,183001,パ・フェクトで全国対戦を100回勝利,0,183,1,3,1,False,5000041,1
453,183002,パ・フェクトで全国対戦を200回勝利,0,183,2,3,1,False,6110017,1
454,183003,パ・フェクトで全国対戦を300回勝利,0,183,3,3,1,False,5000055,1
455,183004,パ・フェクトで全国対戦を500回勝利,0,183,4,3,1,False,7102535,1
456,184001,パ・フェクトで全国対戦を3回連続勝利,0,184,1,3,1,False,6120034,1
457,184002,パ・フェクトで全国対戦を5回連続勝利,0,184,2,3,1,False,11100003,1
458,184003,パ・フェクトで全国対戦を10回連続勝利,0,184,3,3,1,False,6120065,1
459,185001,エタニティで全国対戦を1時間対戦,0,185,1,1,1,False,7102536,1
460,185002,エタニティで全国対戦を10時間対戦,0,185,2,2,1,False,7102537,1
461,185003,エタニティで全国対戦を30時間対戦,0,185,3,2,1,False,11100017,1
462,185004,エタニティで全国対戦を50時間対戦,0,185,4,3,1,False,7102011,1
463,186001,エタニティで全国対戦を100回出撃,0,186,1,2,1,False,5000013,1
464,186002,エタニティで全国対戦を200回出撃,0,186,2,2,1,False,6130096,1
465,186003,エタニティで全国対戦を300回出撃,0,186,3,3,1,False,5000056,1
466,186004,エタニティで全国対戦を500回出撃,0,186,4,3,1,False,6130083,1
467,186005,エタニティで全国対戦を1000回出撃,0,186,5,3,1,False,6120035,1
468,187001,エタニティで全国対戦を100回勝利,0,187,1,3,1,False,5000027,1
469,187002,エタニティで全国対戦を200回勝利,0,187,2,3,1,False,6110022,1
470,187003,エタニティで全国対戦を300回勝利,0,187,3,3,1,False,5000042,1
471,187004,エタニティで全国対戦を500回勝利,0,187,4,3,1,False,7102538,1
472,188001,エタニティで全国対戦を3回連続勝利,0,188,1,3,1,False,6120031,1
473,188002,エタニティで全国対戦を5回連続勝利,0,188,2,3,1,False,11100008,1
474,188003,エタニティで全国対戦を10回連続勝利,0,188,3,3,1,False,6120064,1
475,189001,オキサイドで全国対戦を1時間対戦,0,189,1,1,1,False,7102539,1
476,189002,オキサイドで全国対戦を10時間対戦,0,189,2,2,1,False,7102540,1
477,189003,オキサイドで全国対戦を30時間対戦,0,189,3,2,1,False,11100010,1
478,189004,オキサイドで全国対戦を50時間対戦,0,189,4,3,1,False,7102010,1
479,190001,オキサイドで全国対戦を100回出撃,0,190,1,2,1,False,5000016,1
480,190002,オキサイドで全国対戦を200回出撃,0,190,2,2,1,False,6130097,1
481,190003,オキサイドで全国対戦を300回出撃,0,190,3,3,1,False,5000057,1
482,190004,オキサイドで全国対戦を500回出撃,0,190,4,3,1,False,6130073,1
483,190005,オキサイドで全国対戦を1000回出撃,0,190,5,3,1,False,6120051,1
484,191001,オキサイドで全国対戦を100回勝利,0,191,1,3,1,False,5000045,1
485,191002,オキサイドで全国対戦を200回勝利,0,191,2,3,1,False,6110016,1
486,191003,オキサイドで全国対戦を300回勝利,0,191,3,3,1,False,5000043,1
487,191004,オキサイドで全国対戦を500回勝利,0,191,4,3,1,False,7102541,1
488,192001,オキサイドで全国対戦を3回連続勝利,0,192,1,3,1,False,6120028,1
489,192002,オキサイドで全国対戦を5回連続勝利,0,192,2,3,1,False,11100023,1
490,192003,オキサイドで全国対戦を10回連続勝利,0,192,3,3,1,False,6120066,1
491,193001,ヒカリのDePSを累積500獲得,1,193,1,1,1,False,6120049,1
492,193002,ヒカリのDePSを累積1000獲得,1,193,2,1,1,False,7100054,1
493,193003,ヒカリのDePSを累積3000獲得,1,193,3,2,1,False,6101001,1
494,193004,ヒカリのDePSを累積5000獲得,1,193,4,2,1,False,6110029,1
495,193005,ヒカリのDePSを累積10000獲得,1,193,5,3,1,False,12001013,1
496,193006,ヒカリのDePSを累積25000獲得,1,193,6,3,1,False,7102401,1
497,193007,ヒカリのDePSを累積50000獲得,1,193,7,3,1,False,12001014,1
498,194001,ヒカリで全国対戦50回勝利,1,194,1,2,1,False,7100076,1
499,194002,ヒカリで全国対戦100回勝利,1,194,2,2,1,False,7100077,1
500,194003,ヒカリで全国対戦300回勝利,1,194,3,3,1,False,7100078,1
501,194004,ヒカリで全国対戦500回勝利,1,194,4,3,1,False,7100079,1
502,194005,ヒカリで全国対戦1000回勝利,1,194,5,3,1,False,7100080,1
503,195001,ヒカリで全国対戦3連続勝利,1,195,1,3,1,False,7100106,1
504,195002,ヒカリで全国対戦5連続勝利,1,195,2,3,1,False,7100107,1
505,195003,ヒカリで全国対戦10連続勝利,1,195,3,3,1,False,7100108,1
506,196001,レイカのDePSを累積500獲得,2,196,1,1,1,False,6120044,1
507,196002,レイカのDePSを累積1000獲得,2,196,2,1,1,False,7100057,1
508,196003,レイカのDePSを累積3000獲得,2,196,3,2,1,False,6101002,1
509,196004,レイカのDePSを累積5000獲得,2,196,4,2,1,False,6110014,1
510,196005,レイカのDePSを累積10000獲得,2,196,5,3,1,False,12002013,1
511,196006,レイカのDePSを累積25000獲得,2,196,6,3,1,False,7102402,1
512,196007,レイカのDePSを累積50000獲得,2,196,7,3,1,False,12002014,1
513,197001,レイカで全国対戦50回勝利,2,197,1,2,1,False,7100081,1
514,197002,レイカで全国対戦100回勝利,2,197,2,2,1,False,7100082,1
515,197003,レイカで全国対戦300回勝利,2,197,3,3,1,False,7100083,1
516,197004,レイカで全国対戦500回勝利,2,197,4,3,1,False,7100084,1
517,197005,レイカで全国対戦1000回勝利,2,197,5,3,1,False,7100085,1
518,198001,レイカで全国対戦3連続勝利,2,198,1,3,1,False,7100109,1
519,198002,レイカで全国対戦5連続勝利,2,198,2,3,1,False,7100110,1
520,198003,レイカで全国対戦10連続勝利,2,198,3,3,1,False,7100111,1
521,199001,シャーリーのDePSを累積500獲得,3,199,1,1,1,False,6120045,1
522,199002,シャーリーのDePSを累積1000獲得,3,199,2,1,1,False,7100060,1
523,199003,シャーリーのDePSを累積3000獲得,3,199,3,2,1,False,6101003,1
524,199004,シャーリーのDePSを累積5000獲得,3,199,4,2,1,False,6110020,1
525,199005,シャーリーのDePSを累積10000獲得,3,199,5,3,1,False,12003013,1
526,199006,シャーリーのDePSを累積25000獲得,3,199,6,3,1,False,7102403,1
527,199007,シャーリーのDePSを累積50000獲得,3,199,7,3,1,False,12003014,1
528,200001,シャーリーで全国対戦50回勝利,3,200,1,2,1,False,7100086,1
529,200002,シャーリーで全国対戦100回勝利,3,200,2,2,1,False,7100087,1
530,200003,シャーリーで全国対戦300回勝利,3,200,3,3,1,False,7100088,1
531,200004,シャーリーで全国対戦500回勝利,3,200,4,3,1,False,7100089,1
532,200005,シャーリーで全国対戦1000回勝利,3,200,5,3,1,False,7100090,1
533,201001,シャーリーで全国対戦3連続勝利,3,201,1,3,1,False,7100112,1
534,201002,シャーリーで全国対戦5連続勝利,3,201,2,3,1,False,7100113,1
535,201003,シャーリーで全国対戦10連続勝利,3,201,3,3,1,False,7100114,1
536,202001,イサドラのDePSを累積500獲得,4,202,1,1,1,False,6120052,1
537,202002,イサドラのDePSを累積1000獲得,4,202,2,1,1,False,7100063,1
538,202003,イサドラのDePSを累積3000獲得,4,202,3,2,1,False,6101004,1
539,202004,イサドラのDePSを累積5000獲得,4,202,4,2,1,False,6110015,1
540,202005,イサドラのDePSを累積10000獲得,4,202,5,3,1,False,12004013,1
541,202006,イサドラのDePSを累積25000獲得,4,202,6,3,1,False,7102404,1
542,202007,イサドラのDePSを累積50000獲得,4,202,7,3,1,False,12004014,1
543,203001,イサドラで全国対戦50回勝利,4,203,1,2,1,False,7100091,1
544,203002,イサドラで全国対戦100回勝利,4,203,2,2,1,False,7100092,1
545,203003,イサドラで全国対戦300回勝利,4,203,3,3,1,False,7100093,1
546,203004,イサドラで全国対戦500回勝利,4,203,4,3,1,False,7100094,1
547,203005,イサドラで全国対戦1000回勝利,4,203,5,3,1,False,7100095,1
548,204001,イサドラで全国対戦3連続勝利,4,204,1,3,1,False,7100115,1
549,204002,イサドラで全国対戦5連続勝利,4,204,2,3,1,False,7100116,1
550,204003,イサドラで全国対戦10連続勝利,4,204,3,3,1,False,7100117,1
551,205001,ナギのDePSを累積500獲得,5,205,1,1,1,False,6120036,1
552,205002,ナギのDePSを累積1000獲得,5,205,2,1,1,False,7100066,1
553,205003,ナギのDePSを累積3000獲得,5,205,3,2,1,False,6101005,1
554,205004,ナギのDePSを累積5000獲得,5,205,4,2,1,False,6110011,1
555,205005,ナギのDePSを累積10000獲得,5,205,5,3,1,False,12005013,1
556,205006,ナギのDePSを累積25000獲得,5,205,6,3,1,False,7102405,1
557,205007,ナギのDePSを累積50000獲得,5,205,7,3,1,False,12005014,1
558,206001,ナギで全国対戦50回勝利,5,206,1,2,1,False,7100096,1
559,206002,ナギで全国対戦100回勝利,5,206,2,2,1,False,7100097,1
560,206003,ナギで全国対戦300回勝利,5,206,3,3,1,False,7100098,1
561,206004,ナギで全国対戦500回勝利,5,206,4,3,1,False,7100099,1
562,206005,ナギで全国対戦1000回勝利,5,206,5,3,1,False,7100100,1
563,207001,ナギで全国対戦3連続勝利,5,207,1,3,1,False,7100118,1
564,207002,ナギで全国対戦5連続勝利,5,207,2,3,1,False,7100119,1
565,207003,ナギで全国対戦10連続勝利,5,207,3,3,1,False,7100120,1
566,208001,カズマのDePSを累積500獲得,6,208,1,1,1,False,6120032,1
567,208002,カズマのDePSを累積1000獲得,6,208,2,1,1,False,7100069,1
568,208003,カズマのDePSを累積3000獲得,6,208,3,2,1,False,6101006,1
569,208004,カズマのDePSを累積5000獲得,6,208,4,2,1,False,6110023,1
570,208005,カズマのDePSを累積10000獲得,6,208,5,3,1,False,12006013,1
571,208006,カズマのDePSを累積25000獲得,6,208,6,3,1,False,7102406,1
572,208007,カズマのDePSを累積50000獲得,6,208,7,3,1,False,12006014,1
573,209001,カズマで全国対戦50回勝利,6,209,1,2,1,False,7100101,1
574,209002,カズマで全国対戦100回勝利,6,209,2,2,1,False,7100102,1
575,209003,カズマで全国対戦300回勝利,6,209,3,3,1,False,7100103,1
576,209004,カズマで全国対戦500回勝利,6,209,4,3,1,False,7100104,1
577,209005,カズマで全国対戦1000回勝利,6,209,5,3,1,False,7100105,1
578,210001,カズマで全国対戦3連続勝利,6,210,1,3,1,False,7100121,1
579,210002,カズマで全国対戦5連続勝利,6,210,2,3,1,False,7100122,1
580,210003,カズマで全国対戦10連続勝利,6,210,3,3,1,False,7100123,1
581,211001,翔撃戦　リリース記念,0,211,1,1,1,False,7102547,1
582,100000001,テストミッション（アズワン指定なし）,0,1000000,1,1,1,True,1000100,1
583,100000002,テストミッション（アズワン指定なし）,0,1000000,2,1,1,True,1000500,1
584,100000003,テストミッション（アズワン指定なし）,0,1000000,3,2,1,True,1001000,1
585,100000004,テストミッション（アズワン指定なし）,0,1000000,4,3,1,True,1010000,1
586,100000011,テストミッション1（ヒカリ1）,1,1000001,1,1,1,True,1000100,1
587,100000012,テストミッション1（ヒカリ2）,1,1000001,2,1,1,True,1000500,1
588,100000013,テストミッション1（ヒカリ3）,1,1000001,3,2,1,True,1001000,1
589,100000014,テストミッション1（ヒカリ4）,1,1000001,4,3,1,True,1010000,1
590,100000021,テストミッション2（レイカ1）,2,1000002,1,1,1,True,1000100,1
591,100000022,テストミッション2（レイカ2）,2,1000002,2,1,1,True,1000500,1
592,100000023,テストミッション2（レイカ3）,2,1000002,3,2,1,True,1001000,1
593,100000024,テストミッション2（レイカ4）,2,1000002,4,3,1,True,1010000,1
594,100000031,テストミッション3（シャーリー1）,3,1000003,1,1,1,True,1000100,1
595,100000032,テストミッション3（シャーリー2）,3,1000003,2,1,1,True,1000500,1
596,100000033,テストミッション3（シャーリー3）,3,1000003,3,2,1,True,1001000,1
597,100000034,テストミッション3（シャーリー4）,3,1000003,4,3,1,True,1010000,1
598,100000041,テストミッション4（イサドラ1）,4,1000004,1,1,1,True,1000100,1
599,100000042,テストミッション4（イサドラ2）,4,1000004,2,1,1,True,1000500,1
600,100000043,テストミッション4（イサドラ3）,4,1000004,3,2,1,True,1001000,1
601,100000044,テストミッション4（イサドラ4）,4,1000004,4,3,1,True,1010000,1
602,100000051,テストミッション5（ナギ1）,5,1000005,1,1,1,True,1000100,1
603,100000052,テストミッション5（ナギ2）,5,1000005,2,1,1,True,1000500,1
604,100000053,テストミッション5（ナギ3）,5,1000005,3,2,1,True,1001000,1
605,100000054,テストミッション5（ナギ4）,5,1000005,4,3,1,True,1010000,1
606,100000061,テストミッション6（カズマ1）,6,1000006,1,1,1,True,1000100,1
607,100000062,テストミッション6（カズマ2）,6,1000006,2,1,1,True,1000500,1
608,100000063,テストミッション6（カズマ3）,6,1000006,3,2,1,True,1001000,1
609,100000064,テストミッション6（カズマ4）,6,1000006,4,3,1,True,1010000,1
610,100000101,テストミッション7（アズワン指定なし1）,0,1000007,1,1,1,True,1000001,1
611,100000102,テストミッション7（アズワン指定なし2）,0,1000007,2,1,1,True,1000010,1
612,100000103,テストミッション7（アズワン指定なし3）,0,1000007,3,1,1,True,1000020,1
613,100000104,テストミッション7（アズワン指定なし4）,0,1000007,4,1,1,True,1000030,1
614,100000105,テストミッション7（アズワン指定なし5）,0,1000007,5,2,1,True,1000040,1
615,100000106,テストミッション7（アズワン指定なし6）,0,1000007,6,2,1,True,1000050,1
616,100000107,テストミッション7（アズワン指定なし7）,0,1000007,7,2,1,True,1000060,1
617,100000108,テストミッション7（アズワン指定なし8）,0,1000007,8,2,1,True,1000100,1
618,100000109,テストミッション7（アズワン指定なし9）,0,1000007,9,3,1,True,1000200,1
619,100000110,テストミッション7（アズワン指定なし10）,0,1000007,10,3,1,True,1000300,1
620,100000200,テストミッション8（アズワン指定なし1:8vs8）,0,1000008,1,1,1,True,1000001,0
621,100000201,テストミッション8（アズワン指定なし2:8vs8）,0,1000008,2,2,1,True,1000010,0
622,100000202,テストミッション8（アズワン指定なし3:8vs8）,0,1000008,3,3,1,True,1000020,0
623,100000203,テストミッション9（アズワン指定なし1:2on2）,0,1000009,1,1,1,True,1000001,1
624,100000204,テストミッション9（アズワン指定なし2:2on2）,0,1000009,2,2,1,True,1000010,1
625,100000205,テストミッション9（アズワン指定なし3:2on2）,0,1000009,3,3,1,True,1000020,1
626,100000206,テストミッション9（アズワン指定なし4:2on2）,0,1000009,1,1,1,True,1000050,1
627,100000207,テストミッション9（アズワン指定なし5:2on2）,0,1000009,3,2,1,True,1000060,1
628,100000208,テストミッション10（ヒカリ1）,1,1000010,1,1,1,True,1000030,1
629,100000209,テストミッション10（ヒカリ2）,1,1000010,2,2,1,True,1000040,1
630,100000210,テストミッション11（レイカ1）,2,1000011,1,1,1,True,1000030,1
631,100000211,テストミッション11（レイカ2）,2,1000011,2,2,1,True,1000040,1
632,100000212,テストミッション12（シャーリー1）,3,1000012,1,1,1,True,1000030,1
633,100000213,テストミッション12（シャーリー2）,3,1000012,2,2,1,True,1000040,1
634,100000214,テストミッション13（イサドラ1）,4,1000013,1,1,1,True,1000030,1
635,100000215,テストミッション13（イサドラ2）,4,1000013,2,2,1,True,1000040,1
636,100000216,テストミッション14（ナギ1）,5,1000014,1,1,1,True,1000030,1
637,100000217,テストミッション14（ナギ2）,5,1000014,2,2,1,True,1000040,1
638,100000218,テストミッション15（カズマ1）,6,1000015,1,1,1,True,1000030,1
639,100000219,テストミッション15（カズマ2）,6,1000015,2,2,1,True,1000040,1
