---,PlayerTitleId,PlayerTitleBigCategory,PlayerTitleSmallCategory,GradeId,PlateId,Text,Descprition,IsDefault,IsDefaultEquipped,GameModeId
0,0,0,0,0,0,装備なし,※Dip上必要なデータ,True,True,0
1,1,1,12,0,1,新米パイロット,初期所持称号,True,False,0
2,2,1,12,0,2,中級者パイロット,未配布,False,False,0
3,3,1,20,4,101,初心者アズワン,シングルスター>に初めて到達,False,False,0
4,4,1,20,4,102,見習いアズワン,シングルスター>>に初めて到達,False,False,0
5,5,1,20,4,103,新米アズワン,シングルスター>>>に初めて到達,False,False,0
6,6,1,20,4,104,新参アズワン,ダブルスター>に初めて到達,False,False,0
7,7,1,20,4,105,新星アズワン,ダブルスター>>に初めて到達,False,False,0
8,8,1,20,4,106,下級アズワン,ダブルスター>>>に初めて到達,False,False,0
9,9,1,20,4,107,噂のアズワン,トリプルスター>に初めて到達,False,False,0
10,10,1,20,4,108,期待のアズワン,トリプルスター>>に初めて到達,False,False,0
11,11,1,20,4,109,中級アズワン,トリプルスター>>>に初めて到達,False,False,0
12,12,1,20,4,110,,フォースター>に初めて到達,False,False,0
13,13,1,20,4,111,,フォースター>>に初めて到達,False,False,0
14,14,1,20,4,112,,フォースター>>>に初めて到達,False,False,0
15,15,1,20,4,113,,ファイブスター>に初めて到達,False,False,0
16,16,1,20,4,114,,ファイブスター>>に初めて到達,False,False,0
17,17,1,20,4,115,,ファイブスター>>>に初めて到達,False,False,0
18,18,1,20,4,116,,ノヴァ>に初めて到達,False,False,0
19,19,1,20,4,117,,ノヴァ>>に初めて到達,False,False,0
20,20,1,20,4,118,,ノヴァ>>>に初めて到達,False,False,0
21,21,1,20,4,119,,スーパーノヴァ>に初めて到達,False,False,0
22,22,1,20,4,120,,スーパーノヴァ>>に初めて到達,False,False,0
23,23,1,20,4,121,,スーパーノヴァ>>>に初めて到達,False,False,0
24,24,3,30,8,101,ヒカリの同僚,ヒカリとのDePSを500獲得,False,False,0
25,25,3,30,8,102,ヒカリのマブダチ,ヒカリとのDePSを2500獲得,False,False,0
26,26,3,30,8,103,ヒカリの相棒,ヒカリとのDePSを4500獲得,False,False,0
27,27,3,30,8,104,ホワイトハート,ヒカリとのDePSを6500獲得,False,False,0
28,28,3,30,8,105,,ヒカリとのDePSを8500獲得,False,False,0
29,29,3,30,8,201,レイカの同僚,レイカとのDePSを500獲得,False,False,0
30,30,3,30,8,202,レイカのマブダチ,レイカとのDePSを2500獲得,False,False,0
31,31,3,30,8,203,レイカの相棒,レイカとのDePSを4500獲得,False,False,0
32,32,3,30,8,204,ブルーハート,レイカとのDePSを6500獲得,False,False,0
33,33,3,30,8,205,,レイカとのDePSを8500獲得,False,False,0
34,34,3,30,8,301,シャーリーの同僚,シャーリーとのDePSを500獲得,False,False,0
35,35,3,30,8,302,シャーリーのマブダチ,シャーリーとのDePSを2500獲得,False,False,0
36,36,3,30,8,303,シャーリーの相棒,シャーリーとのDePSを4500獲得,False,False,0
37,37,3,30,8,304,イエローハート,シャーリーとのDePSを6500獲得,False,False,0
38,38,3,30,8,305,,シャーリーとのDePSを8500獲得,False,False,0
39,39,3,30,8,401,イサドラの同僚,イサドラとのDePSを500獲得,False,False,0
40,40,3,30,8,402,イサドラのマブダチ,イサドラとのDePSを2500獲得,False,False,0
41,41,3,30,8,403,イサドラの相棒,イサドラとのDePSを4500獲得,False,False,0
42,42,3,30,8,404,グリーンハート,イサドラとのDePSを6500獲得,False,False,0
43,43,3,30,8,405,,イサドラとのDePSを8500獲得,False,False,0
44,44,3,30,8,501,ナギの同僚,ナギとのDePSを500獲得,False,False,0
45,45,3,30,8,502,ナギのマブダチ,ナギとのDePSを2500獲得,False,False,0
46,46,3,30,8,503,ナギの相棒,ナギとのDePSを4500獲得,False,False,0
47,47,3,30,8,504,レッドハート,ナギとのDePSを6500獲得,False,False,0
48,48,3,30,8,505,,ナギとのDePSを8500獲得,False,False,0
49,49,3,30,8,601,カズマの同僚,カズマとのDePSを500獲得,False,False,0
50,50,3,30,8,602,カズマのマブダチ,カズマとのDePSを2500獲得,False,False,0
51,51,3,30,8,603,カズマの相棒,カズマとのDePSを4500獲得,False,False,0
52,52,3,30,8,604,グレイハート,カズマとのDePSを6500獲得,False,False,0
53,53,3,30,8,605,,カズマとのDePSを8500獲得,False,False,0
54,54,3,34,9,101,ヒカリの物語,クエスト「コミュニケーション」をクリア,False,False,0
55,55,3,34,9,102,ヒカリの依頼人,クエスト「ヒカリと特訓１」をクリア,False,False,0
56,56,3,34,9,103,,未配布,False,False,0
57,57,3,34,9,201,レイカの物語,クエスト「コミュニケーション」をクリア,False,False,0
58,58,3,34,9,202,レイカの依頼人,クエスト「レイカと特訓１」をクリア,False,False,0
59,59,3,34,9,203,,未配布,False,False,0
60,60,3,34,9,301,シャーリーの物語,クエスト「コミュニケーション」をクリア,False,False,0
61,61,3,34,9,302,シャーリーの依頼人,クエスト「シャーリーと特訓１」をクリア,False,False,0
62,62,3,34,9,303,,未配布,False,False,0
63,63,3,34,9,401,イサドラの物語,クエスト「コミュニケーション」をクリア,False,False,0
64,64,3,34,9,402,イサドラの依頼人,クエスト「イサドラと特訓１」をクリア,False,False,0
65,65,3,34,9,403,,未配布,False,False,0
66,66,3,34,9,501,ナギの物語,クエスト「コミュニケーション」をクリア,False,False,0
67,67,3,34,9,502,ナギの依頼人,クエスト「ナギと特訓１」をクリア,False,False,0
68,68,3,34,9,503,,未配布,False,False,0
69,69,3,34,9,601,カズマの物語,クエスト「コミュニケーション」をクリア,False,False,0
70,70,3,34,9,602,カズマの依頼人,クエスト「カズマと特訓１」をクリア,False,False,0
71,71,3,34,9,603,,未配布,False,False,0
72,1000,0,0,0,100,ヴ・レード惺王国,未配布,False,False,0
73,1001,0,0,0,101,轟ア・スレッガ,未配布,False,False,0
74,2001,4,0,1,1,,ガンスリンガーストラトス　コラボレーション,False,False,0
75,2002,4,0,1,2,,クエスト「クリスマス作戦３」をクリア,False,False,0
76,99999,4,0,999,1,,称号確認用,False,False,0
77,76,3,32,6,101,ピカピカのお星様☆,ヒカリと全国対戦10回勝利,False,False,0
78,77,3,32,6,102,キラキラの流れ星☆,ヒカリと全国対戦30回勝利,False,False,0
79,78,3,32,6,103,ビッグスター,ヒカリと全国対戦60回勝利,False,False,0
80,79,3,32,6,104,戦場で輝く一番星,ヒカリと全国対戦100回勝利,False,False,0
81,80,3,32,6,105,,ヒカリと全国対戦600回勝利,False,False,0
82,81,3,32,6,201,風紀委員長,レイカと全国対戦10回勝利,False,False,0
83,82,3,32,6,202,クールビューティー,レイカと全国対戦30回勝利,False,False,0
84,83,3,32,6,203,氷獄の眼差し,レイカと全国対戦60回勝利,False,False,0
85,84,3,32,6,204,冷徹な戦乙女,レイカと全国対戦100回勝利,False,False,0
86,85,3,32,6,205,,レイカと全国対戦600回勝利,False,False,0
87,86,3,32,6,301,わがまま娘,シャーリーと全国対戦10回勝利,False,False,0
88,87,3,32,6,302,都会っ子倒すガール,シャーリーと全国対戦30回勝利,False,False,0
89,88,3,32,6,303,リトルビッグ,シャーリーと全国対戦60回勝利,False,False,0
90,89,3,32,6,304,黄金の魂,シャーリーと全国対戦100回勝利,False,False,0
91,90,3,32,6,305,,シャーリーと全国対戦600回勝利,False,False,0
92,91,3,32,6,401,大人のレディー,イサドラと全国対戦10回勝利,False,False,0
93,92,3,32,6,402,頼れる姉御肌,イサドラと全国対戦30回勝利,False,False,0
94,93,3,32,6,403,ハートスナイパー,イサドラと全国対戦60回勝利,False,False,0
95,94,3,32,6,404,シークレットスパイ,イサドラと全国対戦100回勝利,False,False,0
96,95,3,32,6,405,,イサドラと全国対戦600回勝利,False,False,0
97,96,3,32,6,501,まっすぐ男子,ナギと全国対戦10回勝利,False,False,0
98,97,3,32,6,502,爽やかイケメン,ナギと全国対戦30回勝利,False,False,0
99,98,3,32,6,503,バトルコック,ナギと全国対戦60回勝利,False,False,0
100,99,3,32,6,504,ジャスティスレッド,ナギと全国対戦100回勝利,False,False,0
101,100,3,32,6,505,,ナギと全国対戦600回勝利,False,False,0
102,101,3,32,6,601,はらぺこ漢,カズマと全国対戦10回勝利,False,False,0
103,102,3,32,6,602,熱血男子,カズマと全国対戦30回勝利,False,False,0
104,103,3,32,6,603,ハングリー精神,カズマと全国対戦60回勝利,False,False,0
105,104,3,32,6,604,暴飲暴食,カズマと全国対戦100回勝利,False,False,0
106,105,3,32,6,605,,カズマと全国対戦600回勝利,False,False,0
107,106,3,33,7,101,シューティングガール,ヒカリと全国対戦3連続勝利,False,False,0
108,107,3,33,7,102,輝き続ける一番星☆,ヒカリと全国対戦5連続勝利,False,False,0
109,108,3,33,7,103,,ヒカリと全国対戦10連続勝利,False,False,0
110,109,3,33,7,201,ツンデレ少女,レイカと全国対戦3連続勝利,False,False,0
111,110,3,33,7,202,ヴァルキュリア,レイカと全国対戦5連続勝利,False,False,0
112,111,3,33,7,203,,レイカと全国対戦10連続勝利,False,False,0
113,112,3,33,7,301,じゃじゃ馬娘,シャーリーと全国対戦3連続勝利,False,False,0
114,113,3,33,7,302,ゴールドラッシュ,シャーリーと全国対戦5連続勝利,False,False,0
115,114,3,33,7,303,,シャーリーと全国対戦10連続勝利,False,False,0
116,115,3,33,7,401,セクシークイーン,イサドラと全国対戦3連続勝利,False,False,0
117,116,3,33,7,402,勝利の女神,イサドラと全国対戦5連続勝利,False,False,0
118,117,3,33,7,403,,イサドラと全国対戦10連続勝利,False,False,0
119,118,3,33,7,501,ストレートボーイ,ナギと全国対戦3連続勝利,False,False,0
120,119,3,33,7,502,終わりなきお茶会,ナギと全国対戦5連続勝利,False,False,0
121,120,3,33,7,503,,ナギと全国対戦10連続勝利,False,False,0
122,121,3,33,7,601,あちー漢,カズマと全国対戦3連続勝利,False,False,0
123,122,3,33,7,602,燃え続ける炎,カズマと全国対戦5連続勝利,False,False,0
124,123,3,33,7,603,,カズマと全国対戦10連続勝利,False,False,0
125,124,1,33,101,101,クロックスター,全国対戦50時間プレイ,False,False,0
126,125,1,33,101,102,星の砂時計,全国対戦250時間プレイ,False,False,0
127,126,1,33,101,103,,全国対戦500時間プレイ,False,False,0
128,127,1,33,101,201,百戦錬磨,全国対戦100回プレイ,False,False,0
129,128,1,33,101,202,血に飢える騎士,全国対戦1000回プレイ,False,False,0
130,129,1,33,101,203,,全国対戦10000回プレイ,False,False,0
131,130,1,33,101,301,神頼み,願掛け10回成功,False,False,0
132,131,1,33,101,302,交通安全,願掛け50回成功,False,False,0
133,132,1,33,101,303,願い星,願掛け100回成功,False,False,0
134,133,1,33,101,304,無敗のお守り,願掛け500回成功,False,False,0
135,134,1,33,101,305,,願掛け1000回成功,False,False,0
136,135,2,33,3,101,闘いの鼓舞,全国対戦5回勝利,False,False,0
137,136,2,33,3,102,十字架を背負う死神,全国対戦10回勝利,False,False,0
138,137,2,33,3,103,百の星を砕く猛者,全国対戦100回勝利,False,False,0
139,138,2,33,3,104,一騎当千,全国対戦1000回勝利,False,False,0
140,139,2,33,3,105,,全国対戦3000回勝利,False,False,0
141,140,2,33,3,201,スコアゲッター,累計リザルトスコア100000達成,False,False,0
142,141,2,33,3,202,最高にハイスコア,累計リザルトスコア500000達成,False,False,0
143,142,2,33,3,203,オールラウンダー,累計リザルトスコア1000000達成,False,False,0
144,143,2,33,3,204,,累計リザルトスコア5000000達成,False,False,0
145,144,2,33,3,301,金メダリスト,リザルトスコア1位に3回なった,False,False,0
146,145,2,33,3,302,スーパースター,リザルトスコア1位に6回なった,False,False,0
147,146,2,33,3,303,王冠の継承者,リザルトスコア1位に10回なった,False,False,0
148,147,2,33,3,304,,リザルトスコア1位に30回なった,False,False,0
149,148,2,33,3,401,バーサーカー,累計アタックスコア20000達成,False,False,0
150,149,2,33,3,402,最強の矛,累計アタックスコア50000達成,False,False,0
151,150,2,33,3,403,,累計アタックスコア100000達成,False,False,0
152,151,2,33,3,501,キャンプ地とする,累計占拠スコア15000達成,False,False,0
153,152,2,33,3,502,世界征服,累計占拠スコア30000達成,False,False,0
154,153,2,33,3,503,,累計占拠スコア75000達成,False,False,0
155,154,2,33,3,601,お手伝いさん,累計アシストスコア15000達成,False,False,0
156,155,2,33,3,602,アシスタント,累計アシストスコア30000達成,False,False,0
157,156,2,33,3,603,,累計アシストスコア75000達成,False,False,0
158,157,2,33,3,701,グッドプレイヤー,1対戦でナイスプレイ15個達成,False,False,0
159,158,2,33,3,702,ナイスプレイヤー,1対戦でナイスプレイ25個達成,False,False,0
160,159,2,33,3,703,,1対戦でナイスプレイ40個達成,False,False,0
161,160,2,33,3,801,キラーマシン,累計キル数15回達成,False,False,0
162,161,2,33,3,802,ブラックホール注意！,累計キル数150回達成,False,False,0
163,162,2,33,3,803,,累計キル数300回達成,False,False,0
164,163,2,33,3,101,マグハンター,マグを累計100機撃破,False,False,0
165,164,2,33,3,102,マグマグハンター,マグを累計3000機撃破,False,False,0
166,165,2,33,3,103,最強のマグキラー,マグを累計10000機撃破,False,False,0
167,166,2,33,3,101,Sマグダメ,Sマグへ累計20000ダメージを与えた,False,False,0
168,167,2,33,3,102,Sマグすげーダメ,Sマグへ累計300000ダメージを与えた,False,False,0
169,168,2,33,3,103,Sマグ超ダメ,Sマグへ累計1000000ダメージを与えた,False,False,0
170,169,2,33,3,101,タワーダメ,タワーへ累計20000ダメージを与えた,False,False,0
171,170,2,33,3,102,タワーすげーダメ,タワーへ累計300000ダメージを与えた,False,False,0
172,171,2,33,3,103,タワー超ダメ,タワーへ累計1000000ダメージを与えた,False,False,0
173,172,2,33,3,101,グランデダメ,グランデへ累計20000ダメージを与えた,False,False,0
174,173,2,33,3,102,グランデすげーダメ,グランデへ累計300000ダメージを与えた,False,False,0
175,174,2,33,3,103,グランデ超ダメ,グランデへ累計1000000ダメージを与えた,False,False,0
176,175,2,33,3,101,コアダメ,コアへ累計20000ダメージを与えた,False,False,0
177,176,2,33,3,102,コアすげーダメ,コアへ累計300000ダメージを与えた,False,False,0
178,177,2,33,3,103,コア超ダメ,コアへ累計1000000ダメージを与えた,False,False,0
179,178,2,33,3,101,アサルト使い,アサルトで累計60分対戦した,False,False,0
180,179,2,33,3,102,ベテランアサルト,アサルトで累計450分対戦した,False,False,0
181,180,2,33,3,103,アサルトマスター,アサルトで累計1500分対戦した,False,False,0
182,181,2,33,3,101,ヴァン使い,ヴァンガードで累計60分対戦した,False,False,0
183,182,2,33,3,102,ベテランヴァン,ヴァンガードで累計450分対戦した,False,False,0
184,183,2,33,3,103,ヴァンガマスター,ヴァンガードで累計1500分対戦した,False,False,0
185,184,2,33,3,101,サポーター,サポートで累計60分対戦した,False,False,0
186,185,2,33,3,102,ベテランサポーター,サポートで累計450分対戦した,False,False,0
187,186,2,33,3,103,サポートマスター,サポートで累計1500分対戦した,False,False,0
188,187,1,31,100,101,期待のパイロット,累計25日ログイン,False,False,0
189,188,1,31,100,102,エースパイロット,累計50日ログイン,False,False,0
190,189,1,31,100,103,歴戦のパイロット,累計100日ログイン,False,False,0
191,190,1,31,100,104,,累計222日ログイン,False,False,0
192,191,1,31,100,103,一年星血戦争,累計365日ログイン,False,False,0
193,192,1,31,100,101,四つ星プレイヤー,連続4日ログイン,False,False,0
194,193,1,31,100,102,空に輝く五つ星,連続5日ログイン,False,False,0
195,194,1,31,100,103,ミルク・ディッパー,連続6日ログイン,False,False,0
196,195,1,31,100,204,北斗七星の煌めき,連続7日ログイン,False,False,0
197,196,1,33,2,101,パーツコレクター,メカパーツ30個獲得,False,False,0
198,197,1,33,2,102,パーツマニア,メカパーツ40個獲得,False,False,0
199,198,1,33,2,103,,メカパーツ50個獲得,False,False,0
200,199,1,33,2,101,ウェポンコレクター,武器25個獲得,False,False,0
201,200,1,33,2,202,ウェポンマニア,武器35個獲得,False,False,0
202,201,1,33,2,203,,武器45個獲得,False,False,0
203,202,1,33,2,101,タイトルコレクター,称号50個獲得,False,False,0
204,203,1,33,2,302,タイトルマニア,称号100個獲得,False,False,0
205,204,1,33,2,303,,称号150個獲得,False,False,0
206,205,1,33,2,101,エンブレムコレクター,エンブレムパーツ50個獲得,False,False,0
207,206,1,33,2,402,エンブレムマニア,エンブレムパーツ100個獲得,False,False,0
208,207,1,33,2,403,,エンブレムパーツ150個獲得,False,False,0
209,208,1,33,2,101,ラインコレクター,ラインカラー12個獲得,False,False,0
210,209,1,33,2,101,ポージングコレクター,勝利ポーズ30個獲得,False,False,0
211,210,1,33,2,101,スキルコレクター,アズワンスキル36個獲得,False,False,0
212,229,2,9,3,127,キザナのエース,ミッション「キザナ共闘戦線ミッション1」をクリア,False,False,0
213,230,2,9,3,127,星血の守護神,ミッション「キザナ共闘戦線ミッション2」をクリア,False,False,0
214,231,2,9,3,126,おそうじ名人,ミッション「キザナ共闘戦線ミッション3」をクリア,False,False,0
215,232,2,9,3,126,あれれ帰っちゃうの？,ミッション「キザナ共闘戦線ミッション4」をクリア,False,False,0
216,233,2,9,3,127,1周年おめでとう！,1周年記念ログインボーナス,False,False,0
217,234,2,9,3,128,愛機ソリディア,モバイル限定称号,False,False,0
218,235,2,34,3,102,バックラッシュ,クエスト「キザナ共闘戦線クエスト７」をクリア,False,False,0
219,236,2,9,3,126,もっと本気出してよ,ミッション「キザナ共闘戦線ミッション5」をクリア,False,False,0
220,237,2,9,3,127,俺に死角はねえ！,ミッション「キザナ共闘戦線ミッション6」をクリア,False,False,0
221,2003,4,9,1,3,,ミッション「バレンタインキャンペーン２」をクリア,False,False,0
222,2004,4,8,1,4,,ミッション「ディスドスキャンペーン４」をクリア,False,False,0
223,2005,4,8,1,5,,ミッション「スクラッパーキャンペーン４」をクリア,False,False,0
224,2006,4,8,1,6,,ミッション「ファルマコンキャンペーン４」をクリア,False,False,0
225,2007,4,8,1,7,,ミッション「ラピスヘッジキャンペーン」をすべてクリア,False,False,0
226,2008,4,8,1,8,,ミッション「パ・フェクトキャンペーン」をすべてクリア,False,False,0
227,2009,4,8,1,9,,ミッション「アンゼロイキャンペーン」をすべてクリア,False,False,0
228,2010,4,8,1,10,,ミッション「オキサイドキャンペーン」をすべてクリア,False,False,0
229,2011,4,8,1,11,,ミッション「エタニティキャンペーン」をすべてクリア,False,False,0
230,2012,4,8,1,12,,コトブキヤ「ソリディア通常版特典」,False,False,0
231,2013,4,8,1,13,,コトブキヤ「ソリディア限定版特典」,False,False,0
232,2020,4,9,1,20,,ミッション「ジューンブライドキャンペーン２」をクリア,False,False,0
233,2021,4,9,1,21,,ミッション「夏休みキャンペーン３」をクリア,False,False,0
234,2401,4,9,1,401,,クエスト「６月の花嫁３」をクリア,False,False,0
235,2402,4,9,1,402,,クエスト「６月の花嫁３」をクリア,False,False,0
236,2403,4,9,1,403,,クエスト「６月の花嫁３」をクリア,False,False,0
237,2404,4,9,1,404,,クエスト「６月の花嫁３」をクリア,False,False,0
238,2405,4,9,1,405,,クエスト「６月の花婿３」をクリア,False,False,0
239,2406,4,9,1,406,,クエスト「６月の花婿３」をクリア,False,False,0
240,2407,4,34,9,407,,クエスト「最の高なクリスマスを４【12/29まで】」をクリア,False,False,0
241,2408,4,34,9,408,,クエスト「お正月チャレンジクエスト４【1/21まで】」をクリア,False,False,0
242,2409,4,34,9,409,,クエスト「チョコっと甘～い出撃４【2/18まで】」をクリア,False,False,0
243,2410,4,9,1,410,,ミッション「5000ナイスプレイチャレンジ」をクリア,False,False,0
244,2411,4,34,9,411,,クエスト「お返しチョ～だい！」をクリア,False,False,0
245,2412,4,34,9,412,,クエスト「あっぱれ五月晴れ！」をクリア,False,False,0
246,2413,4,34,9,413,,クエスト「宇宙でめぐり会う二人」をクリア,False,False,0
247,2414,4,34,9,414,,クエスト「あっちぃーの夏盛り！」をクリア,False,False,0
248,3101,4,50,200,101,,公式プレイヤーとマッチングする,False,False,0
249,3102,4,50,200,102,,公式プレイヤーとマッチングした試合で1回勝利する,False,False,0
250,3103,4,50,200,103,,公式プレイヤーとマッチングした試合で5回勝利する,False,False,0
251,3104,4,50,200,104,,公式プレイヤーとマッチングした試合で10回勝利する,False,False,0
252,3201,4,50,200,201,,公式プレイヤーとマッチングする,False,False,0
253,3202,4,50,200,202,,公式プレイヤーとマッチングした試合で1回勝利する,False,False,0
254,3203,4,50,200,203,,公式プレイヤーとマッチングした試合で5回勝利する,False,False,0
255,3204,4,50,200,204,,公式プレイヤーとマッチングした試合で10回勝利する,False,False,0
256,3301,4,50,200,301,,公式プレイヤーとマッチングする,False,False,0
257,3302,4,50,200,302,,公式プレイヤーとマッチングした試合で1回勝利する,False,False,0
258,3303,4,50,200,303,,公式プレイヤーとマッチングした試合で5回勝利する,False,False,0
259,3304,4,50,200,304,,公式プレイヤーとマッチングした試合で10回勝利する,False,False,0
260,3401,4,50,200,401,,公式プレイヤーとマッチングする,False,False,0
261,3402,4,50,200,402,,公式プレイヤーとマッチングした試合で1回勝利する,False,False,0
262,3403,4,50,200,403,,公式プレイヤーとマッチングした試合で5回勝利する,False,False,0
263,3404,4,50,200,404,,公式プレイヤーとマッチングした試合で10回勝利する,False,False,0
264,3501,4,50,200,501,,公式プレイヤーとマッチングする,False,False,0
265,3502,4,50,200,502,,公式プレイヤーとマッチングした試合で1回勝利する,False,False,0
266,3503,4,50,200,503,,公式プレイヤーとマッチングした試合で5回勝利する,False,False,0
267,3504,4,50,200,504,,公式プレイヤーとマッチングした試合で10回勝利する,False,False,0
268,3601,4,50,200,601,,公式プレイヤーとマッチングする,False,False,0
269,3602,4,50,200,602,,公式プレイヤーとマッチングした試合で1回勝利する,False,False,0
270,3603,4,50,200,603,,公式プレイヤーとマッチングした試合で5回勝利する,False,False,0
271,3604,4,50,200,604,,公式プレイヤーとマッチングした試合で10回勝利する,False,False,0
272,3701,4,50,200,701,,公式プレイヤーとマッチングする,False,False,0
273,3702,4,50,200,702,,公式プレイヤーとマッチングした試合で1回勝利する,False,False,0
274,3703,4,50,200,703,,公式プレイヤーとマッチングした試合で5回勝利する,False,False,0
275,3704,4,50,200,704,,公式プレイヤーとマッチングした試合で10回勝利する,False,False,0
276,4001,4,50,201,1,,公式プレイヤーとマッチングする,False,False,0
277,4002,4,50,201,2,,公式プレイヤーとマッチングした試合で1回勝利する,False,False,0
278,4003,4,50,201,3,,公式プレイヤーとマッチングした試合で5回勝利する,False,False,0
279,4004,4,50,201,4,,公式プレイヤーとマッチングした試合で10回勝利する,False,False,0
280,4101,4,50,201,101,,公式プレイヤーとマッチングする,False,False,0
281,4102,4,50,201,102,,公式プレイヤーとマッチングした試合で1回勝利する,False,False,0
282,4103,4,50,201,103,,公式プレイヤーとマッチングした試合で5回勝利する,False,False,0
283,4104,4,50,201,104,,公式プレイヤーとマッチングした試合で10回勝利する,False,False,0
284,4201,4,50,201,201,,公式プレイヤーとマッチングする,False,False,0
285,4202,4,50,201,202,,公式プレイヤーとマッチングした試合で1回勝利する,False,False,0
286,4203,4,50,201,203,,公式プレイヤーとマッチングした試合で5回勝利する,False,False,0
287,4204,4,50,201,204,,公式プレイヤーとマッチングした試合で10回勝利する,False,False,0
288,5001,4,40,300,101,,翔握戦2019＃1　優勝,False,False,0
289,5002,4,40,300,102,,翔握戦2019＃1　準優勝,False,False,0
290,5003,4,40,300,103,,翔握戦2019＃1　三位,False,False,0
291,5004,4,40,300,104,,翔握戦2019＃2　優勝,False,False,0
292,5005,4,40,300,105,,翔握戦2019＃2　準優勝,False,False,0
293,5006,4,40,300,106,,翔握戦2019＃2　三位,False,False,0
294,5131,4,40,300,131,,翔握戦2019＃3　優勝,False,False,0
295,5132,4,40,300,132,,翔握戦2019＃3　準優勝,False,False,0
296,5133,4,40,300,133,,翔握戦2019＃3　三位,False,False,0
297,5141,4,40,300,141,,翔握戦2019＃4　優勝,False,False,0
298,5142,4,40,300,142,,翔握戦2019＃4　準優勝,False,False,0
299,5143,4,40,300,143,,翔握戦2019＃4　三位,False,False,0
300,5151,4,40,300,151,,翔握戦2019＃5　優勝,False,False,0
301,5152,4,40,300,152,,翔握戦2019＃5　準優勝,False,False,0
302,5153,4,40,300,153,,翔握戦2019＃5　三位,False,False,0
303,5161,4,40,300,161,,翔握戦2019＃6　優勝,False,False,0
304,5162,4,40,300,162,,翔握戦2019＃6　準優勝,False,False,0
305,5163,4,40,300,163,,翔握戦2019＃6　三位,False,False,0
306,5171,4,40,300,171,,翔握戦2019＃7　優勝,False,False,0
307,5172,4,40,300,172,,翔握戦2019＃7　準優勝,False,False,0
308,5173,4,40,300,173,,翔握戦2019＃7　三位,False,False,0
309,5181,4,40,300,181,,翔握戦2019＃8　優勝,False,False,0
310,5182,4,40,300,182,,翔握戦2019＃8　準優勝,False,False,0
311,5183,4,40,300,183,,翔握戦2019＃8　三位,False,False,0
312,5211,4,40,311,211,,翔握戦2020＃1　優勝,False,False,0
313,5212,4,40,311,212,,翔握戦2020＃1　準優勝,False,False,0
314,5213,4,40,311,213,,翔握戦2020＃1　三位,False,False,0
315,5221,4,40,311,221,,翔握戦2020＃2　優勝,False,False,0
316,5222,4,40,311,222,,翔握戦2020＃2　準優勝,False,False,0
317,5223,4,40,311,223,,翔握戦2020＃2　三位,False,False,0
318,5231,4,40,311,231,,翔握戦2020＃3　優勝,False,False,0
319,5232,4,40,311,232,,翔握戦2020＃3　準優勝,False,False,0
320,5233,4,40,311,233,,翔握戦2020＃3　三位,False,False,0
321,5241,4,40,311,241,,翔握戦2020＃4　優勝,False,False,0
322,5242,4,40,311,242,,翔握戦2020＃4　準優勝,False,False,0
323,5243,4,40,311,243,,翔握戦2020＃4　三位,False,False,0
324,211,1,20,4,122,,スターウィングに初めて到達,False,False,0
325,5801,4,40,310,101,,Round1Tournament2019＃1　優勝,False,False,0
326,5802,4,40,310,102,,Round1Tournament2019＃1　準優勝,False,False,0
327,5803,4,40,310,103,,Round1Tournament2019＃1　三位,False,False,0
328,5811,4,40,310,111,,Round1Tournament2019＃2　優勝,False,False,0
329,5812,4,40,310,112,,Round1Tournament2019＃2　準優勝,False,False,0
330,5813,4,40,310,113,,Round1Tournament2019＃2　三位,False,False,0
331,5821,4,40,310,121,,Round1Tournament2019＃3　優勝,False,False,0
332,5822,4,40,310,122,,Round1Tournament2019＃3　準優勝,False,False,0
333,5823,4,40,310,123,,Round1Tournament2019＃3　三位,False,False,0
334,5831,4,40,310,131,,Round1Tournament2019＃4　優勝,False,False,0
335,5832,4,40,310,132,,Round1Tournament2019＃4　準優勝,False,False,0
336,5833,4,40,310,133,,Round1Tournament2019＃4　三位,False,False,0
337,5841,4,40,310,141,,Round1Tournament2019＃5　優勝,False,False,0
338,5842,4,40,310,142,,Round1Tournament2019＃5　準優勝,False,False,0
339,5843,4,40,310,143,,Round1Tournament2019＃5　三位,False,False,0
340,6161,4,40,310,161,,Round1Tournament2019＃6　優勝,False,False,0
341,6162,4,40,310,162,,Round1Tournament2019＃6　準優勝,False,False,0
342,6163,4,40,310,163,,Round1Tournament2019＃6　三位,False,False,0
343,6171,4,40,310,171,,Round1Tournament2019＃7　優勝,False,False,0
344,6172,4,40,310,172,,Round1Tournament2019＃7　準優勝,False,False,0
345,6173,4,40,310,173,,Round1Tournament2019＃7　三位,False,False,0
346,6181,4,40,310,181,,Round1Tournament2019＃8　優勝,False,False,0
347,6182,4,40,310,182,,Round1Tournament2019＃8　準優勝,False,False,0
348,6183,4,40,310,183,,Round1Tournament2019＃8　三位,False,False,0
349,6191,4,40,310,191,,Round1Tournament2019＃9　優勝,False,False,0
350,6192,4,40,310,192,,Round1Tournament2019＃9　準優勝,False,False,0
351,6193,4,40,310,193,,Round1Tournament2019＃9　三位,False,False,0
352,6251,4,40,310,251,,Round1Tournament2019＃10　優勝,False,False,0
353,6252,4,40,310,252,,Round1Tournament2019＃10　準優勝,False,False,0
354,6253,4,40,310,253,,Round1Tournament2019＃10　三位,False,False,0
355,6174,4,40,310,174,,RoundAZ-One 優勝,False,False,0
356,6175,4,40,310,175,,RoundAZ-One 準優勝,False,False,0
357,6176,4,40,310,176,,RoundAZ-One 三位,False,False,0
358,6311,4,40,312,311,,Round1Tournament2020＃1　優勝,False,False,0
359,6312,4,40,312,312,,Round1Tournament2020＃1　準優勝,False,False,0
360,6313,4,40,312,313,,Round1Tournament2020＃1　三位,False,False,0
361,6321,4,40,312,321,,Round1Tournament2020＃2　優勝,False,False,0
362,6322,4,40,312,322,,Round1Tournament2020＃2　準優勝,False,False,0
363,6323,4,40,312,323,,Round1Tournament2020＃2　三位,False,False,0
364,6331,4,40,312,331,,Round1Tournament2020＃3　優勝,False,False,0
365,6332,4,40,312,332,,Round1Tournament2020＃3　準優勝,False,False,0
366,6333,4,40,312,333,,Round1Tournament2020＃3　三位,False,False,0
367,6341,4,40,312,341,,Round1Tournament2020＃4　優勝,False,False,0
368,6342,4,40,312,342,,Round1Tournament2020＃4　準優勝,False,False,0
369,6343,4,40,312,343,,Round1Tournament2020＃4　三位,False,False,0
370,6391,4,40,312,391,,RoundAZ-One 2020　優勝,False,False,0
371,6392,4,40,312,392,,RoundAZ-One 2020　準優勝,False,False,0
372,6393,4,40,312,393,,RoundAZ-One 2020　三位,False,False,0
373,6211,4,40,310,211,,Championship2019#1　優勝,False,False,0
374,6212,4,40,310,212,,Championship2019#1　準優勝,False,False,0
375,6213,4,40,310,213,,Championship2019#1　三位,False,False,0
376,6221,4,40,310,221,,Championship2019#2　優勝,False,False,0
377,6222,4,40,310,222,,Championship2019#2　準優勝,False,False,0
378,6223,4,40,310,223,,Championship2019#2　三位,False,False,0
379,6231,4,40,310,231,,Championship2019#3　優勝,False,False,0
380,6232,4,40,310,232,,Championship2019#3　準優勝,False,False,0
381,6233,4,40,310,233,,Championship2019#3　三位,False,False,0
382,6241,4,40,310,241,,Championship2019#4　優勝,False,False,0
383,6242,4,40,310,242,,Championship2019#4　準優勝,False,False,0
384,6243,4,40,310,243,,Championship2019#4　三位,False,False,0
385,6511,4,40,312,511,,Championship2020#1　優勝,False,False,0
386,6512,4,40,312,512,,Championship2020#1　準優勝,False,False,0
387,6513,4,40,312,513,,Championship2020#1　三位,False,False,0
388,6521,4,40,312,521,,Championship2020#2　優勝,False,False,0
389,6522,4,40,312,522,,Championship2020#2　準優勝,False,False,0
390,6523,4,40,312,523,,Championship2020#2　三位,False,False,0
391,6531,4,40,312,531,,Championship2020#3　優勝,False,False,0
392,6532,4,40,312,532,,Championship2020#3　準優勝,False,False,0
393,6533,4,40,312,533,,Championship2020#3　三位,False,False,0
394,6541,4,40,312,541,,Championship2020#4　優勝,False,False,0
395,6542,4,40,312,542,,Championship2020#4　準優勝,False,False,0
396,6543,4,40,312,543,,Championship2020#4　三位,False,False,0
397,5844,4,40,310,201,,女子会に参加した。,False,False,0
398,212,1,20,4,123,,スターウィング5に初めて到達,False,False,0
399,213,1,20,4,124,,スターウィング10に初めて到達,False,False,0
400,214,1,20,101,401,,1回全国対戦に同時出撃する,False,False,0
401,215,1,20,101,402,,5回全国対戦に同時出撃する,False,False,0
402,216,1,20,101,403,,15回全国対戦に同時出撃する,False,False,0
403,217,1,20,101,404,,50回全国対戦に同時出撃する,False,False,0
404,218,1,20,101,405,,150回全国対戦に同時出撃する,False,False,0
405,219,1,20,101,406,,500回全国対戦に同時出撃する,False,False,0
406,220,1,20,101,407,,全国対戦で、同一のプレイヤーと10回同時出撃する,False,False,0
407,221,1,20,101,408,,全国対戦で、同一のプレイヤーと30回同時出撃する,False,False,0
408,222,1,20,101,409,,全国対戦で、同一のプレイヤーと100回同時出撃する,False,False,0
409,223,1,20,101,410,,全国対戦に、異なる3人のプレイヤーと同時出撃する,False,False,0
410,224,1,20,101,411,,全国対戦に、異なる10人のプレイヤーと同時出撃する,False,False,0
411,225,1,20,101,412,,全国対戦に、異なる25人のプレイヤーと同時出撃する,False,False,0
412,226,1,20,101,413,,全国対戦で、5人の異なる所属都道府県のプレイヤーと同時出撃する,False,False,0
413,227,1,20,101,414,,全国対戦で、10人の異なる所属都道府県のプレイヤーと同時出撃する,False,False,0
414,228,1,20,101,415,,全国対戦で、15人の異なる所属都道府県のプレイヤーと同時出撃する,False,False,0
415,3105,4,50,200,105,,マッチングチャンス開催日に全国対戦で10勝する（ヒカリ）,False,False,0
416,3106,4,50,200,106,,マッチングチャンス開催日に全国対戦で20勝する（ヒカリ）,False,False,0
417,3107,4,50,200,107,,マッチングチャンス開催日に全国対戦で30勝する（ヒカリ）,False,False,0
418,3108,4,50,200,108,,マッチングチャンス開催日に全国対戦で40勝する（ヒカリ）,False,False,0
419,3109,4,50,200,109,,マッチングチャンス開催日に全国対戦で50勝する（ヒカリ）,False,False,0
420,3110,4,50,200,110,,マッチングチャンス開催日に全国対戦で60勝する（ヒカリ）,False,False,0
421,3205,4,50,200,205,,マッチングチャンス開催日に全国対戦で10勝する（レイカ）,False,False,0
422,3206,4,50,200,206,,マッチングチャンス開催日に全国対戦で20勝する（レイカ）,False,False,0
423,3207,4,50,200,207,,マッチングチャンス開催日に全国対戦で30勝する（レイカ）,False,False,0
424,3208,4,50,200,208,,マッチングチャンス開催日に全国対戦で40勝する（レイカ）,False,False,0
425,3209,4,50,200,209,,マッチングチャンス開催日に全国対戦で50勝する（レイカ）,False,False,0
426,3210,4,50,200,210,,マッチングチャンス開催日に全国対戦で60勝する（レイカ）,False,False,0
427,3305,4,50,200,305,,マッチングチャンス開催日に全国対戦で10勝する（シャーリー）,False,False,0
428,3306,4,50,200,306,,マッチングチャンス開催日に全国対戦で20勝する（シャーリー）,False,False,0
429,3307,4,50,200,307,,マッチングチャンス開催日に全国対戦で30勝する（シャーリー）,False,False,0
430,3308,4,50,200,308,,マッチングチャンス開催日に全国対戦で40勝する（シャーリー）,False,False,0
431,3309,4,50,200,309,,マッチングチャンス開催日に全国対戦で50勝する（シャーリー）,False,False,0
432,3310,4,50,200,310,,マッチングチャンス開催日に全国対戦で60勝する（シャーリー）,False,False,0
433,3405,4,50,200,405,,マッチングチャンス開催日に全国対戦で10勝する（イサドラ）,False,False,0
434,3406,4,50,200,406,,マッチングチャンス開催日に全国対戦で20勝する（イサドラ）,False,False,0
435,3407,4,50,200,407,,マッチングチャンス開催日に全国対戦で30勝する（イサドラ）,False,False,0
436,3408,4,50,200,408,,マッチングチャンス開催日に全国対戦で40勝する（イサドラ）,False,False,0
437,3409,4,50,200,409,,マッチングチャンス開催日に全国対戦で50勝する（イサドラ）,False,False,0
438,3410,4,50,200,410,,マッチングチャンス開催日に全国対戦で60勝する（イサドラ）,False,False,0
439,3505,4,50,200,505,,マッチングチャンス開催日に全国対戦で10勝する（ナギ）,False,False,0
440,3506,4,50,200,506,,マッチングチャンス開催日に全国対戦で20勝する（ナギ）,False,False,0
441,3507,4,50,200,507,,マッチングチャンス開催日に全国対戦で30勝する（ナギ）,False,False,0
442,3508,4,50,200,508,,マッチングチャンス開催日に全国対戦で40勝する（ナギ）,False,False,0
443,3509,4,50,200,509,,マッチングチャンス開催日に全国対戦で50勝する（ナギ）,False,False,0
444,3510,4,50,200,510,,マッチングチャンス開催日に全国対戦で60勝する（ナギ）,False,False,0
445,3605,4,50,200,605,,マッチングチャンス開催日に全国対戦で10勝する（カズマ）,False,False,0
446,3606,4,50,200,606,,マッチングチャンス開催日に全国対戦で20勝する（カズマ）,False,False,0
447,3607,4,50,200,607,,マッチングチャンス開催日に全国対戦で30勝する（カズマ）,False,False,0
448,3608,4,50,200,608,,マッチングチャンス開催日に全国対戦で40勝する（カズマ）,False,False,0
449,3609,4,50,200,609,,マッチングチャンス開催日に全国対戦で50勝する（カズマ）,False,False,0
450,3610,4,50,200,610,,マッチングチャンス開催日に全国対戦で60勝する（カズマ）,False,False,0
451,4301,4,50,201,401,,公式プレイヤーとマッチングする,False,False,0
452,4302,4,50,201,402,,公式プレイヤーとマッチングした試合で1回勝利する,False,False,0
453,4303,4,50,201,403,,公式プレイヤーとマッチングした試合で5回勝利する,False,False,0
454,4304,4,50,201,404,,公式プレイヤーとマッチングした試合で10回勝利する,False,False,0
455,6801,4,40,310,801,,最強アズワントーナメント予選 優勝,False,False,0
456,6802,4,40,310,802,,最強アズワントーナメント予選 準優勝,False,False,0
457,6803,4,40,310,803,,最強アズワントーナメント予選 三位,False,False,0
458,6804,4,40,310,804,,最強アズワントーナメント決勝 優勝,False,False,0
459,6805,4,40,310,805,,最強アズワントーナメント決勝 準優勝,False,False,0
460,6806,4,40,310,806,,最強アズワントーナメント決勝 三位,False,False,0
461,1002,0,0,0,102,バックラッシュ,未配布,False,False,0
462,2500,1,9,500,100,,2on2用ミッション報酬　8on8使用禁止,False,False,0
463,2501,1,9,500,101,,2on2用ミッション報酬　8on8使用禁止,False,False,0
464,2502,1,9,500,102,,2on2用ミッション報酬　8on8使用禁止,False,False,0
465,2503,1,9,500,103,,2on2用ミッション報酬　8on8使用禁止,False,False,0
466,2504,1,9,500,104,,2on2用ミッション報酬　8on8使用禁止,False,False,0
467,2505,1,9,500,105,,2on2用ミッション報酬　8on8使用禁止,False,False,0
468,2506,1,9,500,106,,2on2用ミッション報酬　8on8使用禁止,False,False,0
469,2507,1,9,500,107,,2on2用ミッション報酬　8on8使用禁止,False,False,0
470,2508,1,9,500,108,,2on2用ミッション報酬　8on8使用禁止,False,False,0
471,2509,1,9,500,109,,2on2用ミッション報酬　8on8使用禁止,False,False,0
472,2510,1,9,500,110,,2on2用ミッション報酬　8on8使用禁止,False,False,0
473,2511,1,9,500,111,,2on2用ミッション報酬　8on8使用禁止,False,False,0
474,2512,1,9,500,112,,2on2用ミッション報酬　8on8使用禁止,False,False,0
475,2513,1,9,500,113,,2on2用ミッション報酬　8on8使用禁止,False,False,0
476,2514,1,9,500,114,,2on2用ミッション報酬　8on8使用禁止,False,False,0
477,2515,1,9,500,115,,2on2用ミッション報酬　8on8使用禁止,False,False,0
478,2516,1,9,500,116,,2on2用ミッション報酬　8on8使用禁止,False,False,0
479,2517,1,9,500,117,,2on2用ミッション報酬　8on8使用禁止,False,False,0
480,2518,1,9,500,118,,2on2用ミッション報酬　8on8使用禁止,False,False,0
481,2519,1,9,500,119,,2on2用ミッション報酬　8on8使用禁止,False,False,0
482,2520,1,9,500,120,,2on2用ミッション報酬　8on8使用禁止,False,False,0
483,2521,1,9,500,121,,2on2用ミッション報酬　8on8使用禁止,False,False,0
484,2522,1,9,500,122,,2on2用ミッション報酬　8on8使用禁止,False,False,0
485,2523,1,9,500,123,,2on2用ミッション報酬　8on8使用禁止,False,False,0
486,2524,1,9,500,124,,2on2用ミッション報酬　8on8使用禁止,False,False,0
487,2525,1,9,500,125,,2on2用ミッション報酬　8on8使用禁止,False,False,0
488,2526,1,9,500,126,,2on2用ミッション報酬　8on8使用禁止,False,False,0
489,2527,1,9,500,127,,2on2用ミッション報酬　8on8使用禁止,False,False,0
490,2528,1,9,500,128,,2on2用ミッション報酬　8on8使用禁止,False,False,0
491,2529,1,9,500,129,,2on2用ミッション報酬　8on8使用禁止,False,False,0
492,2530,1,9,500,130,,2on2用ミッション報酬　8on8使用禁止,False,False,0
493,2531,1,9,500,131,,2on2用ミッション報酬　8on8使用禁止,False,False,0
494,2532,1,9,500,132,,2on2用ミッション報酬　8on8使用禁止,False,False,0
495,2533,1,9,500,133,,2on2用ミッション報酬　8on8使用禁止,False,False,0
496,2534,1,9,500,134,,2on2用ミッション報酬　8on8使用禁止,False,False,0
497,2535,1,9,500,135,,2on2用ミッション報酬　8on8使用禁止,False,False,0
498,2536,1,9,500,136,,2on2用ミッション報酬　8on8使用禁止,False,False,0
499,2537,1,9,500,137,,2on2用ミッション報酬　8on8使用禁止,False,False,0
500,2538,1,9,500,138,,2on2用ミッション報酬　8on8使用禁止,False,False,0
501,2539,1,9,500,139,,2on2用ミッション報酬　8on8使用禁止,False,False,0
502,2540,1,9,500,140,,2on2用ミッション報酬　8on8使用禁止,False,False,0
503,2541,1,9,500,141,,2on2用ミッション報酬　8on8使用禁止,False,False,0
504,2542,1,9,500,200,,2on2用ミッション報酬　8on8使用禁止,False,False,0
505,2543,1,9,500,201,,2on2用ミッション報酬　8on8使用禁止,False,False,0
506,2544,1,9,500,202,,2on2用ミッション報酬　8on8使用禁止,False,False,0
507,2545,1,9,500,203,,2on2用ミッション報酬　8on8使用禁止,False,False,0
508,2546,1,9,500,204,,2on2用ミッション報酬　8on8使用禁止,False,False,0
509,2547,1,9,500,900,,2on2用ミッション報酬　8on8使用禁止,False,False,0
510,2548,1,9,500,901,,2on2用ミッション報酬　8on8使用禁止,False,False,0
511,2549,1,9,500,902,,2on2用ミッション報酬　8on8使用禁止,False,False,0
512,2550,1,9,500,903,,2on2用ミッション報酬　8on8使用禁止,False,False,0
513,2551,1,9,500,904,,2on2用ミッション報酬　8on8使用禁止,False,False,0
514,2552,1,9,500,905,,2on2用ミッション報酬　8on8使用禁止,False,False,0
515,2553,1,9,500,906,,2on2用ミッション報酬　8on8使用禁止,False,False,0
516,2554,1,9,500,205,,2on2用ミッション報酬　8on8使用禁止,False,False,0
100000,100000,0,0,0,0,装備なし,※Dip上必要なデータ,True,True,1
100001,100001,1,12,0,1,新米パイロット,初期所持称号,True,False,1
100002,100002,1,12,0,2,中級者パイロット,未配布,False,False,1
100003,100003,1,20,4,101,初心者アズワン,シングルスター>に初めて到達,False,False,1
100004,100004,1,20,4,102,見習いアズワン,シングルスター>>に初めて到達,False,False,1
100005,100005,1,20,4,103,新米アズワン,シングルスター>>>に初めて到達,False,False,1
100006,100006,1,20,4,104,新参アズワン,ダブルスター>に初めて到達,False,False,1
100007,100007,1,20,4,105,新星アズワン,ダブルスター>>に初めて到達,False,False,1
100008,100008,1,20,4,106,下級アズワン,ダブルスター>>>に初めて到達,False,False,1
100009,100009,1,20,4,107,噂のアズワン,トリプルスター>に初めて到達,False,False,1
100010,100010,1,20,4,108,期待のアズワン,トリプルスター>>に初めて到達,False,False,1
100011,100011,1,20,4,109,中級アズワン,トリプルスター>>>に初めて到達,False,False,1
100012,100012,1,20,4,110,,フォースター>に初めて到達,False,False,1
100013,100013,1,20,4,111,,フォースター>>に初めて到達,False,False,1
100014,100014,1,20,4,112,,フォースター>>>に初めて到達,False,False,1
100015,100015,1,20,4,113,,ファイブスター>に初めて到達,False,False,1
100016,100016,1,20,4,114,,ファイブスター>>に初めて到達,False,False,1
100017,100017,1,20,4,115,,ファイブスター>>>に初めて到達,False,False,1
100018,100018,1,20,4,116,,ノヴァ>に初めて到達,False,False,1
100019,100019,1,20,4,117,,ノヴァ>>に初めて到達,False,False,1
100020,100020,1,20,4,118,,ノヴァ>>>に初めて到達,False,False,1
100021,100021,1,20,4,119,,スーパーノヴァ>に初めて到達,False,False,1
100022,100022,1,20,4,120,,スーパーノヴァ>>に初めて到達,False,False,1
100023,100023,1,20,4,121,,スーパーノヴァ>>>に初めて到達,False,False,1
100024,100024,3,30,8,101,ヒカリの同僚,ヒカリとのDePSを500獲得,False,False,1
100025,100025,3,30,8,102,ヒカリのマブダチ,ヒカリとのDePSを2500獲得,False,False,1
100026,100026,3,30,8,103,ヒカリの相棒,ヒカリとのDePSを4500獲得,False,False,1
100027,100027,3,30,8,104,ホワイトハート,ヒカリとのDePSを6500獲得,False,False,1
100028,100028,3,30,8,105,,ヒカリとのDePSを8500獲得,False,False,1
100029,100029,3,30,8,201,レイカの同僚,レイカとのDePSを500獲得,False,False,1
100030,100030,3,30,8,202,レイカのマブダチ,レイカとのDePSを2500獲得,False,False,1
100031,100031,3,30,8,203,レイカの相棒,レイカとのDePSを4500獲得,False,False,1
100032,100032,3,30,8,204,ブルーハート,レイカとのDePSを6500獲得,False,False,1
100033,100033,3,30,8,205,,レイカとのDePSを8500獲得,False,False,1
100034,100034,3,30,8,301,シャーリーの同僚,シャーリーとのDePSを500獲得,False,False,1
100035,100035,3,30,8,302,シャーリーのマブダチ,シャーリーとのDePSを2500獲得,False,False,1
100036,100036,3,30,8,303,シャーリーの相棒,シャーリーとのDePSを4500獲得,False,False,1
100037,100037,3,30,8,304,イエローハート,シャーリーとのDePSを6500獲得,False,False,1
100038,100038,3,30,8,305,,シャーリーとのDePSを8500獲得,False,False,1
100039,100039,3,30,8,401,イサドラの同僚,イサドラとのDePSを500獲得,False,False,1
100040,100040,3,30,8,402,イサドラのマブダチ,イサドラとのDePSを2500獲得,False,False,1
100041,100041,3,30,8,403,イサドラの相棒,イサドラとのDePSを4500獲得,False,False,1
100042,100042,3,30,8,404,グリーンハート,イサドラとのDePSを6500獲得,False,False,1
100043,100043,3,30,8,405,,イサドラとのDePSを8500獲得,False,False,1
100044,100044,3,30,8,501,ナギの同僚,ナギとのDePSを500獲得,False,False,1
100045,100045,3,30,8,502,ナギのマブダチ,ナギとのDePSを2500獲得,False,False,1
100046,100046,3,30,8,503,ナギの相棒,ナギとのDePSを4500獲得,False,False,1
100047,100047,3,30,8,504,レッドハート,ナギとのDePSを6500獲得,False,False,1
100048,100048,3,30,8,505,,ナギとのDePSを8500獲得,False,False,1
100049,100049,3,30,8,601,カズマの同僚,カズマとのDePSを500獲得,False,False,1
100050,100050,3,30,8,602,カズマのマブダチ,カズマとのDePSを2500獲得,False,False,1
100051,100051,3,30,8,603,カズマの相棒,カズマとのDePSを4500獲得,False,False,1
100052,100052,3,30,8,604,グレイハート,カズマとのDePSを6500獲得,False,False,1
100053,100053,3,30,8,605,,カズマとのDePSを8500獲得,False,False,1
100054,100054,3,34,9,101,ヒカリの物語,ヒカリのDePSを累積1000獲得,False,False,1
100055,100055,3,34,9,102,ヒカリの依頼人,クエスト「ヒカリと特訓１」をクリア,False,False,1
100056,100056,3,34,9,103,,未配布,False,False,1
100057,100057,3,34,9,201,レイカの物語,レイカのDePSを累積1000獲得,False,False,1
100058,100058,3,34,9,202,レイカの依頼人,クエスト「レイカと特訓１」をクリア,False,False,1
100059,100059,3,34,9,203,,未配布,False,False,1
100060,100060,3,34,9,301,シャーリーの物語,シャーリーのDePSを累積1000獲得,False,False,1
100061,100061,3,34,9,302,シャーリーの依頼人,クエスト「シャーリーと特訓１」をクリア,False,False,1
100062,100062,3,34,9,303,,未配布,False,False,1
100063,100063,3,34,9,401,イサドラの物語,イサドラのDePSを累積1000獲得,False,False,1
100064,100064,3,34,9,402,イサドラの依頼人,クエスト「イサドラと特訓１」をクリア,False,False,1
100065,100065,3,34,9,403,,未配布,False,False,1
100066,100066,3,34,9,501,ナギの物語,ナギのDePSを累積1000獲得,False,False,1
100067,100067,3,34,9,502,ナギの依頼人,クエスト「ナギと特訓１」をクリア,False,False,1
100068,100068,3,34,9,503,,未配布,False,False,1
100069,100069,3,34,9,601,カズマの物語,カズマのDePSを累積1000獲得,False,False,1
100070,100070,3,34,9,602,カズマの依頼人,クエスト「カズマと特訓１」をクリア,False,False,1
100071,100071,3,34,9,603,,未配布,False,False,1
100072,101000,0,0,0,100,ヴ・レード惺王国,未配布,False,False,1
100073,101001,0,0,0,101,轟ア・スレッガ,未配布,False,False,1
100074,102001,4,0,1,1,,ガンスリンガーストラトス　コラボレーション,False,False,1
100075,102002,4,0,1,2,,クエスト「クリスマス作戦３」をクリア,False,False,1
100076,199999,4,0,999,1,,称号確認用,False,False,1
100077,100076,3,32,6,101,ピカピカのお星様☆,ヒカリと全国対戦10回勝利,False,False,1
100078,100077,3,32,6,102,キラキラの流れ星☆,ヒカリと全国対戦30回勝利,False,False,1
100079,100078,3,32,6,103,ビッグスター,ヒカリと全国対戦60回勝利,False,False,1
100080,100079,3,32,6,104,戦場で輝く一番星,ヒカリと全国対戦100回勝利,False,False,1
100081,100080,3,32,6,105,,ヒカリと全国対戦600回勝利,False,False,1
100082,100081,3,32,6,201,風紀委員長,レイカと全国対戦10回勝利,False,False,1
100083,100082,3,32,6,202,クールビューティー,レイカと全国対戦30回勝利,False,False,1
100084,100083,3,32,6,203,氷獄の眼差し,レイカと全国対戦60回勝利,False,False,1
100085,100084,3,32,6,204,冷徹な戦乙女,レイカと全国対戦100回勝利,False,False,1
100086,100085,3,32,6,205,,レイカと全国対戦600回勝利,False,False,1
100087,100086,3,32,6,301,わがまま娘,シャーリーと全国対戦10回勝利,False,False,1
100088,100087,3,32,6,302,都会っ子倒すガール,シャーリーと全国対戦30回勝利,False,False,1
100089,100088,3,32,6,303,リトルビッグ,シャーリーと全国対戦60回勝利,False,False,1
100090,100089,3,32,6,304,黄金の魂,シャーリーと全国対戦100回勝利,False,False,1
100091,100090,3,32,6,305,,シャーリーと全国対戦600回勝利,False,False,1
100092,100091,3,32,6,401,大人のレディー,イサドラと全国対戦10回勝利,False,False,1
100093,100092,3,32,6,402,頼れる姉御肌,イサドラと全国対戦30回勝利,False,False,1
100094,100093,3,32,6,403,ハートスナイパー,イサドラと全国対戦60回勝利,False,False,1
100095,100094,3,32,6,404,シークレットスパイ,イサドラと全国対戦100回勝利,False,False,1
100096,100095,3,32,6,405,,イサドラと全国対戦600回勝利,False,False,1
100097,100096,3,32,6,501,まっすぐ男子,ナギと全国対戦10回勝利,False,False,1
100098,100097,3,32,6,502,爽やかイケメン,ナギと全国対戦30回勝利,False,False,1
100099,100098,3,32,6,503,バトルコック,ナギと全国対戦60回勝利,False,False,1
100100,100099,3,32,6,504,ジャスティスレッド,ナギと全国対戦100回勝利,False,False,1
100101,100100,3,32,6,505,,ナギと全国対戦600回勝利,False,False,1
100102,100101,3,32,6,601,はらぺこ漢,カズマと全国対戦10回勝利,False,False,1
100103,100102,3,32,6,602,熱血男子,カズマと全国対戦30回勝利,False,False,1
100104,100103,3,32,6,603,ハングリー精神,カズマと全国対戦60回勝利,False,False,1
100105,100104,3,32,6,604,暴飲暴食,カズマと全国対戦100回勝利,False,False,1
100106,100105,3,32,6,605,,カズマと全国対戦600回勝利,False,False,1
100107,100106,3,33,7,101,シューティングガール,ヒカリと全国対戦3連続勝利,False,False,1
100108,100107,3,33,7,102,輝き続ける一番星☆,ヒカリと全国対戦5連続勝利,False,False,1
100109,100108,3,33,7,103,,ヒカリと全国対戦10連続勝利,False,False,1
100110,100109,3,33,7,201,ツンデレ少女,レイカと全国対戦3連続勝利,False,False,1
100111,100110,3,33,7,202,ヴァルキュリア,レイカと全国対戦5連続勝利,False,False,1
100112,100111,3,33,7,203,,レイカと全国対戦10連続勝利,False,False,1
100113,100112,3,33,7,301,じゃじゃ馬娘,シャーリーと全国対戦3連続勝利,False,False,1
100114,100113,3,33,7,302,ゴールドラッシュ,シャーリーと全国対戦5連続勝利,False,False,1
100115,100114,3,33,7,303,,シャーリーと全国対戦10連続勝利,False,False,1
100116,100115,3,33,7,401,セクシークイーン,イサドラと全国対戦3連続勝利,False,False,1
100117,100116,3,33,7,402,勝利の女神,イサドラと全国対戦5連続勝利,False,False,1
100118,100117,3,33,7,403,,イサドラと全国対戦10連続勝利,False,False,1
100119,100118,3,33,7,501,ストレートボーイ,ナギと全国対戦3連続勝利,False,False,1
100120,100119,3,33,7,502,終わりなきお茶会,ナギと全国対戦5連続勝利,False,False,1
100121,100120,3,33,7,503,,ナギと全国対戦10連続勝利,False,False,1
100122,100121,3,33,7,601,あちー漢,カズマと全国対戦3連続勝利,False,False,1
100123,100122,3,33,7,602,燃え続ける炎,カズマと全国対戦5連続勝利,False,False,1
100124,100123,3,33,7,603,,カズマと全国対戦10連続勝利,False,False,1
100125,100124,1,33,101,101,クロックスター,全国対戦を10時間対戦,False,False,1
100126,100125,1,33,101,102,星の砂時計,全国対戦を30時間対戦,False,False,1
100127,100126,1,33,101,103,,全国対戦を50時間対戦,False,False,1
100128,100127,1,33,101,201,百戦錬磨,全国対戦を100回出撃,False,False,1
100129,100128,1,33,101,202,血に飢える騎士,全国対戦を1000回出撃,False,False,1
100130,100129,1,33,101,203,,全国対戦を10000回出撃,False,False,1
100131,100130,1,33,101,301,神頼み,願掛けを10回成功,False,False,1
100132,100131,1,33,101,302,交通安全,願掛けを50回成功,False,False,1
100133,100132,1,33,101,303,願い星,願掛けを100回成功,False,False,1
100134,100133,1,33,101,304,無敗のお守り,願掛けを500回成功,False,False,1
100135,100134,1,33,101,305,,願掛けを1000回成功,False,False,1
100136,100135,2,33,3,101,闘いの鼓舞,全国対戦で5回勝利,False,False,1
100137,100136,2,33,3,102,十字架を背負う死神,全国対戦で10回勝利,False,False,1
100138,100137,2,33,3,103,百の星を砕く猛者,全国対戦で100回勝利,False,False,1
100139,100138,2,33,3,104,一騎当千,全国対戦で1000回勝利,False,False,1
100140,100139,2,33,3,105,,全国対戦で3000回勝利,False,False,1
100141,100140,2,33,3,201,スコアゲッター,累計リザルトスコア100000を達成,False,False,1
100142,100141,2,33,3,202,最高にハイスコア,累計リザルトスコア500000を達成,False,False,1
100143,100142,2,33,3,203,オールラウンダー,累計リザルトスコア1000000を達成,False,False,1
100144,100143,2,33,3,204,,累計リザルトスコア5000000を達成,False,False,1
100145,100144,2,33,3,301,金メダリスト,リザルトスコア1位に3回なった,False,False,1
100146,100145,2,33,3,302,スーパースター,リザルトスコア1位に6回なった,False,False,1
100147,100146,2,33,3,303,王冠の継承者,リザルトスコア1位に10回なった,False,False,1
100148,100147,2,33,3,304,,リザルトスコア1位に30回なった,False,False,1
100149,100148,2,33,3,401,バーサーカー,累計アタックスコア20000達成,False,False,1
100150,100149,2,33,3,402,最強の矛,累計アタックスコア50000達成,False,False,1
100151,100150,2,33,3,403,,累計アタックスコア100000達成,False,False,1
100152,100151,2,33,3,501,キャンプ地とする,累計占拠スコア15000達成,False,False,1
100153,100152,2,33,3,502,世界征服,累計占拠スコア30000達成,False,False,1
100154,100153,2,33,3,503,,累計占拠スコア75000達成,False,False,1
100155,100154,2,33,3,601,お手伝いさん,累計アシストスコア15000達成,False,False,1
100156,100155,2,33,3,602,アシスタント,累計アシストスコア30000達成,False,False,1
100157,100156,2,33,3,603,,累計アシストスコア75000達成,False,False,1
100158,100157,2,33,3,701,グッドプレイヤー,1対戦でナイスプレイ15個達成,False,False,1
100159,100158,2,33,3,702,ナイスプレイヤー,1対戦でナイスプレイ25個達成,False,False,1
100160,100159,2,33,3,703,,1対戦でナイスプレイ40個達成,False,False,1
100161,100160,2,33,3,801,キラーマシン,敵ARを50体撃破,False,False,1
100162,100161,2,33,3,802,ブラックホール注意！,敵ARを150体撃破,False,False,1
100163,100162,2,33,3,803,,敵ARを300体撃破,False,False,1
100164,100163,2,33,3,101,マグハンター,マグを累計100機撃破,False,False,1
100165,100164,2,33,3,102,マグマグハンター,マグを累計3000機撃破,False,False,1
100166,100165,2,33,3,103,最強のマグキラー,マグを累計10000機撃破,False,False,1
100167,100166,2,33,3,101,Sマグダメ,Sマグへ累計20000ダメージを与えた,False,False,1
100168,100167,2,33,3,102,Sマグすげーダメ,Sマグへ累計300000ダメージを与えた,False,False,1
100169,100168,2,33,3,103,Sマグ超ダメ,Sマグへ累計1000000ダメージを与えた,False,False,1
100170,100169,2,33,3,101,タワーダメ,タワーへ累計20000ダメージを与えた,False,False,1
100171,100170,2,33,3,102,タワーすげーダメ,タワーへ累計300000ダメージを与えた,False,False,1
100172,100171,2,33,3,103,タワー超ダメ,タワーへ累計1000000ダメージを与えた,False,False,1
100173,100172,2,33,3,101,グランデダメ,グランデへ累計20000ダメージを与えた,False,False,1
100174,100173,2,33,3,102,グランデすげーダメ,グランデへ累計300000ダメージを与えた,False,False,1
100175,100174,2,33,3,103,グランデ超ダメ,グランデへ累計1000000ダメージを与えた,False,False,1
100176,100175,2,33,3,101,コアダメ,コアへ累計20000ダメージを与えた,False,False,1
100177,100176,2,33,3,102,コアすげーダメ,コアへ累計300000ダメージを与えた,False,False,1
100178,100177,2,33,3,103,コア超ダメ,コアへ累計1000000ダメージを与えた,False,False,1
100179,100178,2,33,3,101,アサルト使い,アサルトで累計60分対戦した,False,False,1
100180,100179,2,33,3,102,ベテランアサルト,アサルトで累計450分対戦した,False,False,1
100181,100180,2,33,3,103,アサルトマスター,アサルトで累計1500分対戦した,False,False,1
100182,100181,2,33,3,101,ヴァン使い,ヴァンガードで累計60分対戦した,False,False,1
100183,100182,2,33,3,102,ベテランヴァン,ヴァンガードで累計450分対戦した,False,False,1
100184,100183,2,33,3,103,ヴァンガマスター,ヴァンガードで累計1500分対戦した,False,False,1
100185,100184,2,33,3,101,サポーター,サポートで累計60分対戦した,False,False,1
100186,100185,2,33,3,102,ベテランサポーター,サポートで累計450分対戦した,False,False,1
100187,100186,2,33,3,103,サポートマスター,サポートで累計1500分対戦した,False,False,1
100188,100187,1,31,100,101,期待のパイロット,25日ログイン,False,False,1
100189,100188,1,31,100,102,エースパイロット,50日ログイン,False,False,1
100190,100189,1,31,100,103,歴戦のパイロット,100日ログイン,False,False,1
100191,100190,1,31,100,104,,222日ログイン,False,False,1
100192,100191,1,31,100,103,一年星血戦争,365日ログイン,False,False,1
100193,100192,1,31,100,101,四つ星プレイヤー,連続4日ログイン,False,False,1
100194,100193,1,31,100,102,空に輝く五つ星,連続5日ログイン,False,False,1
100195,100194,1,31,100,103,ミルク・ディッパー,連続6日ログイン,False,False,1
100196,100195,1,31,100,204,北斗七星の煌めき,連続7日ログイン,False,False,1
100197,100196,1,33,2,101,パーツコレクター,メカパーツ30個獲得,False,False,1
100198,100197,1,33,2,102,パーツマニア,メカパーツ40個獲得,False,False,1
100199,100198,1,33,2,103,,メカパーツ50個獲得,False,False,1
100200,100199,1,33,2,101,ウェポンコレクター,武器25個獲得,False,False,1
100201,100200,1,33,2,202,ウェポンマニア,武器35個獲得,False,False,1
100202,100201,1,33,2,203,,武器45個獲得,False,False,1
100203,100202,1,33,2,101,タイトルコレクター,称号を50個獲得,False,False,1
100204,100203,1,33,2,302,タイトルマニア,称号を100個獲得,False,False,1
100205,100204,1,33,2,303,,称号を150個獲得,False,False,1
100206,100205,1,33,2,101,エンブレムコレクター,エンブレムパーツ50個獲得,False,False,1
100207,100206,1,33,2,402,エンブレムマニア,エンブレムパーツ100個獲得,False,False,1
100208,100207,1,33,2,403,,エンブレムパーツ150個獲得,False,False,1
100209,100208,1,33,2,101,ラインコレクター,ラインカラー12個獲得,False,False,1
100210,100209,1,33,2,101,ポージングコレクター,勝利ポーズ30個獲得,False,False,1
100211,100210,1,33,2,101,スキルコレクター,アズワンスキル36個獲得,False,False,1
100212,100229,2,9,3,127,キザナのエース,ミッション「キザナ共闘戦線ミッション1」をクリア,False,False,1
100213,100230,2,9,3,127,星血の守護神,ミッション「キザナ共闘戦線ミッション2」をクリア,False,False,1
100214,100231,2,9,3,126,おそうじ名人,ミッション「キザナ共闘戦線ミッション3」をクリア,False,False,1
100215,100232,2,9,3,126,あれれ帰っちゃうの？,ミッション「キザナ共闘戦線ミッション4」をクリア,False,False,1
100216,100233,2,9,3,127,1周年おめでとう！,1周年記念ログインボーナス,False,False,1
100217,100234,1,9,3,128,愛機ソリディア,ソリティアで全国対戦を5時間対戦,False,False,1
100218,100235,2,34,3,102,バックラッシュ,クエスト「キザナ共闘戦線クエスト７」をクリア,False,False,1
100219,100236,2,9,3,126,もっと本気出してよ,ミッション「キザナ共闘戦線ミッション5」をクリア,False,False,1
100220,100237,2,9,3,127,俺に死角はねえ！,ミッション「キザナ共闘戦線ミッション6」をクリア,False,False,1
100221,102003,4,9,1,3,,ミッション「バレンタインキャンペーン２」をクリア,False,False,1
100222,102004,1,9,1,4,,ディスドスで全国対戦を5時間対戦,False,False,1
100223,102005,1,9,1,5,,スクラッパーで全国対戦を5時間対戦,False,False,1
100224,102006,1,9,1,6,,ファルマコンで全国対戦を5時間対戦,False,False,1
100225,102007,1,9,1,7,,ラピスヘッジで全国対戦を5時間対戦,False,False,1
100226,102008,1,9,1,8,,パ・フェクトで全国対戦を5時間対戦,False,False,1
100227,102009,1,9,1,9,,アンゼロイで全国対戦を5時間対戦,False,False,1
100228,102010,1,9,1,10,,オキサイドで全国対戦を5時間対戦,False,False,1
100229,102011,1,9,1,11,,エタニティで全国対戦を5時間対戦,False,False,1
100230,102012,4,8,1,12,,コトブキヤ「ソリディア通常版特典」,False,False,1
100231,102013,4,8,1,13,,コトブキヤ「ソリディア限定版特典」,False,False,1
100232,102020,4,9,1,20,,ミッション「ジューンブライドキャンペーン２」をクリア,False,False,1
100233,102021,4,9,1,21,,ミッション「夏休みキャンペーン３」をクリア,False,False,1
100234,102401,3,9,1,401,,ヒカリのDePSを累積15000獲得,False,False,1
100235,102402,3,9,1,402,,レイカのDePSを累積15000獲得,False,False,1
100236,102403,3,9,1,403,,シャーリーのDePSを累積15000獲得,False,False,1
100237,102404,3,9,1,404,,イサドラのDePSを累積15000獲得,False,False,1
100238,102405,3,9,1,405,,ナギのDePSを累積15000獲得,False,False,1
100239,102406,3,9,1,406,,カズマのDePSを累積15000獲得,False,False,1
100240,102407,4,34,9,407,,クエスト「最の高なクリスマスを４【12/29まで】」をクリア,False,False,1
100241,102408,4,34,9,408,,クエスト「お正月チャレンジクエスト４【1/21まで】」をクリア,False,False,1
100242,102409,4,34,9,409,,クエスト「チョコっと甘～い出撃４【2/18まで】」をクリア,False,False,1
100243,102410,4,9,1,410,,ミッション「5000ナイスプレイチャレンジ」をクリア,False,False,1
100244,102411,4,34,9,411,,クエスト「お返しチョ～だい！」をクリア,False,False,1
100245,102412,4,34,9,412,,クエスト「あっぱれ五月晴れ！」をクリア,False,False,1
100246,102413,4,34,9,413,,クエスト「宇宙でめぐり会う二人」をクリア,False,False,1
100247,102414,4,34,9,414,,クエスト「あっちぃーの夏盛り！」をクリア,False,False,1
100248,103101,4,50,200,101,,公式プレイヤーとマッチングする,False,False,1
100249,103102,4,50,200,102,,公式プレイヤーとマッチングした試合で1回勝利する,False,False,1
100250,103103,4,50,200,103,,公式プレイヤーとマッチングした試合で5回勝利する,False,False,1
100251,103104,4,50,200,104,,公式プレイヤーとマッチングした試合で10回勝利する,False,False,1
100252,103201,4,50,200,201,,公式プレイヤーとマッチングする,False,False,1
100253,103202,4,50,200,202,,公式プレイヤーとマッチングした試合で1回勝利する,False,False,1
100254,103203,4,50,200,203,,公式プレイヤーとマッチングした試合で5回勝利する,False,False,1
100255,103204,4,50,200,204,,公式プレイヤーとマッチングした試合で10回勝利する,False,False,1
100256,103301,4,50,200,301,,公式プレイヤーとマッチングする,False,False,1
100257,103302,4,50,200,302,,公式プレイヤーとマッチングした試合で1回勝利する,False,False,1
100258,103303,4,50,200,303,,公式プレイヤーとマッチングした試合で5回勝利する,False,False,1
100259,103304,4,50,200,304,,公式プレイヤーとマッチングした試合で10回勝利する,False,False,1
100260,103401,4,50,200,401,,公式プレイヤーとマッチングする,False,False,1
100261,103402,4,50,200,402,,公式プレイヤーとマッチングした試合で1回勝利する,False,False,1
100262,103403,4,50,200,403,,公式プレイヤーとマッチングした試合で5回勝利する,False,False,1
100263,103404,4,50,200,404,,公式プレイヤーとマッチングした試合で10回勝利する,False,False,1
100264,103501,4,50,200,501,,公式プレイヤーとマッチングする,False,False,1
100265,103502,4,50,200,502,,公式プレイヤーとマッチングした試合で1回勝利する,False,False,1
100266,103503,4,50,200,503,,公式プレイヤーとマッチングした試合で5回勝利する,False,False,1
100267,103504,4,50,200,504,,公式プレイヤーとマッチングした試合で10回勝利する,False,False,1
100268,103601,4,50,200,601,,公式プレイヤーとマッチングする,False,False,1
100269,103602,4,50,200,602,,公式プレイヤーとマッチングした試合で1回勝利する,False,False,1
100270,103603,4,50,200,603,,公式プレイヤーとマッチングした試合で5回勝利する,False,False,1
100271,103604,4,50,200,604,,公式プレイヤーとマッチングした試合で10回勝利する,False,False,1
100272,103701,4,50,200,701,,公式プレイヤーとマッチングする,False,False,1
100273,103702,4,50,200,702,,公式プレイヤーとマッチングした試合で1回勝利する,False,False,1
100274,103703,4,50,200,703,,公式プレイヤーとマッチングした試合で5回勝利する,False,False,1
100275,103704,4,50,200,704,,公式プレイヤーとマッチングした試合で10回勝利する,False,False,1
100276,104001,4,50,201,1,,公式プレイヤーとマッチングする,False,False,1
100277,104002,4,50,201,2,,公式プレイヤーとマッチングした試合で1回勝利する,False,False,1
100278,104003,4,50,201,3,,公式プレイヤーとマッチングした試合で5回勝利する,False,False,1
100279,104004,4,50,201,4,,公式プレイヤーとマッチングした試合で10回勝利する,False,False,1
100280,104101,4,50,201,101,,公式プレイヤーとマッチングする,False,False,1
100281,104102,4,50,201,102,,公式プレイヤーとマッチングした試合で1回勝利する,False,False,1
100282,104103,4,50,201,103,,公式プレイヤーとマッチングした試合で5回勝利する,False,False,1
100283,104104,4,50,201,104,,公式プレイヤーとマッチングした試合で10回勝利する,False,False,1
100284,104201,4,50,201,201,,公式プレイヤーとマッチングする,False,False,1
100285,104202,4,50,201,202,,公式プレイヤーとマッチングした試合で1回勝利する,False,False,1
100286,104203,4,50,201,203,,公式プレイヤーとマッチングした試合で5回勝利する,False,False,1
100287,104204,4,50,201,204,,公式プレイヤーとマッチングした試合で10回勝利する,False,False,1
100288,105001,4,40,300,101,,翔握戦2019＃1　優勝,False,False,1
100289,105002,4,40,300,102,,翔握戦2019＃1　準優勝,False,False,1
100290,105003,4,40,300,103,,翔握戦2019＃1　三位,False,False,1
100291,105004,4,40,300,104,,翔握戦2019＃2　優勝,False,False,1
100292,105005,4,40,300,105,,翔握戦2019＃2　準優勝,False,False,1
100293,105006,4,40,300,106,,翔握戦2019＃2　三位,False,False,1
100294,105131,4,40,300,131,,翔握戦2019＃3　優勝,False,False,1
100295,105132,4,40,300,132,,翔握戦2019＃3　準優勝,False,False,1
100296,105133,4,40,300,133,,翔握戦2019＃3　三位,False,False,1
100297,105141,4,40,300,141,,翔握戦2019＃4　優勝,False,False,1
100298,105142,4,40,300,142,,翔握戦2019＃4　準優勝,False,False,1
100299,105143,4,40,300,143,,翔握戦2019＃4　三位,False,False,1
100300,105151,4,40,300,151,,翔握戦2019＃5　優勝,False,False,1
100301,105152,4,40,300,152,,翔握戦2019＃5　準優勝,False,False,1
100302,105153,4,40,300,153,,翔握戦2019＃5　三位,False,False,1
100303,105161,4,40,300,161,,翔握戦2019＃6　優勝,False,False,1
100304,105162,4,40,300,162,,翔握戦2019＃6　準優勝,False,False,1
100305,105163,4,40,300,163,,翔握戦2019＃6　三位,False,False,1
100306,105171,4,40,300,171,,翔握戦2019＃7　優勝,False,False,1
100307,105172,4,40,300,172,,翔握戦2019＃7　準優勝,False,False,1
100308,105173,4,40,300,173,,翔握戦2019＃7　三位,False,False,1
100309,105181,4,40,300,181,,翔握戦2019＃8　優勝,False,False,1
100310,105182,4,40,300,182,,翔握戦2019＃8　準優勝,False,False,1
100311,105183,4,40,300,183,,翔握戦2019＃8　三位,False,False,1
100312,105211,4,40,311,211,,翔握戦2020＃1　優勝,False,False,1
100313,105212,4,40,311,212,,翔握戦2020＃1　準優勝,False,False,1
100314,105213,4,40,311,213,,翔握戦2020＃1　三位,False,False,1
100315,105221,4,40,311,221,,翔握戦2020＃2　優勝,False,False,1
100316,105222,4,40,311,222,,翔握戦2020＃2　準優勝,False,False,1
100317,105223,4,40,311,223,,翔握戦2020＃2　三位,False,False,1
100318,105231,4,40,311,231,,翔握戦2020＃3　優勝,False,False,1
100319,105232,4,40,311,232,,翔握戦2020＃3　準優勝,False,False,1
100320,105233,4,40,311,233,,翔握戦2020＃3　三位,False,False,1
100321,105241,4,40,311,241,,翔握戦2020＃4　優勝,False,False,1
100322,105242,4,40,311,242,,翔握戦2020＃4　準優勝,False,False,1
100323,105243,4,40,311,243,,翔握戦2020＃4　三位,False,False,1
100324,100211,1,20,4,122,,スターウィングに初めて到達,False,False,1
100325,105801,4,40,310,101,,Round1Tournament2019＃1　優勝,False,False,1
100326,105802,4,40,310,102,,Round1Tournament2019＃1　準優勝,False,False,1
100327,105803,4,40,310,103,,Round1Tournament2019＃1　三位,False,False,1
100328,105811,4,40,310,111,,Round1Tournament2019＃2　優勝,False,False,1
100329,105812,4,40,310,112,,Round1Tournament2019＃2　準優勝,False,False,1
100330,105813,4,40,310,113,,Round1Tournament2019＃2　三位,False,False,1
100331,105821,4,40,310,121,,Round1Tournament2019＃3　優勝,False,False,1
100332,105822,4,40,310,122,,Round1Tournament2019＃3　準優勝,False,False,1
100333,105823,4,40,310,123,,Round1Tournament2019＃3　三位,False,False,1
100334,105831,4,40,310,131,,Round1Tournament2019＃4　優勝,False,False,1
100335,105832,4,40,310,132,,Round1Tournament2019＃4　準優勝,False,False,1
100336,105833,4,40,310,133,,Round1Tournament2019＃4　三位,False,False,1
100337,105841,4,40,310,141,,Round1Tournament2019＃5　優勝,False,False,1
100338,105842,4,40,310,142,,Round1Tournament2019＃5　準優勝,False,False,1
100339,105843,4,40,310,143,,Round1Tournament2019＃5　三位,False,False,1
100340,106161,4,40,310,161,,Round1Tournament2019＃6　優勝,False,False,1
100341,106162,4,40,310,162,,Round1Tournament2019＃6　準優勝,False,False,1
100342,106163,4,40,310,163,,Round1Tournament2019＃6　三位,False,False,1
100343,106171,4,40,310,171,,Round1Tournament2019＃7　優勝,False,False,1
100344,106172,4,40,310,172,,Round1Tournament2019＃7　準優勝,False,False,1
100345,106173,4,40,310,173,,Round1Tournament2019＃7　三位,False,False,1
100346,106181,4,40,310,181,,Round1Tournament2019＃8　優勝,False,False,1
100347,106182,4,40,310,182,,Round1Tournament2019＃8　準優勝,False,False,1
100348,106183,4,40,310,183,,Round1Tournament2019＃8　三位,False,False,1
100349,106191,4,40,310,191,,Round1Tournament2019＃9　優勝,False,False,1
100350,106192,4,40,310,192,,Round1Tournament2019＃9　準優勝,False,False,1
100351,106193,4,40,310,193,,Round1Tournament2019＃9　三位,False,False,1
100352,106251,4,40,310,251,,Round1Tournament2019＃10　優勝,False,False,1
100353,106252,4,40,310,252,,Round1Tournament2019＃10　準優勝,False,False,1
100354,106253,4,40,310,253,,Round1Tournament2019＃10　三位,False,False,1
100355,106174,4,40,310,174,,RoundAZ-One 優勝,False,False,1
100356,106175,4,40,310,175,,RoundAZ-One 準優勝,False,False,1
100357,106176,4,40,310,176,,RoundAZ-One 三位,False,False,1
100358,106311,4,40,312,311,,Round1Tournament2020＃1　優勝,False,False,1
100359,106312,4,40,312,312,,Round1Tournament2020＃1　準優勝,False,False,1
100360,106313,4,40,312,313,,Round1Tournament2020＃1　三位,False,False,1
100361,106321,4,40,312,321,,Round1Tournament2020＃2　優勝,False,False,1
100362,106322,4,40,312,322,,Round1Tournament2020＃2　準優勝,False,False,1
100363,106323,4,40,312,323,,Round1Tournament2020＃2　三位,False,False,1
100364,106331,4,40,312,331,,Round1Tournament2020＃3　優勝,False,False,1
100365,106332,4,40,312,332,,Round1Tournament2020＃3　準優勝,False,False,1
100366,106333,4,40,312,333,,Round1Tournament2020＃3　三位,False,False,1
100367,106341,4,40,312,341,,Round1Tournament2020＃4　優勝,False,False,1
100368,106342,4,40,312,342,,Round1Tournament2020＃4　準優勝,False,False,1
100369,106343,4,40,312,343,,Round1Tournament2020＃4　三位,False,False,1
100370,106391,4,40,312,391,,RoundAZ-One 2020　優勝,False,False,1
100371,106392,4,40,312,392,,RoundAZ-One 2020　準優勝,False,False,1
100372,106393,4,40,312,393,,RoundAZ-One 2020　三位,False,False,1
100373,106211,4,40,310,211,,Championship2019#1　優勝,False,False,1
100374,106212,4,40,310,212,,Championship2019#1　準優勝,False,False,1
100375,106213,4,40,310,213,,Championship2019#1　三位,False,False,1
100376,106221,4,40,310,221,,Championship2019#2　優勝,False,False,1
100377,106222,4,40,310,222,,Championship2019#2　準優勝,False,False,1
100378,106223,4,40,310,223,,Championship2019#2　三位,False,False,1
100379,106231,4,40,310,231,,Championship2019#3　優勝,False,False,1
100380,106232,4,40,310,232,,Championship2019#3　準優勝,False,False,1
100381,106233,4,40,310,233,,Championship2019#3　三位,False,False,1
100382,106241,4,40,310,241,,Championship2019#4　優勝,False,False,1
100383,106242,4,40,310,242,,Championship2019#4　準優勝,False,False,1
100384,106243,4,40,310,243,,Championship2019#4　三位,False,False,1
100385,106511,4,40,312,511,,Championship2020#1　優勝,False,False,1
100386,106512,4,40,312,512,,Championship2020#1　準優勝,False,False,1
100387,106513,4,40,312,513,,Championship2020#1　三位,False,False,1
100388,106521,4,40,312,521,,Championship2020#2　優勝,False,False,1
100389,106522,4,40,312,522,,Championship2020#2　準優勝,False,False,1
100390,106523,4,40,312,523,,Championship2020#2　三位,False,False,1
100391,106531,4,40,312,531,,Championship2020#3　優勝,False,False,1
100392,106532,4,40,312,532,,Championship2020#3　準優勝,False,False,1
100393,106533,4,40,312,533,,Championship2020#3　三位,False,False,1
100394,106541,4,40,312,541,,Championship2020#4　優勝,False,False,1
100395,106542,4,40,312,542,,Championship2020#4　準優勝,False,False,1
100396,106543,4,40,312,543,,Championship2020#4　三位,False,False,1
100397,105844,4,40,310,201,,女子会に参加した。,False,False,1
100398,100212,1,20,4,123,,スターウィング5に初めて到達,False,False,1
100399,100213,1,20,4,124,,スターウィング10に初めて到達,False,False,1
100400,100214,1,20,101,401,,1回全国対戦に同時出撃する,False,False,1
100401,100215,1,20,101,402,,5回全国対戦に同時出撃する,False,False,1
100402,100216,1,20,101,403,,15回全国対戦に同時出撃する,False,False,1
100403,100217,1,20,101,404,,50回全国対戦に同時出撃する,False,False,1
100404,100218,1,20,101,405,,150回全国対戦に同時出撃する,False,False,1
100405,100219,1,20,101,406,,500回全国対戦に同時出撃する,False,False,1
100406,100220,1,20,101,407,,全国対戦で、同一のプレイヤーと10回同時出撃する,False,False,1
100407,100221,1,20,101,408,,全国対戦で、同一のプレイヤーと30回同時出撃する,False,False,1
100408,100222,1,20,101,409,,全国対戦で、同一のプレイヤーと100回同時出撃する,False,False,1
100409,100223,1,20,101,410,,全国対戦に、異なる3人のプレイヤーと同時出撃する,False,False,1
100410,100224,1,20,101,411,,全国対戦に、異なる10人のプレイヤーと同時出撃する,False,False,1
100411,100225,1,20,101,412,,全国対戦に、異なる25人のプレイヤーと同時出撃する,False,False,1
100412,100226,1,20,101,413,,全国対戦で、5人の異なる所属都道府県のプレイヤーと同時出撃する,False,False,1
100413,100227,1,20,101,414,,全国対戦で、10人の異なる所属都道府県のプレイヤーと同時出撃する,False,False,1
100414,100228,1,20,101,415,,全国対戦で、15人の異なる所属都道府県のプレイヤーと同時出撃する,False,False,1
100415,103105,4,50,200,105,,マッチングチャンス開催日に全国対戦で10勝する（ヒカリ）,False,False,1
100416,103106,4,50,200,106,,マッチングチャンス開催日に全国対戦で20勝する（ヒカリ）,False,False,1
100417,103107,4,50,200,107,,マッチングチャンス開催日に全国対戦で30勝する（ヒカリ）,False,False,1
100418,103108,4,50,200,108,,マッチングチャンス開催日に全国対戦で40勝する（ヒカリ）,False,False,1
100419,103109,4,50,200,109,,マッチングチャンス開催日に全国対戦で50勝する（ヒカリ）,False,False,1
100420,103110,4,50,200,110,,マッチングチャンス開催日に全国対戦で60勝する（ヒカリ）,False,False,1
100421,103205,4,50,200,205,,マッチングチャンス開催日に全国対戦で10勝する（レイカ）,False,False,1
100422,103206,4,50,200,206,,マッチングチャンス開催日に全国対戦で20勝する（レイカ）,False,False,1
100423,103207,4,50,200,207,,マッチングチャンス開催日に全国対戦で30勝する（レイカ）,False,False,1
100424,103208,4,50,200,208,,マッチングチャンス開催日に全国対戦で40勝する（レイカ）,False,False,1
100425,103209,4,50,200,209,,マッチングチャンス開催日に全国対戦で50勝する（レイカ）,False,False,1
100426,103210,4,50,200,210,,マッチングチャンス開催日に全国対戦で60勝する（レイカ）,False,False,1
100427,103305,4,50,200,305,,マッチングチャンス開催日に全国対戦で10勝する（シャーリー）,False,False,1
100428,103306,4,50,200,306,,マッチングチャンス開催日に全国対戦で20勝する（シャーリー）,False,False,1
100429,103307,4,50,200,307,,マッチングチャンス開催日に全国対戦で30勝する（シャーリー）,False,False,1
100430,103308,4,50,200,308,,マッチングチャンス開催日に全国対戦で40勝する（シャーリー）,False,False,1
100431,103309,4,50,200,309,,マッチングチャンス開催日に全国対戦で50勝する（シャーリー）,False,False,1
100432,103310,4,50,200,310,,マッチングチャンス開催日に全国対戦で60勝する（シャーリー）,False,False,1
100433,103405,4,50,200,405,,マッチングチャンス開催日に全国対戦で10勝する（イサドラ）,False,False,1
100434,103406,4,50,200,406,,マッチングチャンス開催日に全国対戦で20勝する（イサドラ）,False,False,1
100435,103407,4,50,200,407,,マッチングチャンス開催日に全国対戦で30勝する（イサドラ）,False,False,1
100436,103408,4,50,200,408,,マッチングチャンス開催日に全国対戦で40勝する（イサドラ）,False,False,1
100437,103409,4,50,200,409,,マッチングチャンス開催日に全国対戦で50勝する（イサドラ）,False,False,1
100438,103410,4,50,200,410,,マッチングチャンス開催日に全国対戦で60勝する（イサドラ）,False,False,1
100439,103505,4,50,200,505,,マッチングチャンス開催日に全国対戦で10勝する（ナギ）,False,False,1
100440,103506,4,50,200,506,,マッチングチャンス開催日に全国対戦で20勝する（ナギ）,False,False,1
100441,103507,4,50,200,507,,マッチングチャンス開催日に全国対戦で30勝する（ナギ）,False,False,1
100442,103508,4,50,200,508,,マッチングチャンス開催日に全国対戦で40勝する（ナギ）,False,False,1
100443,103509,4,50,200,509,,マッチングチャンス開催日に全国対戦で50勝する（ナギ）,False,False,1
100444,103510,4,50,200,510,,マッチングチャンス開催日に全国対戦で60勝する（ナギ）,False,False,1
100445,103605,4,50,200,605,,マッチングチャンス開催日に全国対戦で10勝する（カズマ）,False,False,1
100446,103606,4,50,200,606,,マッチングチャンス開催日に全国対戦で20勝する（カズマ）,False,False,1
100447,103607,4,50,200,607,,マッチングチャンス開催日に全国対戦で30勝する（カズマ）,False,False,1
100448,103608,4,50,200,608,,マッチングチャンス開催日に全国対戦で40勝する（カズマ）,False,False,1
100449,103609,4,50,200,609,,マッチングチャンス開催日に全国対戦で50勝する（カズマ）,False,False,1
100450,103610,4,50,200,610,,マッチングチャンス開催日に全国対戦で60勝する（カズマ）,False,False,1
100451,104301,4,50,201,401,,公式プレイヤーとマッチングする,False,False,1
100452,104302,4,50,201,402,,公式プレイヤーとマッチングした試合で1回勝利する,False,False,1
100453,104303,4,50,201,403,,公式プレイヤーとマッチングした試合で5回勝利する,False,False,1
100454,104304,4,50,201,404,,公式プレイヤーとマッチングした試合で10回勝利する,False,False,1
100455,106801,4,40,310,801,,最強アズワントーナメント予選 優勝,False,False,1
100456,106802,4,40,310,802,,最強アズワントーナメント予選 準優勝,False,False,1
100457,106803,4,40,310,803,,最強アズワントーナメント予選 三位,False,False,1
100458,106804,4,40,310,804,,最強アズワントーナメント決勝 優勝,False,False,1
100459,106805,4,40,310,805,,最強アズワントーナメント決勝 準優勝,False,False,1
100460,106806,4,40,310,806,,最強アズワントーナメント決勝 三位,False,False,1
100461,101002,0,0,0,102,バックラッシュ,未配布,False,False,1
100462,102500,1,9,500,100,,2on2用ミッション報酬「候補生」,False,False,1
100463,102501,1,9,500,101,,2on2用ミッション報酬「使い」,False,False,1
100464,102502,1,9,500,102,,2on2用ミッション報酬「マスター」,False,False,1
100465,102503,1,9,500,103,,2on2用ミッション報酬「候補生」,False,False,1
100466,102504,1,9,500,104,,2on2用ミッション報酬「使い」,False,False,1
100467,102505,1,9,500,105,,2on2用ミッション報酬「マスター」,False,False,1
100468,102506,1,9,500,106,,2on2用ミッション報酬「候補生」,False,False,1
100469,102507,1,9,500,107,,2on2用ミッション報酬「使い」,False,False,1
100470,102508,1,9,500,108,,2on2用ミッション報酬「マスター」,False,False,1
100471,102509,1,9,500,109,,2on2用ミッション報酬「候補生」,False,False,1
100472,102510,1,9,500,110,,2on2用ミッション報酬「使い」,False,False,1
100473,102511,1,9,500,111,,2on2用ミッション報酬「マスター」,False,False,1
100474,102512,1,9,500,112,,2on2用ミッション報酬「候補生」,False,False,1
100475,102513,1,9,500,113,,2on2用ミッション報酬「使い」,False,False,1
100476,102514,1,9,500,114,,2on2用ミッション報酬「マスター」,False,False,1
100477,102515,1,9,500,115,,2on2用ミッション報酬「候補生」,False,False,1
100478,102516,1,9,500,116,,2on2用ミッション報酬「使い」,False,False,1
100479,102517,1,9,500,117,,2on2用ミッション報酬「マスター」,False,False,1
100480,102518,1,9,500,118,,2on2用ミッション報酬「候補生」,False,False,1
100481,102519,1,9,500,119,,2on2用ミッション報酬「使い」,False,False,1
100482,102520,1,9,500,120,,2on2用ミッション報酬「マスター」,False,False,1
100483,102521,1,9,500,121,,2on2用ミッション報酬「候補生」,False,False,1
100484,102522,1,9,500,122,,2on2用ミッション報酬「使い」,False,False,1
100485,102523,1,9,500,123,,2on2用ミッション報酬「マスター」,False,False,1
100486,102524,1,9,500,124,,2on2用ミッション報酬「候補生」,False,False,1
100487,102525,1,9,500,125,,2on2用ミッション報酬「使い」,False,False,1
100488,102526,1,9,500,126,,2on2用ミッション報酬「マスター」,False,False,1
100489,102527,1,9,500,127,,2on2用ミッション報酬「候補生」,False,False,1
100490,102528,1,9,500,128,,2on2用ミッション報酬「使い」,False,False,1
100491,102529,1,9,500,129,,2on2用ミッション報酬「マスター」,False,False,1
100492,102530,1,9,500,130,,2on2用ミッション報酬「候補生」,False,False,1
100493,102531,1,9,500,131,,2on2用ミッション報酬「使い」,False,False,1
100494,102532,1,9,500,132,,2on2用ミッション報酬「マスター」,False,False,1
100495,102533,1,9,500,133,,2on2用ミッション報酬「候補生」,False,False,1
100496,102534,1,9,500,134,,2on2用ミッション報酬「使い」,False,False,1
100497,102535,1,9,500,135,,2on2用ミッション報酬「マスター」,False,False,1
100498,102536,1,9,500,136,,2on2用ミッション報酬「候補生」,False,False,1
100499,102537,1,9,500,137,,2on2用ミッション報酬「使い」,False,False,1
100500,102538,1,9,500,138,,2on2用ミッション報酬「マスター」,False,False,1
100501,102539,1,9,500,139,,2on2用ミッション報酬「候補生」,False,False,1
100502,102540,1,9,500,140,,2on2用ミッション報酬「使い」,False,False,1
100503,102541,1,9,500,141,,2on2用ミッション報酬「マスター」,False,False,1
100504,102542,1,9,500,200,,2on2用ミッション報酬「愛機」,False,False,1
100505,102543,1,9,500,201,,2on2用ミッション報酬「愛機」,False,False,1
100506,102544,1,9,500,202,,2on2用ミッション報酬「愛機」,False,False,1
100507,102545,1,9,500,203,,2on2用ミッション報酬「愛機」,False,False,1
100508,102546,1,9,500,204,,2on2用ミッション報酬「愛機」,False,False,1
100509,102547,1,9,500,900,,2on2用専用ミッション報酬称号,False,False,1
100510,102548,1,9,500,901,,2on2用専用ミッション報酬称号,False,False,1
100511,102549,1,9,500,902,,2on2用専用ミッション報酬称号,False,False,1
100512,102550,1,9,500,903,,2on2用専用ミッション報酬称号,False,False,1
100513,102551,1,9,500,904,,2on2用専用ミッション報酬称号,False,False,1
100514,102552,1,9,500,905,,2on2用専用ミッション報酬称号,False,False,1
100515,102553,1,9,500,906,,2on2用専用ミッション報酬称号,False,False,1
100516,102554,1,9,500,205,,2on2用専用ミッション報酬称号,False,False,1
