---,PlateID,BodyTexture,AlphaTexture,Animation,Descprition
999_001,999_001,Texture2D'/Game/_Test/Texture/PlayerTitle/ui_com_playertitle_999_001.ui_com_playertitle_999_001',None,-1,
000_001,000_001,/Game/GUI/Common/Tex/PlayerTitle/ui_com_playertitle_000_001.ui_com_playertitle_000_001,None,-1,
000_002,000_002,/Game/GUI/Common/Tex/PlayerTitle/ui_com_playertitle_000_002.ui_com_playertitle_000_002,None,-1,
000_003,000_003,/Game/GUI/Common/Tex/PlayerTitle/ui_com_playertitle_000_003.ui_com_playertitle_000_003,None,-1,
010_001,010_001,/Game/GUI/Common/Tex/PlayerTitle/ui_com_playertitle_010_001.ui_com_playertitle_010_001,None,-1,
010_002,010_002,/Game/GUI/Common/Tex/PlayerTitle/ui_com_playertitle_010_002.ui_com_playertitle_010_002,None,-1,
010_003,010_003,/Game/GUI/Common/Tex/PlayerTitle/ui_com_playertitle_010_003.ui_com_playertitle_010_003,None,-1,
020_001,020_001,/Game/GUI/Common/Tex/PlayerTitle/ui_com_playertitle_020_001.ui_com_playertitle_020_001,None,-1,
020_002,020_002,/Game/GUI/Common/Tex/PlayerTitle/ui_com_playertitle_020_002.ui_com_playertitle_020_002,None,-1,
020_003,020_003,/Game/GUI/Common/Tex/PlayerTitle/ui_com_playertitle_020_003.ui_com_playertitle_020_003,None,-1,
000_100,000_100,Texture2D'/Game/GUI/Common/Tex/PlayerTitle/ui_com_playertitle_vlade.ui_com_playertitle_vlade',None,-1,CPU用_ヴレード称号
000_101,000_101,Texture2D'/Game/GUI/Common/Tex/PlayerTitle/ui_com_playertitle_aslegga.ui_com_playertitle_aslegga',None,-1,CPU用_アスレッガ称号
001_001,001_001,Texture2D'/Game/GUI/Common/Tex/PlayerTitle/ui_com_playertitle_001_001.ui_com_playertitle_001_001',None,-1,ガンストコラボ称号
001_002,001_002,Texture2D'/Game/GUI/Common/Tex/PlayerTitle/ui_com_playertitle_001_002.ui_com_playertitle_001_002',None,-1,クリスマス称号
008_101,008_101,Texture2D'/Game/GUI/Common/Tex/PlayerTitle/playertitle_008_101.playertitle_008_101',None,-1,
008_102,008_102,Texture2D'/Game/GUI/Common/Tex/PlayerTitle/playertitle_008_102.playertitle_008_102',None,-1,
008_103,008_103,Texture2D'/Game/GUI/Common/Tex/PlayerTitle/playertitle_008_103.playertitle_008_103',None,-1,
008_104,008_104,Texture2D'/Game/GUI/Common/Tex/PlayerTitle/playertitle_008_104.playertitle_008_104',None,-1,
008_105,008_105,Texture2D'/Game/GUI/Common/Tex/PlayerTitle/playertitle_008_105.playertitle_008_105',None,-1,
008_201,008_201,Texture2D'/Game/GUI/Common/Tex/PlayerTitle/playertitle_008_201.playertitle_008_201',None,-1,
008_202,008_202,Texture2D'/Game/GUI/Common/Tex/PlayerTitle/playertitle_008_202.playertitle_008_202',None,-1,
008_203,008_203,Texture2D'/Game/GUI/Common/Tex/PlayerTitle/playertitle_008_203.playertitle_008_203',None,-1,
008_204,008_204,Texture2D'/Game/GUI/Common/Tex/PlayerTitle/playertitle_008_204.playertitle_008_204',None,-1,
008_205,008_205,Texture2D'/Game/GUI/Common/Tex/PlayerTitle/playertitle_008_205.playertitle_008_205',None,-1,
008_301,008_301,Texture2D'/Game/GUI/Common/Tex/PlayerTitle/playertitle_008_301.playertitle_008_301',None,-1,
008_302,008_302,Texture2D'/Game/GUI/Common/Tex/PlayerTitle/playertitle_008_302.playertitle_008_302',None,-1,
008_303,008_303,Texture2D'/Game/GUI/Common/Tex/PlayerTitle/playertitle_008_303.playertitle_008_303',None,-1,
008_304,008_304,Texture2D'/Game/GUI/Common/Tex/PlayerTitle/playertitle_008_304.playertitle_008_304',None,-1,
008_305,008_305,Texture2D'/Game/GUI/Common/Tex/PlayerTitle/playertitle_008_305.playertitle_008_305',None,-1,
008_401,008_401,Texture2D'/Game/GUI/Common/Tex/PlayerTitle/playertitle_008_401.playertitle_008_401',None,-1,
008_402,008_402,Texture2D'/Game/GUI/Common/Tex/PlayerTitle/playertitle_008_402.playertitle_008_402',None,-1,
008_403,008_403,Texture2D'/Game/GUI/Common/Tex/PlayerTitle/playertitle_008_403.playertitle_008_403',None,-1,
008_404,008_404,Texture2D'/Game/GUI/Common/Tex/PlayerTitle/playertitle_008_404.playertitle_008_404',None,-1,
008_405,008_405,Texture2D'/Game/GUI/Common/Tex/PlayerTitle/playertitle_008_405.playertitle_008_405',None,-1,
008_501,008_501,Texture2D'/Game/GUI/Common/Tex/PlayerTitle/playertitle_008_501.playertitle_008_501',None,-1,
008_502,008_502,Texture2D'/Game/GUI/Common/Tex/PlayerTitle/playertitle_008_502.playertitle_008_502',None,-1,
008_503,008_503,Texture2D'/Game/GUI/Common/Tex/PlayerTitle/playertitle_008_503.playertitle_008_503',None,-1,
008_504,008_504,Texture2D'/Game/GUI/Common/Tex/PlayerTitle/playertitle_008_504.playertitle_008_504',None,-1,
008_505,008_505,Texture2D'/Game/GUI/Common/Tex/PlayerTitle/playertitle_008_505.playertitle_008_505',None,-1,
008_601,008_601,Texture2D'/Game/GUI/Common/Tex/PlayerTitle/playertitle_008_601.playertitle_008_601',None,-1,
008_602,008_602,Texture2D'/Game/GUI/Common/Tex/PlayerTitle/playertitle_008_602.playertitle_008_602',None,-1,
008_603,008_603,Texture2D'/Game/GUI/Common/Tex/PlayerTitle/playertitle_008_603.playertitle_008_603',None,-1,
008_604,008_604,Texture2D'/Game/GUI/Common/Tex/PlayerTitle/playertitle_008_604.playertitle_008_604',None,-1,
008_605,008_605,Texture2D'/Game/GUI/Common/Tex/PlayerTitle/playertitle_008_605.playertitle_008_605',None,-1,
006_101,006_101,Texture2D'/Game/GUI/Common/Tex/PlayerTitle/playertitle_006_101.playertitle_006_101',None,-1,
006_102,006_102,Texture2D'/Game/GUI/Common/Tex/PlayerTitle/playertitle_006_102.playertitle_006_102',None,-1,
006_103,006_103,Texture2D'/Game/GUI/Common/Tex/PlayerTitle/playertitle_006_103.playertitle_006_103',None,-1,
006_104,006_104,Texture2D'/Game/GUI/Common/Tex/PlayerTitle/playertitle_006_104.playertitle_006_104',None,-1,
006_105,006_105,Texture2D'/Game/GUI/Common/Tex/PlayerTitle/playertitle_006_105.playertitle_006_105',None,-1,
006_201,006_201,Texture2D'/Game/GUI/Common/Tex/PlayerTitle/playertitle_006_201.playertitle_006_201',None,-1,
006_202,006_202,Texture2D'/Game/GUI/Common/Tex/PlayerTitle/playertitle_006_202.playertitle_006_202',None,-1,
006_203,006_203,Texture2D'/Game/GUI/Common/Tex/PlayerTitle/playertitle_006_203.playertitle_006_203',None,-1,
006_204,006_204,Texture2D'/Game/GUI/Common/Tex/PlayerTitle/playertitle_006_204.playertitle_006_204',None,-1,
006_205,006_205,Texture2D'/Game/GUI/Common/Tex/PlayerTitle/playertitle_006_205.playertitle_006_205',None,-1,
006_301,006_301,Texture2D'/Game/GUI/Common/Tex/PlayerTitle/playertitle_006_301.playertitle_006_301',None,-1,
006_302,006_302,Texture2D'/Game/GUI/Common/Tex/PlayerTitle/playertitle_006_302.playertitle_006_302',None,-1,
006_303,006_303,Texture2D'/Game/GUI/Common/Tex/PlayerTitle/playertitle_006_303.playertitle_006_303',None,-1,
006_304,006_304,Texture2D'/Game/GUI/Common/Tex/PlayerTitle/playertitle_006_304.playertitle_006_304',None,-1,
006_305,006_305,Texture2D'/Game/GUI/Common/Tex/PlayerTitle/playertitle_006_305.playertitle_006_305',None,-1,
006_401,006_401,Texture2D'/Game/GUI/Common/Tex/PlayerTitle/playertitle_006_401.playertitle_006_401',None,-1,
006_402,006_402,Texture2D'/Game/GUI/Common/Tex/PlayerTitle/playertitle_006_402.playertitle_006_402',None,-1,
006_403,006_403,Texture2D'/Game/GUI/Common/Tex/PlayerTitle/playertitle_006_403.playertitle_006_403',None,-1,
006_404,006_404,Texture2D'/Game/GUI/Common/Tex/PlayerTitle/playertitle_006_404.playertitle_006_404',None,-1,
006_405,006_405,Texture2D'/Game/GUI/Common/Tex/PlayerTitle/playertitle_006_405.playertitle_006_405',None,-1,
006_501,006_501,Texture2D'/Game/GUI/Common/Tex/PlayerTitle/playertitle_006_501.playertitle_006_501',None,-1,
006_502,006_502,Texture2D'/Game/GUI/Common/Tex/PlayerTitle/playertitle_006_502.playertitle_006_502',None,-1,
006_503,006_503,Texture2D'/Game/GUI/Common/Tex/PlayerTitle/playertitle_006_503.playertitle_006_503',None,-1,
006_504,006_504,Texture2D'/Game/GUI/Common/Tex/PlayerTitle/playertitle_006_504.playertitle_006_504',None,-1,
006_505,006_505,Texture2D'/Game/GUI/Common/Tex/PlayerTitle/playertitle_006_505.playertitle_006_505',None,-1,
006_601,006_601,Texture2D'/Game/GUI/Common/Tex/PlayerTitle/playertitle_006_601.playertitle_006_601',None,-1,
006_602,006_602,Texture2D'/Game/GUI/Common/Tex/PlayerTitle/playertitle_006_602.playertitle_006_602',None,-1,
006_603,006_603,Texture2D'/Game/GUI/Common/Tex/PlayerTitle/playertitle_006_603.playertitle_006_603',None,-1,
006_604,006_604,Texture2D'/Game/GUI/Common/Tex/PlayerTitle/playertitle_006_604.playertitle_006_604',None,-1,
006_605,006_605,Texture2D'/Game/GUI/Common/Tex/PlayerTitle/playertitle_006_605.playertitle_006_605',None,-1,
007_101,007_101,Texture2D'/Game/GUI/Common/Tex/PlayerTitle/playertitle_007_101.playertitle_007_101',None,-1,
007_102,007_102,Texture2D'/Game/GUI/Common/Tex/PlayerTitle/playertitle_007_102.playertitle_007_102',None,-1,
007_103,007_103,Texture2D'/Game/GUI/Common/Tex/PlayerTitle/playertitle_007_103.playertitle_007_103',None,-1,
007_201,007_201,Texture2D'/Game/GUI/Common/Tex/PlayerTitle/playertitle_007_201.playertitle_007_201',None,-1,
007_202,007_202,Texture2D'/Game/GUI/Common/Tex/PlayerTitle/playertitle_007_202.playertitle_007_202',None,-1,
007_203,007_203,Texture2D'/Game/GUI/Common/Tex/PlayerTitle/playertitle_007_203.playertitle_007_203',None,-1,
007_301,007_301,Texture2D'/Game/GUI/Common/Tex/PlayerTitle/playertitle_007_301.playertitle_007_301',None,-1,
007_302,007_302,Texture2D'/Game/GUI/Common/Tex/PlayerTitle/playertitle_007_302.playertitle_007_302',None,-1,
007_303,007_303,Texture2D'/Game/GUI/Common/Tex/PlayerTitle/playertitle_007_303.playertitle_007_303',None,-1,
007_401,007_401,Texture2D'/Game/GUI/Common/Tex/PlayerTitle/playertitle_007_401.playertitle_007_401',None,-1,
007_402,007_402,Texture2D'/Game/GUI/Common/Tex/PlayerTitle/playertitle_007_402.playertitle_007_402',None,-1,
007_403,007_403,Texture2D'/Game/GUI/Common/Tex/PlayerTitle/playertitle_007_403.playertitle_007_403',None,-1,
007_501,007_501,Texture2D'/Game/GUI/Common/Tex/PlayerTitle/playertitle_007_501.playertitle_007_501',None,-1,
007_502,007_502,Texture2D'/Game/GUI/Common/Tex/PlayerTitle/playertitle_007_502.playertitle_007_502',None,-1,
007_503,007_503,Texture2D'/Game/GUI/Common/Tex/PlayerTitle/playertitle_007_503.playertitle_007_503',None,-1,
007_601,007_601,Texture2D'/Game/GUI/Common/Tex/PlayerTitle/playertitle_007_601.playertitle_007_601',None,-1,
007_602,007_602,Texture2D'/Game/GUI/Common/Tex/PlayerTitle/playertitle_007_602.playertitle_007_602',None,-1,
007_603,007_603,Texture2D'/Game/GUI/Common/Tex/PlayerTitle/playertitle_007_603.playertitle_007_603',None,-1,
004_101,004_101,Texture2D'/Game/GUI/Common/Tex/PlayerTitle/playertitle_004_101.playertitle_004_101',None,-1,
004_102,004_102,Texture2D'/Game/GUI/Common/Tex/PlayerTitle/playertitle_004_102.playertitle_004_102',None,-1,
004_103,004_103,Texture2D'/Game/GUI/Common/Tex/PlayerTitle/playertitle_004_103.playertitle_004_103',None,-1,
004_104,004_104,Texture2D'/Game/GUI/Common/Tex/PlayerTitle/playertitle_004_104.playertitle_004_104',None,-1,
004_105,004_105,Texture2D'/Game/GUI/Common/Tex/PlayerTitle/playertitle_004_105.playertitle_004_105',None,-1,
004_106,004_106,Texture2D'/Game/GUI/Common/Tex/PlayerTitle/playertitle_004_106.playertitle_004_106',None,-1,
004_107,004_107,Texture2D'/Game/GUI/Common/Tex/PlayerTitle/playertitle_004_107.playertitle_004_107',None,-1,
004_108,004_108,Texture2D'/Game/GUI/Common/Tex/PlayerTitle/playertitle_004_108.playertitle_004_108',None,-1,
004_109,004_109,Texture2D'/Game/GUI/Common/Tex/PlayerTitle/playertitle_004_109.playertitle_004_109',None,-1,
004_110,004_110,Texture2D'/Game/GUI/Common/Tex/PlayerTitle/playertitle_004_110.playertitle_004_110',None,-1,
004_111,004_111,Texture2D'/Game/GUI/Common/Tex/PlayerTitle/playertitle_004_111.playertitle_004_111',None,-1,
004_112,004_112,Texture2D'/Game/GUI/Common/Tex/PlayerTitle/playertitle_004_112.playertitle_004_112',None,-1,
004_113,004_113,Texture2D'/Game/GUI/Common/Tex/PlayerTitle/playertitle_004_113.playertitle_004_113',None,-1,
004_114,004_114,Texture2D'/Game/GUI/Common/Tex/PlayerTitle/playertitle_004_114.playertitle_004_114',None,-1,
004_115,004_115,Texture2D'/Game/GUI/Common/Tex/PlayerTitle/playertitle_004_115.playertitle_004_115',None,-1,
004_116,004_116,Texture2D'/Game/GUI/Common/Tex/PlayerTitle/playertitle_004_116.playertitle_004_116',None,-1,
004_117,004_117,Texture2D'/Game/GUI/Common/Tex/PlayerTitle/playertitle_004_117.playertitle_004_117',None,-1,
004_118,004_118,Texture2D'/Game/GUI/Common/Tex/PlayerTitle/playertitle_004_118.playertitle_004_118',None,-1,
004_119,004_119,Texture2D'/Game/GUI/Common/Tex/PlayerTitle/playertitle_004_119.playertitle_004_119',None,-1,
004_120,004_120,Texture2D'/Game/GUI/Common/Tex/PlayerTitle/playertitle_004_120.playertitle_004_120',None,-1,
004_121,004_121,Texture2D'/Game/GUI/Common/Tex/PlayerTitle/playertitle_004_121.playertitle_004_121',None,-1,
004_122,004_122,Texture2D'/Game/GUI/Common/Tex/PlayerTitle/playertitle_004_122.playertitle_004_122',None,-1,
009_101,009_101,Texture2D'/Game/GUI/Common/Tex/PlayerTitle/playertitle_009_101.playertitle_009_101',None,-1,
009_102,009_102,Texture2D'/Game/GUI/Common/Tex/PlayerTitle/playertitle_009_102.playertitle_009_102',None,-1,
009_103,009_103,Texture2D'/Game/GUI/Common/Tex/PlayerTitle/playertitle_009_103.playertitle_009_103',None,-1,
009_201,009_201,Texture2D'/Game/GUI/Common/Tex/PlayerTitle/playertitle_009_201.playertitle_009_201',None,-1,
009_202,009_202,Texture2D'/Game/GUI/Common/Tex/PlayerTitle/playertitle_009_202.playertitle_009_202',None,-1,
009_203,009_203,Texture2D'/Game/GUI/Common/Tex/PlayerTitle/playertitle_009_203.playertitle_009_203',None,-1,
009_301,009_301,Texture2D'/Game/GUI/Common/Tex/PlayerTitle/playertitle_009_301.playertitle_009_301',None,-1,
009_302,009_302,Texture2D'/Game/GUI/Common/Tex/PlayerTitle/playertitle_009_302.playertitle_009_302',None,-1,
009_303,009_303,Texture2D'/Game/GUI/Common/Tex/PlayerTitle/playertitle_009_303.playertitle_009_303',None,-1,
009_401,009_401,Texture2D'/Game/GUI/Common/Tex/PlayerTitle/playertitle_009_401.playertitle_009_401',None,-1,
009_402,009_402,Texture2D'/Game/GUI/Common/Tex/PlayerTitle/playertitle_009_402.playertitle_009_402',None,-1,
009_403,009_403,Texture2D'/Game/GUI/Common/Tex/PlayerTitle/playertitle_009_403.playertitle_009_403',None,-1,
009_501,009_501,Texture2D'/Game/GUI/Common/Tex/PlayerTitle/playertitle_009_501.playertitle_009_501',None,-1,
009_502,009_502,Texture2D'/Game/GUI/Common/Tex/PlayerTitle/playertitle_009_502.playertitle_009_502',None,-1,
009_503,009_503,Texture2D'/Game/GUI/Common/Tex/PlayerTitle/playertitle_009_503.playertitle_009_503',None,-1,
009_601,009_601,Texture2D'/Game/GUI/Common/Tex/PlayerTitle/playertitle_009_601.playertitle_009_601',None,-1,
009_602,009_602,Texture2D'/Game/GUI/Common/Tex/PlayerTitle/playertitle_009_602.playertitle_009_602',None,-1,
009_603,009_603,Texture2D'/Game/GUI/Common/Tex/PlayerTitle/playertitle_009_603.playertitle_009_603',None,-1,
101_101,101_101,Texture2D'/Game/GUI/Common/Tex/PlayerTitle/playertitle_001_101.playertitle_001_101',None,-1,
101_102,101_102,Texture2D'/Game/GUI/Common/Tex/PlayerTitle/playertitle_001_102.playertitle_001_102',None,-1,
101_103,101_103,Texture2D'/Game/GUI/Common/Tex/PlayerTitle/playertitle_001_103.playertitle_001_103',None,-1,
101_201,101_201,Texture2D'/Game/GUI/Common/Tex/PlayerTitle/playertitle_001_201.playertitle_001_201',None,-1,
101_202,101_202,Texture2D'/Game/GUI/Common/Tex/PlayerTitle/playertitle_001_202.playertitle_001_202',None,-1,
101_203,101_203,Texture2D'/Game/GUI/Common/Tex/PlayerTitle/playertitle_001_203.playertitle_001_203',None,-1,
101_301,101_301,Texture2D'/Game/GUI/Common/Tex/PlayerTitle/playertitle_001_301.playertitle_001_301',None,-1,
101_302,101_302,Texture2D'/Game/GUI/Common/Tex/PlayerTitle/playertitle_001_302.playertitle_001_302',None,-1,
101_303,101_303,Texture2D'/Game/GUI/Common/Tex/PlayerTitle/playertitle_001_303.playertitle_001_303',None,-1,
101_304,101_304,Texture2D'/Game/GUI/Common/Tex/PlayerTitle/playertitle_001_304.playertitle_001_304',None,-1,
101_305,101_305,Texture2D'/Game/GUI/Common/Tex/PlayerTitle/playertitle_001_305.playertitle_001_305',None,-1,
003_101,003_101,Texture2D'/Game/GUI/Common/Tex/PlayerTitle/playertitle_003_101.PlayerTitle_003_101',None,-1,
003_102,003_102,Texture2D'/Game/GUI/Common/Tex/PlayerTitle/playertitle_003_102.PlayerTitle_003_102',None,-1,
003_103,003_103,Texture2D'/Game/GUI/Common/Tex/PlayerTitle/playertitle_003_103.PlayerTitle_003_103',None,-1,
003_104,003_104,Texture2D'/Game/GUI/Common/Tex/PlayerTitle/playertitle_003_104.PlayerTitle_003_104',None,-1,
003_105,003_105,Texture2D'/Game/GUI/Common/Tex/PlayerTitle/playertitle_003_105.PlayerTitle_003_105',None,-1,
003_201,003_201,Texture2D'/Game/GUI/Common/Tex/PlayerTitle/playertitle_003_101.PlayerTitle_003_101',None,-1,
003_202,003_202,Texture2D'/Game/GUI/Common/Tex/PlayerTitle/playertitle_003_102.PlayerTitle_003_102',None,-1,
003_203,003_203,Texture2D'/Game/GUI/Common/Tex/PlayerTitle/playertitle_003_103.PlayerTitle_003_103',None,-1,
003_204,003_204,Texture2D'/Game/GUI/Common/Tex/PlayerTitle/playertitle_003_204.PlayerTitle_003_204',None,-1,
003_301,003_301,Texture2D'/Game/GUI/Common/Tex/PlayerTitle/playertitle_003_101.PlayerTitle_003_101',None,-1,
003_302,003_302,Texture2D'/Game/GUI/Common/Tex/PlayerTitle/playertitle_003_102.PlayerTitle_003_102',None,-1,
003_303,003_303,Texture2D'/Game/GUI/Common/Tex/PlayerTitle/playertitle_003_103.PlayerTitle_003_103',None,-1,
003_304,003_304,Texture2D'/Game/GUI/Common/Tex/PlayerTitle/playertitle_003_304.PlayerTitle_003_304',None,-1,
003_401,003_401,Texture2D'/Game/GUI/Common/Tex/PlayerTitle/playertitle_003_101.PlayerTitle_003_101',None,-1,
003_402,003_402,Texture2D'/Game/GUI/Common/Tex/PlayerTitle/playertitle_003_102.PlayerTitle_003_102',None,-1,
003_403,003_403,Texture2D'/Game/GUI/Common/Tex/PlayerTitle/playertitle_003_403.PlayerTitle_003_403',None,-1,
003_501,003_501,Texture2D'/Game/GUI/Common/Tex/PlayerTitle/playertitle_003_101.PlayerTitle_003_101',None,-1,
003_502,003_502,Texture2D'/Game/GUI/Common/Tex/PlayerTitle/playertitle_003_102.PlayerTitle_003_102',None,-1,
003_503,003_503,Texture2D'/Game/GUI/Common/Tex/PlayerTitle/playertitle_003_503.PlayerTitle_003_503',None,-1,
003_601,003_601,Texture2D'/Game/GUI/Common/Tex/PlayerTitle/playertitle_003_101.PlayerTitle_003_101',None,-1,
003_602,003_602,Texture2D'/Game/GUI/Common/Tex/PlayerTitle/playertitle_003_102.PlayerTitle_003_102',None,-1,
003_603,003_603,Texture2D'/Game/GUI/Common/Tex/PlayerTitle/playertitle_003_603.PlayerTitle_003_603',None,-1,
003_701,003_701,Texture2D'/Game/GUI/Common/Tex/PlayerTitle/playertitle_003_101.PlayerTitle_003_101',None,-1,
003_702,003_702,Texture2D'/Game/GUI/Common/Tex/PlayerTitle/playertitle_003_102.PlayerTitle_003_102',None,-1,
003_703,003_703,Texture2D'/Game/GUI/Common/Tex/PlayerTitle/playertitle_003_703.PlayerTitle_003_703',None,-1,
003_801,003_801,Texture2D'/Game/GUI/Common/Tex/PlayerTitle/playertitle_003_101.PlayerTitle_003_101',None,-1,
003_802,003_802,Texture2D'/Game/GUI/Common/Tex/PlayerTitle/playertitle_003_102.PlayerTitle_003_102',None,-1,
003_803,003_803,Texture2D'/Game/GUI/Common/Tex/PlayerTitle/playertitle_003_803.PlayerTitle_003_803',None,-1,
100_101,100_101,Texture2D'/Game/GUI/Common/Tex/PlayerTitle/PlayerTitle_000_101.PlayerTitle_000_101',None,-1,
100_102,100_102,Texture2D'/Game/GUI/Common/Tex/PlayerTitle/PlayerTitle_000_102.PlayerTitle_000_102',None,-1,
100_103,100_103,Texture2D'/Game/GUI/Common/Tex/PlayerTitle/PlayerTitle_000_103.PlayerTitle_000_103',None,-1,
100_104,100_104,Texture2D'/Game/GUI/Common/Tex/PlayerTitle/playertitle_000_104.playertitle_000_104',None,-1,
100_105,100_105,Texture2D'/Game/GUI/Common/Tex/PlayerTitle/playertitle_000_105.playertitle_000_105',None,-1,
100_204,100_204,Texture2D'/Game/GUI/Common/Tex/PlayerTitle/playertitle_000_204.PlayerTitle_000_204',None,-1,
002_101,002_101,Texture2D'/Game/GUI/Common/Tex/PlayerTitle/playertitle_002_101.PlayerTitle_002_101',None,-1,
002_102,002_102,Texture2D'/Game/GUI/Common/Tex/PlayerTitle/playertitle_002_102.PlayerTitle_002_102',None,-1,
002_103,002_103,Texture2D'/Game/GUI/Common/Tex/PlayerTitle/playertitle_002_103.playertitle_002_103',None,-1,
002_202,002_202,Texture2D'/Game/GUI/Common/Tex/PlayerTitle/playertitle_002_202.PlayerTitle_002_202',None,-1,
002_203,002_203,Texture2D'/Game/GUI/Common/Tex/PlayerTitle/playertitle_002_203.playertitle_002_203',None,-1,
002_302,002_302,Texture2D'/Game/GUI/Common/Tex/PlayerTitle/playertitle_002_302.PlayerTitle_002_302',None,-1,
002_303,002_303,Texture2D'/Game/GUI/Common/Tex/PlayerTitle/playertitle_002_303.playertitle_002_303',None,-1,
002_402,002_402,Texture2D'/Game/GUI/Common/Tex/PlayerTitle/playertitle_002_402.PlayerTitle_002_402',None,-1,
002_403,002_403,Texture2D'/Game/GUI/Common/Tex/PlayerTitle/playertitle_002_403.playertitle_002_403',None,-1,
002_601,002_601,Texture2D'/Game/GUI/Common/Tex/PlayerTitle/playertitle_002_601.playertitle_002_601',None,-1,
002_701,002_701,Texture2D'/Game/GUI/Common/Tex/PlayerTitle/playertitle_002_701.playertitle_002_701',None,-1,
003_125,003_125,Texture2D'/Game/GUI/Common/Tex/PlayerTitle/playertitle_003_125.playertitle_003_125',None,-1,
003_126,003_126,Texture2D'/Game/GUI/Common/Tex/PlayerTitle/playertitle_003_126.playertitle_003_126',None,-1,
003_127,003_127,Texture2D'/Game/GUI/Common/Tex/PlayerTitle/playertitle_003_127.playertitle_003_127',None,-1,
003_128,003_128,Texture2D'/Game/GUI/Common/Tex/PlayerTitle/playertitle_003_128.playertitle_003_128',None,-1,
003_129,003_129,Texture2D'/Game/GUI/Common/Tex/PlayerTitle/playertitle_003_129.playertitle_003_129',None,-1,
003_130,003_130,Texture2D'/Game/GUI/Common/Tex/PlayerTitle/playertitle_003_130.playertitle_003_130',None,-1,
003_131,003_131,Texture2D'/Game/GUI/Common/Tex/PlayerTitle/playertitle_003_131.playertitle_003_131',None,-1,
001_003,001_003,Texture2D'/Game/GUI/Common/Tex/PlayerTitle/playerTitle_001_003.playerTitle_001_003',None,-1,バレンタイン称号
001_004,001_004,Texture2D'/Game/GUI/Common/Tex/PlayerTitle/playerTitle_001_004.playerTitle_001_004',None,-1,ディスドスミッション称号
001_005,001_005,Texture2D'/Game/GUI/Common/Tex/PlayerTitle/playertitle_001_005.playertitle_001_005',None,-1,スクラッパーミッション称号
001_006,001_006,Texture2D'/Game/GUI/Common/Tex/PlayerTitle/playertitle_001_006.playertitle_001_006',None,-1,ファルマコンミッション称号
001_007,001_007,Texture2D'/Game/GUI/Common/Tex/PlayerTitle/playerTitle_001_007.playertitle_001_007',None,-1,ラピスヘッジミッション称号
001_008,001_008,Texture2D'/Game/GUI/Common/Tex/PlayerTitle/playertitle_001_008.playertitle_001_008',None,-1,パフェクトミッション称号
001_009,001_009,Texture2D'/Game/GUI/Common/Tex/PlayerTitle/playertitle_001_009.playertitle_001_009',None,-1,アンゼロイミッション称号
001_010,001_010,Texture2D'/Game/GUI/Common/Tex/PlayerTitle/playertitle_001_010.playertitle_001_010',None,-1,オキサイドミッション称号
001_011,001_011,Texture2D'/Game/GUI/Common/Tex/PlayerTitle/playertitle_001_011.playertitle_001_011',None,-1,エタニティミッション称号
001_012,001_012,Texture2D'/Game/GUI/Common/Tex/PlayerTitle/playertitle_001_012.playertitle_001_012',None,-1,コトブキヤ「ソリディア通常版特典」
001_013,001_013,Texture2D'/Game/GUI/Common/Tex/PlayerTitle/playertitle_001_013.playertitle_001_013',None,-1,コトブキヤ「ソリディア限定版特典」
001_020,001_020,Texture2D'/Game/GUI/Common/Tex/PlayerTitle/playertitle_001_020.playertitle_001_020',None,-1,ジューンブライド称号
001_021,001_021,Texture2D'/Game/GUI/Common/Tex/PlayerTitle/playertitle_001_021.playertitle_001_021',None,-1,夏休みキャンペーン称号
009_407,009_407,Texture2D'/Game/GUI/Common/Tex/PlayerTitle/playertitle_009_407.playertitle_009_407',None,-1,
009_408,009_408,Texture2D'/Game/GUI/Common/Tex/PlayerTitle/playertitle_009_408.playertitle_009_408',None,-1,
009_409,009_409,Texture2D'/Game/GUI/Common/Tex/PlayerTitle/playertitle_009_409.playertitle_009_409',None,-1,
001_410,001_410,Texture2D'/Game/GUI/Common/Tex/PlayerTitle/playertitle_001_410.playertitle_001_410',None,-1,5000ナイスプレイチャレンジ称号
009_411,009_411,Texture2D'/Game/GUI/Common/Tex/PlayerTitle/playertitle_009_411.playertitle_009_411',None,-1,お返しチョ～だい！称号
009_412,009_412,Texture2D'/Game/GUI/Common/Tex/PlayerTitle/playertitle_009_412.playertitle_009_412',None,-1,あっぱれ五月晴れ！称号
009_413,009_413,Texture2D'/Game/GUI/Common/Tex/PlayerTitle/playertitle_009_413.playertitle_009_413',None,-1,宇宙でめぐり会う二人称号
009_414,009_414,Texture2D'/Game/GUI/Common/Tex/PlayerTitle/playertitle_009_414.playertitle_009_414',None,-1,あっちぃーの夏盛り！称号
001_401,001_401,Texture2D'/Game/GUI/Common/Tex/PlayerTitle/playertitle_001_401.playertitle_001_401',None,-1,ジューン　ヒカリ
001_402,001_402,Texture2D'/Game/GUI/Common/Tex/PlayerTitle/playertitle_001_402.playertitle_001_402',None,-1,ジューン　レイカ
001_403,001_403,Texture2D'/Game/GUI/Common/Tex/PlayerTitle/playertitle_001_403.playertitle_001_403',None,-1,ジューン　シャーリー
001_404,001_404,Texture2D'/Game/GUI/Common/Tex/PlayerTitle/playertitle_001_404.playertitle_001_404',None,-1,ジューン　イサドラ
001_405,001_405,Texture2D'/Game/GUI/Common/Tex/PlayerTitle/playertitle_001_405.playertitle_001_405',None,-1,ジューン　ナギ
001_406,001_406,Texture2D'/Game/GUI/Common/Tex/PlayerTitle/playertitle_001_406.playertitle_001_406',None,-1,ジューン　カズマ
200_101,200_101,Texture2D'/Game/GUI/Common/Tex/PlayerTitle/ui_com_playertitle_200_101.ui_com_playertitle_200_101',None,-1,みかこし１
200_102,200_102,Texture2D'/Game/GUI/Common/Tex/PlayerTitle/ui_com_playertitle_200_102.ui_com_playertitle_200_102',None,-1,みかこし２
200_103,200_103,Texture2D'/Game/GUI/Common/Tex/PlayerTitle/ui_com_playertitle_200_103.ui_com_playertitle_200_103',None,-1,みかこし３
200_104,200_104,Texture2D'/Game/GUI/Common/Tex/PlayerTitle/ui_com_playertitle_200_104.ui_com_playertitle_200_104',None,-1,みかこし４
200_201,200_201,Texture2D'/Game/GUI/Common/Tex/PlayerTitle/ui_com_playertitle_200_201.ui_com_playertitle_200_201',None,-1,すわあやか１
200_202,200_202,Texture2D'/Game/GUI/Common/Tex/PlayerTitle/ui_com_playertitle_200_202.ui_com_playertitle_200_202',None,-1,すわあやか２
200_203,200_203,Texture2D'/Game/GUI/Common/Tex/PlayerTitle/ui_com_playertitle_200_203.ui_com_playertitle_200_203',None,-1,すわあやか３
200_204,200_204,Texture2D'/Game/GUI/Common/Tex/PlayerTitle/ui_com_playertitle_200_204.ui_com_playertitle_200_204',None,-1,すわあやか４
200_301,200_301,Texture2D'/Game/GUI/Common/Tex/PlayerTitle/ui_com_playertitle_200_301.ui_com_playertitle_200_301',None,-1,さとうみゆき１
200_302,200_302,Texture2D'/Game/GUI/Common/Tex/PlayerTitle/ui_com_playertitle_200_302.ui_com_playertitle_200_302',None,-1,さとうみゆき２
200_303,200_303,Texture2D'/Game/GUI/Common/Tex/PlayerTitle/ui_com_playertitle_200_303.ui_com_playertitle_200_303',None,-1,さとうみゆき３
200_304,200_304,Texture2D'/Game/GUI/Common/Tex/PlayerTitle/ui_com_playertitle_200_304.ui_com_playertitle_200_304',None,-1,さとうみゆき４
200_401,200_401,Texture2D'/Game/GUI/Common/Tex/PlayerTitle/ui_com_playertitle_200_401.ui_com_playertitle_200_401',None,-1,たかみな1
200_402,200_402,Texture2D'/Game/GUI/Common/Tex/PlayerTitle/ui_com_playertitle_200_402.ui_com_playertitle_200_402',None,-1,たかみな2
200_403,200_403,Texture2D'/Game/GUI/Common/Tex/PlayerTitle/ui_com_playertitle_200_403.ui_com_playertitle_200_403',None,-1,たかみな3
200_404,200_404,Texture2D'/Game/GUI/Common/Tex/PlayerTitle/ui_com_playertitle_200_404.ui_com_playertitle_200_404',None,-1,たかみな4
200_501,200_501,Texture2D'/Game/GUI/Common/Tex/PlayerTitle/ui_com_playertitle_200_501.ui_com_playertitle_200_501',None,-1,うりょっち１
200_502,200_502,Texture2D'/Game/GUI/Common/Tex/PlayerTitle/ui_com_playertitle_200_502.ui_com_playertitle_200_502',None,-1,うりょっち２
200_503,200_503,Texture2D'/Game/GUI/Common/Tex/PlayerTitle/ui_com_playertitle_200_503.ui_com_playertitle_200_503',None,-1,うりょっち３
200_504,200_504,Texture2D'/Game/GUI/Common/Tex/PlayerTitle/ui_com_playertitle_200_504.ui_com_playertitle_200_504',None,-1,うりょっち４
200_601,200_601,Texture2D'/Game/GUI/Common/Tex/PlayerTitle/ui_com_playertitle_200_601.ui_com_playertitle_200_601',None,-1,かぐらひろゆき1
200_602,200_602,Texture2D'/Game/GUI/Common/Tex/PlayerTitle/ui_com_playertitle_200_602.ui_com_playertitle_200_602',None,-1,かぐらひろゆき2
200_603,200_603,Texture2D'/Game/GUI/Common/Tex/PlayerTitle/ui_com_playertitle_200_603.ui_com_playertitle_200_603',None,-1,かぐらひろゆき3
200_604,200_604,Texture2D'/Game/GUI/Common/Tex/PlayerTitle/ui_com_playertitle_200_604.ui_com_playertitle_200_604',None,-1,かぐらひろゆき4
200_701,200_701,Texture2D'/Game/GUI/Common/Tex/PlayerTitle/playertitle_200_701.playertitle_200_701',None,-1,アーサー1
200_702,200_702,Texture2D'/Game/GUI/Common/Tex/PlayerTitle/playertitle_200_702.playertitle_200_702',None,-1,アーサー2
200_703,200_703,Texture2D'/Game/GUI/Common/Tex/PlayerTitle/playertitle_200_703.playertitle_200_703',None,-1,アーサー3
200_704,200_704,Texture2D'/Game/GUI/Common/Tex/PlayerTitle/playertitle_200_704.playertitle_200_704',None,-1,アーサー4
201_001,201_001,Texture2D'/Game/GUI/Common/Tex/PlayerTitle/ui_com_playertitle_201_101.ui_com_playertitle_201_101',None,-1,たんたん１
201_002,201_002,Texture2D'/Game/GUI/Common/Tex/PlayerTitle/ui_com_playertitle_201_102.ui_com_playertitle_201_102',None,-1,たんたん２
201_003,201_003,Texture2D'/Game/GUI/Common/Tex/PlayerTitle/ui_com_playertitle_201_103.ui_com_playertitle_201_103',None,-1,たんたん３
201_004,201_004,Texture2D'/Game/GUI/Common/Tex/PlayerTitle/ui_com_playertitle_201_104.ui_com_playertitle_201_104',None,-1,たんたん４
201_101,201_101,Texture2D'/Game/GUI/Common/Tex/PlayerTitle/ui_com_playertitle_201_201.ui_com_playertitle_201_201',None,-1,いしかわ１
201_102,201_102,Texture2D'/Game/GUI/Common/Tex/PlayerTitle/ui_com_playertitle_201_202.ui_com_playertitle_201_202',None,-1,いしかわ２
201_103,201_103,Texture2D'/Game/GUI/Common/Tex/PlayerTitle/ui_com_playertitle_201_203.ui_com_playertitle_201_203',None,-1,いしかわ３
201_104,201_104,Texture2D'/Game/GUI/Common/Tex/PlayerTitle/ui_com_playertitle_201_204.ui_com_playertitle_201_204',None,-1,いしかわ４
201_201,201_201,Texture2D'/Game/GUI/Common/Tex/PlayerTitle/ui_com_playertitle_201_001.ui_com_playertitle_201_001',None,-1,いしだ１
201_202,201_202,Texture2D'/Game/GUI/Common/Tex/PlayerTitle/ui_com_playertitle_201_002.ui_com_playertitle_201_002',None,-1,いしだ２
201_203,201_203,Texture2D'/Game/GUI/Common/Tex/PlayerTitle/ui_com_playertitle_201_003.ui_com_playertitle_201_003',None,-1,いしだ３
201_204,201_204,Texture2D'/Game/GUI/Common/Tex/PlayerTitle/ui_com_playertitle_201_004.ui_com_playertitle_201_004',None,-1,いしだ４
300_101,300_101,Texture2D'/Game/GUI/Common/Tex/PlayerTitle/playertitle_300_101.playertitle_300_101',None,-1,翔握戦2019＃1　優勝
300_102,300_102,Texture2D'/Game/GUI/Common/Tex/PlayerTitle/playertitle_300_102.playertitle_300_102',None,-1,翔握戦2019＃1　準優勝
300_103,300_103,Texture2D'/Game/GUI/Common/Tex/PlayerTitle/playertitle_300_103.playertitle_300_103',None,-1,翔握戦2019＃1　三位
300_104,300_104,Texture2D'/Game/GUI/Common/Tex/PlayerTitle/playertitle_300_104.playertitle_300_104',None,-1,翔握戦2019＃2　優勝
300_105,300_105,Texture2D'/Game/GUI/Common/Tex/PlayerTitle/playertitle_300_105.playertitle_300_105',None,-1,翔握戦2019＃2　準優勝
300_106,300_106,Texture2D'/Game/GUI/Common/Tex/PlayerTitle/playertitle_300_106.playertitle_300_106',None,-1,翔握戦2019＃2　三位
300_131,300_131,Texture2D'/Game/GUI/Common/Tex/PlayerTitle/playertitle_300_131.playertitle_300_131',None,-1,翔握戦2019＃3　優勝
300_132,300_132,Texture2D'/Game/GUI/Common/Tex/PlayerTitle/playertitle_300_132.playertitle_300_132',None,-1,翔握戦2019＃3　準優勝
300_133,300_133,Texture2D'/Game/GUI/Common/Tex/PlayerTitle/playertitle_300_133.playertitle_300_133',None,-1,翔握戦2019＃3　三位
300_141,300_141,Texture2D'/Game/GUI/Common/Tex/PlayerTitle/playertitle_300_141.playertitle_300_141',None,-1,翔握戦2019＃4　優勝
300_142,300_142,Texture2D'/Game/GUI/Common/Tex/PlayerTitle/playertitle_300_142.playertitle_300_142',None,-1,翔握戦2019＃4　準優勝
300_143,300_143,Texture2D'/Game/GUI/Common/Tex/PlayerTitle/playertitle_300_143.playertitle_300_143',None,-1,翔握戦2019＃4　三位
300_151,300_151,Texture2D'/Game/GUI/Common/Tex/PlayerTitle/playertitle_300_151.playertitle_300_151',None,-1,翔握戦2019＃5　優勝
300_152,300_152,Texture2D'/Game/GUI/Common/Tex/PlayerTitle/playertitle_300_152.playertitle_300_152',None,-1,翔握戦2019＃5　準優勝
300_153,300_153,Texture2D'/Game/GUI/Common/Tex/PlayerTitle/playertitle_300_153.playertitle_300_153',None,-1,翔握戦2019＃5　三位
300_161,300_161,Texture2D'/Game/GUI/Common/Tex/PlayerTitle/playertitle_300_161.playertitle_300_161',None,-1,翔握戦2019＃6　優勝
300_162,300_162,Texture2D'/Game/GUI/Common/Tex/PlayerTitle/playertitle_300_162.playertitle_300_162',None,-1,翔握戦2019＃6　準優勝
300_163,300_163,Texture2D'/Game/GUI/Common/Tex/PlayerTitle/playertitle_300_163.playertitle_300_163',None,-1,翔握戦2019＃6　三位
300_171,300_171,Texture2D'/Game/GUI/Common/Tex/PlayerTitle/playertitle_300_171.playertitle_300_171',None,-1,翔握戦2019＃7　優勝
300_172,300_172,Texture2D'/Game/GUI/Common/Tex/PlayerTitle/playertitle_300_172.playertitle_300_172',None,-1,翔握戦2019＃7　準優勝
300_173,300_173,Texture2D'/Game/GUI/Common/Tex/PlayerTitle/playertitle_300_173.playertitle_300_173',None,-1,翔握戦2019＃7　三位
300_181,300_181,Texture2D'/Game/GUI/Common/Tex/PlayerTitle/playertitle_300_181.playertitle_300_181',None,-1,翔握戦2019＃8　優勝
300_182,300_182,Texture2D'/Game/GUI/Common/Tex/PlayerTitle/playertitle_300_182.playertitle_300_182',None,-1,翔握戦2019＃8　準優勝
300_183,300_183,Texture2D'/Game/GUI/Common/Tex/PlayerTitle/playertitle_300_183.playertitle_300_183',None,-1,翔握戦2019＃8　三位
311_211,311_211,Texture2D'/Game/GUI/Common/Tex/PlayerTitle/playertitle_311_211.playertitle_311_211',None,-1,翔握戦2020＃1　優勝
311_212,311_212,Texture2D'/Game/GUI/Common/Tex/PlayerTitle/playertitle_311_212.playertitle_311_212',None,-1,翔握戦2020＃1　準優勝
311_213,311_213,Texture2D'/Game/GUI/Common/Tex/PlayerTitle/playertitle_311_213.playertitle_311_213',None,-1,翔握戦2020＃1　三位
311_221,311_221,Texture2D'/Game/GUI/Common/Tex/PlayerTitle/playertitle_311_221.playertitle_311_221',None,-1,翔握戦2020＃2　優勝
311_222,311_222,Texture2D'/Game/GUI/Common/Tex/PlayerTitle/playertitle_311_222.playertitle_311_222',None,-1,翔握戦2020＃2　準優勝
311_223,311_223,Texture2D'/Game/GUI/Common/Tex/PlayerTitle/playertitle_311_223.playertitle_311_223',None,-1,翔握戦2020＃2　三位
311_231,311_231,Texture2D'/Game/GUI/Common/Tex/PlayerTitle/playertitle_311_231.playertitle_311_231',None,-1,翔握戦2020＃3　優勝
311_232,311_232,Texture2D'/Game/GUI/Common/Tex/PlayerTitle/playertitle_311_232.playertitle_311_232',None,-1,翔握戦2020＃3　準優勝
311_233,311_233,Texture2D'/Game/GUI/Common/Tex/PlayerTitle/playertitle_311_233.playertitle_311_233',None,-1,翔握戦2020＃3　三位
311_241,311_241,Texture2D'/Game/GUI/Common/Tex/PlayerTitle/playertitle_311_241.playertitle_311_241',None,-1,翔握戦2020＃4　優勝
311_242,311_242,Texture2D'/Game/GUI/Common/Tex/PlayerTitle/playertitle_311_242.playertitle_311_242',None,-1,翔握戦2020＃4　準優勝
311_243,311_243,Texture2D'/Game/GUI/Common/Tex/PlayerTitle/playertitle_311_243.playertitle_311_243',None,-1,翔握戦2020＃4　三位
310_101,310_101,Texture2D'/Game/GUI/Common/Tex/PlayerTitle/playertitle_310_101.playertitle_310_101',None,-1,Round1Tournament2019＃1　優勝
310_102,310_102,Texture2D'/Game/GUI/Common/Tex/PlayerTitle/playertitle_310_102.playertitle_310_102',None,-1,Round1Tournament2019＃1　準優勝
310_103,310_103,Texture2D'/Game/GUI/Common/Tex/PlayerTitle/playertitle_310_103.playertitle_310_103',None,-1,Round1Tournament2019＃1　三位
310_111,310_111,Texture2D'/Game/GUI/Common/Tex/PlayerTitle/playertitle_310_111.playertitle_310_111',None,-1,Round1Tournament2019＃2　優勝
310_112,310_112,Texture2D'/Game/GUI/Common/Tex/PlayerTitle/playertitle_310_112.playertitle_310_112',None,-1,Round1Tournament2019＃2　準優勝
310_113,310_113,Texture2D'/Game/GUI/Common/Tex/PlayerTitle/playertitle_310_113.playertitle_310_113',None,-1,Round1Tournament2019＃2　三位
310_121,310_121,Texture2D'/Game/GUI/Common/Tex/PlayerTitle/playertitle_310_121.playertitle_310_121',None,-1,Round1Tournament2019＃3　優勝
310_122,310_122,Texture2D'/Game/GUI/Common/Tex/PlayerTitle/playertitle_310_122.playertitle_310_122',None,-1,Round1Tournament2019＃3　準優勝
310_123,310_123,Texture2D'/Game/GUI/Common/Tex/PlayerTitle/playertitle_310_123.playertitle_310_123',None,-1,Round1Tournament2019＃3　三位
310_131,310_131,Texture2D'/Game/GUI/Common/Tex/PlayerTitle/playertitle_310_131.playertitle_310_131',None,-1,Round1Tournament2019＃4　優勝
310_132,310_132,Texture2D'/Game/GUI/Common/Tex/PlayerTitle/playertitle_310_132.playertitle_310_132',None,-1,Round1Tournament2019＃4　準優勝
310_133,310_133,Texture2D'/Game/GUI/Common/Tex/PlayerTitle/playertitle_310_133.playertitle_310_133',None,-1,Round1Tournament2019＃4　三位
310_141,310_141,Texture2D'/Game/GUI/Common/Tex/PlayerTitle/playertitle_310_141.playertitle_310_141',None,-1,Round1Tournament2019＃5　優勝
310_142,310_142,Texture2D'/Game/GUI/Common/Tex/PlayerTitle/playertitle_310_142.playertitle_310_142',None,-1,Round1Tournament2019＃5　準優勝
310_143,310_143,Texture2D'/Game/GUI/Common/Tex/PlayerTitle/playertitle_310_143.playertitle_310_143',None,-1,Round1Tournament2019＃5　三位
310_161,310_161,Texture2D'/Game/GUI/Common/Tex/PlayerTitle/playertitle_310_161.playertitle_310_161',None,-1,Round1Tournament2019＃6　優勝
310_162,310_162,Texture2D'/Game/GUI/Common/Tex/PlayerTitle/playertitle_310_162.playertitle_310_162',None,-1,Round1Tournament2019＃6　準優勝
310_163,310_163,Texture2D'/Game/GUI/Common/Tex/PlayerTitle/playertitle_310_163.playertitle_310_163',None,-1,Round1Tournament2019＃6　三位
310_171,310_171,Texture2D'/Game/GUI/Common/Tex/PlayerTitle/playertitle_310_171.playertitle_310_171',None,-1,Round1Tournament2019＃7　優勝
310_172,310_172,Texture2D'/Game/GUI/Common/Tex/PlayerTitle/playertitle_310_172.playertitle_310_172',None,-1,Round1Tournament2019＃7　準優勝
310_173,310_173,Texture2D'/Game/GUI/Common/Tex/PlayerTitle/playertitle_310_173.playertitle_310_173',None,-1,Round1Tournament2019＃7　三位
310_181,310_181,Texture2D'/Game/GUI/Common/Tex/PlayerTitle/playertitle_310_181.playertitle_310_181',None,-1,Round1Tournament2019＃8　優勝
310_182,310_182,Texture2D'/Game/GUI/Common/Tex/PlayerTitle/playertitle_310_182.playertitle_310_182',None,-1,Round1Tournament2019＃8　準優勝
310_183,310_183,Texture2D'/Game/GUI/Common/Tex/PlayerTitle/playertitle_310_183.playertitle_310_183',None,-1,Round1Tournament2019＃8　三位
310_191,310_191,Texture2D'/Game/GUI/Common/Tex/PlayerTitle/playertitle_310_191.playertitle_310_191',None,-1,Round1Tournament2019＃9　優勝
310_192,310_192,Texture2D'/Game/GUI/Common/Tex/PlayerTitle/playertitle_310_192.playertitle_310_192',None,-1,Round1Tournament2019＃9　準優勝
310_193,310_193,Texture2D'/Game/GUI/Common/Tex/PlayerTitle/playertitle_310_193.playertitle_310_193',None,-1,Round1Tournament2019＃9　三位
310_251,310_251,Texture2D'/Game/GUI/Common/Tex/PlayerTitle/playertitle_310_251.playertitle_310_251',None,-1,Round1Tournament2019＃10　優勝
310_252,310_252,Texture2D'/Game/GUI/Common/Tex/PlayerTitle/playertitle_310_252.playertitle_310_252',None,-1,Round1Tournament2019＃10　準優勝
310_253,310_253,Texture2D'/Game/GUI/Common/Tex/PlayerTitle/playertitle_310_253.playertitle_310_253',None,-1,Round1Tournament2019＃10　三位
310_174,310_174,Texture2D'/Game/GUI/Common/Tex/PlayerTitle/playertitle_310_174.playertitle_310_174',None,-1,RoundAZ-One 優勝
310_175,310_175,Texture2D'/Game/GUI/Common/Tex/PlayerTitle/playertitle_310_175.playertitle_310_175',None,-1,RoundAZ-One 準優勝
310_176,310_176,Texture2D'/Game/GUI/Common/Tex/PlayerTitle/playertitle_310_176.playertitle_310_176',None,-1,RoundAZ-One 三位
312_311,312_311,Texture2D'/Game/GUI/Common/Tex/PlayerTitle/playertitle_312_311.playertitle_312_311',None,-1,Round1Tournament2020＃1　優勝
312_312,312_312,Texture2D'/Game/GUI/Common/Tex/PlayerTitle/playertitle_312_312.playertitle_312_312',None,-1,Round1Tournament2020＃1　準優勝
312_313,312_313,Texture2D'/Game/GUI/Common/Tex/PlayerTitle/playertitle_312_313.playertitle_312_313',None,-1,Round1Tournament2020＃1　三位
312_321,312_321,Texture2D'/Game/GUI/Common/Tex/PlayerTitle/playertitle_312_321.playertitle_312_321',None,-1,Round1Tournament2020＃2　優勝
312_322,312_322,Texture2D'/Game/GUI/Common/Tex/PlayerTitle/playertitle_312_322.playertitle_312_322',None,-1,Round1Tournament2020＃2　準優勝
312_323,312_323,Texture2D'/Game/GUI/Common/Tex/PlayerTitle/playertitle_312_323.playertitle_312_323',None,-1,Round1Tournament2020＃2　三位
312_331,312_331,Texture2D'/Game/GUI/Common/Tex/PlayerTitle/playertitle_312_331.playertitle_312_331',None,-1,Round1Tournament2020＃3　優勝
312_332,312_332,Texture2D'/Game/GUI/Common/Tex/PlayerTitle/playertitle_312_332.playertitle_312_332',None,-1,Round1Tournament2020＃3　準優勝
312_333,312_333,Texture2D'/Game/GUI/Common/Tex/PlayerTitle/playertitle_312_333.playertitle_312_333',None,-1,Round1Tournament2020＃3　三位
312_341,312_341,Texture2D'/Game/GUI/Common/Tex/PlayerTitle/playertitle_312_341.playertitle_312_341',None,-1,Round1Tournament2020＃4　優勝
312_342,312_342,Texture2D'/Game/GUI/Common/Tex/PlayerTitle/playertitle_312_342.playertitle_312_342',None,-1,Round1Tournament2020＃4　準優勝
312_343,312_343,Texture2D'/Game/GUI/Common/Tex/PlayerTitle/playertitle_312_343.playertitle_312_343',None,-1,Round1Tournament2020＃4　三位
312_391,312_391,Texture2D'/Game/GUI/Common/Tex/PlayerTitle/playertitle_312_391.playertitle_312_391',None,-1,RoundAZ-One 2020 優勝
312_392,312_392,Texture2D'/Game/GUI/Common/Tex/PlayerTitle/playertitle_312_392.playertitle_312_392',None,-1,RoundAZ-One 2020 準優勝
312_393,312_393,Texture2D'/Game/GUI/Common/Tex/PlayerTitle/playertitle_312_393.playertitle_312_393',None,-1,RoundAZ-One 2020 三位
310_211,310_211,Texture2D'/Game/GUI/Common/Tex/PlayerTitle/playertitle_310_211.playertitle_310_211',None,-1,Championship2019#1　優勝
310_212,310_212,Texture2D'/Game/GUI/Common/Tex/PlayerTitle/playertitle_310_212.playertitle_310_212',None,-1,Championship2019#1　準優勝
310_213,310_213,Texture2D'/Game/GUI/Common/Tex/PlayerTitle/playertitle_310_213.playertitle_310_213',None,-1,Championship2019#1　三位
310_221,310_221,Texture2D'/Game/GUI/Common/Tex/PlayerTitle/playertitle_310_221.playertitle_310_221',None,-1,Championship2019#2　優勝
310_222,310_222,Texture2D'/Game/GUI/Common/Tex/PlayerTitle/playertitle_310_222.playertitle_310_222',None,-1,Championship2019#2　準優勝
310_223,310_223,Texture2D'/Game/GUI/Common/Tex/PlayerTitle/playertitle_310_223.playertitle_310_223',None,-1,Championship2019#2　三位
310_231,310_231,Texture2D'/Game/GUI/Common/Tex/PlayerTitle/playertitle_310_231.playertitle_310_231',None,-1,Championship2019#3　優勝
310_232,310_232,Texture2D'/Game/GUI/Common/Tex/PlayerTitle/playertitle_310_232.playertitle_310_232',None,-1,Championship2019#3　準優勝
310_233,310_233,Texture2D'/Game/GUI/Common/Tex/PlayerTitle/playertitle_310_233.playertitle_310_233',None,-1,Championship2019#3　三位
310_241,310_241,Texture2D'/Game/GUI/Common/Tex/PlayerTitle/playertitle_310_241.playertitle_310_241',None,-1,Championship2019#4　優勝
310_242,310_242,Texture2D'/Game/GUI/Common/Tex/PlayerTitle/playertitle_310_242.playertitle_310_242',None,-1,Championship2019#4　準優勝
310_243,310_243,Texture2D'/Game/GUI/Common/Tex/PlayerTitle/playertitle_310_243.playertitle_310_243',None,-1,Championship2019#4　三位
312_511,312_511,Texture2D'/Game/GUI/Common/Tex/PlayerTitle/playertitle_312_511.playertitle_312_511',None,-1,Championship2020#1　優勝
312_512,312_512,Texture2D'/Game/GUI/Common/Tex/PlayerTitle/playertitle_312_512.playertitle_312_512',None,-1,Championship2020#1　準優勝
312_513,312_513,Texture2D'/Game/GUI/Common/Tex/PlayerTitle/playertitle_312_513.playertitle_312_513',None,-1,Championship2020#1　三位
312_521,312_521,Texture2D'/Game/GUI/Common/Tex/PlayerTitle/playertitle_312_521.playertitle_312_521',None,-1,Championship2020#2　優勝
312_522,312_522,Texture2D'/Game/GUI/Common/Tex/PlayerTitle/playertitle_312_522.playertitle_312_522',None,-1,Championship2020#2　準優勝
312_523,312_523,Texture2D'/Game/GUI/Common/Tex/PlayerTitle/playertitle_312_523.playertitle_312_523',None,-1,Championship2020#2　三位
312_531,312_531,Texture2D'/Game/GUI/Common/Tex/PlayerTitle/playertitle_312_531.playertitle_312_531',None,-1,Championship2020#3　優勝
312_532,312_532,Texture2D'/Game/GUI/Common/Tex/PlayerTitle/playertitle_312_532.playertitle_312_532',None,-1,Championship2020#3　準優勝
312_533,312_533,Texture2D'/Game/GUI/Common/Tex/PlayerTitle/playertitle_312_533.playertitle_312_533',None,-1,Championship2020#3　三位
312_541,312_541,Texture2D'/Game/GUI/Common/Tex/PlayerTitle/playertitle_312_541.playertitle_312_541',None,-1,Championship2020#4　優勝
312_542,312_542,Texture2D'/Game/GUI/Common/Tex/PlayerTitle/playertitle_312_542.playertitle_312_542',None,-1,Championship2020#4　準優勝
312_543,312_543,Texture2D'/Game/GUI/Common/Tex/PlayerTitle/playertitle_312_543.playertitle_312_543',None,-1,Championship2020#4　三位
310_201,310_201,Texture2D'/Game/GUI/Common/Tex/PlayerTitle/playertitle_310_201.playertitle_310_201',None,-1,女子会#1
004_123,004_123,MaterialInstanceConstant'/Game/GUI/Common/Mat/PlayerTitle/MI_playertitle_004_123.MI_playertitle_004_123',None,0,
004_124,004_124,MaterialInstanceConstant'/Game/GUI/Common/Mat/PlayerTitle/MI_playertitle_004_124.MI_playertitle_004_124',None,0,
101_401,101_401,Texture2D'/Game/GUI/Common/Tex/PlayerTitle/playertitle_101_401.playertitle_101_401',None,-1,
101_402,101_402,Texture2D'/Game/GUI/Common/Tex/PlayerTitle/playertitle_101_402.playertitle_101_402',None,-1,
101_403,101_403,Texture2D'/Game/GUI/Common/Tex/PlayerTitle/playertitle_101_403.playertitle_101_403',None,-1,
101_404,101_404,Texture2D'/Game/GUI/Common/Tex/PlayerTitle/playertitle_101_404.playertitle_101_404',None,-1,
101_405,101_405,Texture2D'/Game/GUI/Common/Tex/PlayerTitle/playertitle_101_405.playertitle_101_405',None,-1,
101_406,101_406,Texture2D'/Game/GUI/Common/Tex/PlayerTitle/playertitle_101_406.playertitle_101_406',None,-1,
101_407,101_407,Texture2D'/Game/GUI/Common/Tex/PlayerTitle/playertitle_101_407.playertitle_101_407',None,-1,
101_408,101_408,Texture2D'/Game/GUI/Common/Tex/PlayerTitle/playertitle_101_408.playertitle_101_408',None,-1,
101_409,101_409,Texture2D'/Game/GUI/Common/Tex/PlayerTitle/playertitle_101_409.playertitle_101_409',None,-1,
101_410,101_410,Texture2D'/Game/GUI/Common/Tex/PlayerTitle/playertitle_101_410.playertitle_101_410',None,-1,
101_411,101_411,Texture2D'/Game/GUI/Common/Tex/PlayerTitle/playertitle_101_411.playertitle_101_411',None,-1,
101_412,101_412,Texture2D'/Game/GUI/Common/Tex/PlayerTitle/playertitle_101_412.playertitle_101_412',None,-1,
101_413,101_413,Texture2D'/Game/GUI/Common/Tex/PlayerTitle/playertitle_101_413.playertitle_101_413',None,-1,
101_414,101_414,Texture2D'/Game/GUI/Common/Tex/PlayerTitle/playertitle_101_414.playertitle_101_414',None,-1,
101_415,101_415,Texture2D'/Game/GUI/Common/Tex/PlayerTitle/playertitle_101_415.playertitle_101_415',None,-1,
200_105,200_105,Texture2D'/Game/GUI/Common/Tex/PlayerTitle/playertitle_200_105.playertitle_200_105',None,-1,
200_106,200_106,Texture2D'/Game/GUI/Common/Tex/PlayerTitle/playertitle_200_106.playertitle_200_106',None,-1,
200_107,200_107,Texture2D'/Game/GUI/Common/Tex/PlayerTitle/playertitle_200_107.playertitle_200_107',None,-1,
200_108,200_108,Texture2D'/Game/GUI/Common/Tex/PlayerTitle/playertitle_200_108.playertitle_200_108',None,-1,
200_109,200_109,Texture2D'/Game/GUI/Common/Tex/PlayerTitle/playertitle_200_109.playertitle_200_109',None,-1,
200_110,200_110,Texture2D'/Game/GUI/Common/Tex/PlayerTitle/playertitle_200_110.playertitle_200_110',None,-1,
200_205,200_205,Texture2D'/Game/GUI/Common/Tex/PlayerTitle/playertitle_200_205.playertitle_200_205',None,-1,
200_206,200_206,Texture2D'/Game/GUI/Common/Tex/PlayerTitle/playertitle_200_206.playertitle_200_206',None,-1,
200_207,200_207,Texture2D'/Game/GUI/Common/Tex/PlayerTitle/playertitle_200_207.playertitle_200_207',None,-1,
200_208,200_208,Texture2D'/Game/GUI/Common/Tex/PlayerTitle/playertitle_200_208.playertitle_200_208',None,-1,
200_209,200_209,Texture2D'/Game/GUI/Common/Tex/PlayerTitle/playertitle_200_209.playertitle_200_209',None,-1,
200_210,200_210,Texture2D'/Game/GUI/Common/Tex/PlayerTitle/playertitle_200_210.playertitle_200_210',None,-1,
200_305,200_305,Texture2D'/Game/GUI/Common/Tex/PlayerTitle/playertitle_200_305.playertitle_200_305',None,-1,
200_306,200_306,Texture2D'/Game/GUI/Common/Tex/PlayerTitle/playertitle_200_306.playertitle_200_306',None,-1,
200_307,200_307,Texture2D'/Game/GUI/Common/Tex/PlayerTitle/playertitle_200_307.playertitle_200_307',None,-1,
200_308,200_308,Texture2D'/Game/GUI/Common/Tex/PlayerTitle/playertitle_200_308.playertitle_200_308',None,-1,
200_309,200_309,Texture2D'/Game/GUI/Common/Tex/PlayerTitle/playertitle_200_309.playertitle_200_309',None,-1,
200_310,200_310,Texture2D'/Game/GUI/Common/Tex/PlayerTitle/playertitle_200_310.playertitle_200_310',None,-1,
200_405,200_405,Texture2D'/Game/GUI/Common/Tex/PlayerTitle/playertitle_200_405.playertitle_200_405',None,-1,
200_406,200_406,Texture2D'/Game/GUI/Common/Tex/PlayerTitle/playertitle_200_406.playertitle_200_406',None,-1,
200_407,200_407,Texture2D'/Game/GUI/Common/Tex/PlayerTitle/playertitle_200_407.playertitle_200_407',None,-1,
200_408,200_408,Texture2D'/Game/GUI/Common/Tex/PlayerTitle/playertitle_200_408.playertitle_200_408',None,-1,
200_409,200_409,Texture2D'/Game/GUI/Common/Tex/PlayerTitle/playertitle_200_409.playertitle_200_409',None,-1,
200_410,200_410,Texture2D'/Game/GUI/Common/Tex/PlayerTitle/playertitle_200_410.playertitle_200_410',None,-1,
200_505,200_505,Texture2D'/Game/GUI/Common/Tex/PlayerTitle/playertitle_200_505.playertitle_200_505',None,-1,
200_506,200_506,Texture2D'/Game/GUI/Common/Tex/PlayerTitle/playertitle_200_506.playertitle_200_506',None,-1,
200_507,200_507,Texture2D'/Game/GUI/Common/Tex/PlayerTitle/playertitle_200_507.playertitle_200_507',None,-1,
200_508,200_508,Texture2D'/Game/GUI/Common/Tex/PlayerTitle/playertitle_200_508.playertitle_200_508',None,-1,
200_509,200_509,Texture2D'/Game/GUI/Common/Tex/PlayerTitle/playertitle_200_509.playertitle_200_509',None,-1,
200_510,200_510,Texture2D'/Game/GUI/Common/Tex/PlayerTitle/playertitle_200_510.playertitle_200_510',None,-1,
200_605,200_605,Texture2D'/Game/GUI/Common/Tex/PlayerTitle/playertitle_200_605.playertitle_200_605',None,-1,
200_606,200_606,Texture2D'/Game/GUI/Common/Tex/PlayerTitle/playertitle_200_606.playertitle_200_606',None,-1,
200_607,200_607,Texture2D'/Game/GUI/Common/Tex/PlayerTitle/playertitle_200_607.playertitle_200_607',None,-1,
200_608,200_608,Texture2D'/Game/GUI/Common/Tex/PlayerTitle/playertitle_200_608.playertitle_200_608',None,-1,
200_609,200_609,Texture2D'/Game/GUI/Common/Tex/PlayerTitle/playertitle_200_609.playertitle_200_609',None,-1,
200_610,200_610,Texture2D'/Game/GUI/Common/Tex/PlayerTitle/playertitle_200_610.playertitle_200_610',None,-1,
201_401,201_401,Texture2D'/Game/GUI/Common/Tex/PlayerTitle/playertitle_201_401.playertitle_201_401',None,-1,
201_402,201_402,Texture2D'/Game/GUI/Common/Tex/PlayerTitle/playertitle_201_402.playertitle_201_402',None,-1,
201_403,201_403,Texture2D'/Game/GUI/Common/Tex/PlayerTitle/playertitle_201_403.playertitle_201_403',None,-1,
201_404,201_404,Texture2D'/Game/GUI/Common/Tex/PlayerTitle/playertitle_201_404.playertitle_201_404',None,-1,
310_801,310_801,Texture2D'/Game/GUI/Common/Tex/PlayerTitle/playertitle_310_801.playertitle_310_801',None,-1,最強アズワントーナメント予選 優勝
310_802,310_802,Texture2D'/Game/GUI/Common/Tex/PlayerTitle/playertitle_310_802.playertitle_310_802',None,-1,最強アズワントーナメント予選 準優勝
310_803,310_803,Texture2D'/Game/GUI/Common/Tex/PlayerTitle/playertitle_310_803.playertitle_310_803',None,-1,最強アズワントーナメント予選 三位
310_804,310_804,Texture2D'/Game/GUI/Common/Tex/PlayerTitle/playertitle_310_804.playertitle_310_804',None,-1,最強アズワントーナメント決勝 優勝
310_805,310_805,Texture2D'/Game/GUI/Common/Tex/PlayerTitle/playertitle_310_805.playertitle_310_805',None,-1,最強アズワントーナメント決勝 準優勝
310_806,310_806,Texture2D'/Game/GUI/Common/Tex/PlayerTitle/playertitle_310_806.playertitle_310_806',None,-1,最強アズワントーナメント決勝 三位
000_102,000_102,Texture2D'/Game/GUI/Common/Tex/PlayerTitle/ui_com_playertitle_backlash.ui_com_playertitle_backlash',None,-1,CPU用_称号。ボスモード用。
500_100,500_100,Texture2D'/Game/GUI/Common/Tex/PlayerTitle/playertitle_500_100.playertitle_500_100',None,-1,2on2用汎用プレート「候補生」
500_101,500_101,Texture2D'/Game/GUI/Common/Tex/PlayerTitle/playertitle_500_101.playertitle_500_101',None,-1,2on2用汎用プレート「使い」
500_102,500_102,Texture2D'/Game/GUI/Common/Tex/PlayerTitle/playertitle_500_102.playertitle_500_102',None,-1,2on2用汎用プレート「マスター」
500_103,500_103,Texture2D'/Game/GUI/Common/Tex/PlayerTitle/playertitle_500_103.playertitle_500_103',None,-1,2on2用汎用プレート「候補生」
500_104,500_104,Texture2D'/Game/GUI/Common/Tex/PlayerTitle/playertitle_500_104.playertitle_500_104',None,-1,2on2用汎用プレート「使い」
500_105,500_105,Texture2D'/Game/GUI/Common/Tex/PlayerTitle/playertitle_500_105.playertitle_500_105',None,-1,2on2用汎用プレート「マスター」
500_106,500_106,Texture2D'/Game/GUI/Common/Tex/PlayerTitle/playertitle_500_106.playertitle_500_106',None,-1,2on2用汎用プレート「候補生」
500_107,500_107,Texture2D'/Game/GUI/Common/Tex/PlayerTitle/playertitle_500_107.playertitle_500_107',None,-1,2on2用汎用プレート「使い」
500_108,500_108,Texture2D'/Game/GUI/Common/Tex/PlayerTitle/playertitle_500_108.playertitle_500_108',None,-1,2on2用汎用プレート「マスター」
500_109,500_109,Texture2D'/Game/GUI/Common/Tex/PlayerTitle/playertitle_500_109.playertitle_500_109',None,-1,2on2用汎用プレート「候補生」
500_110,500_110,Texture2D'/Game/GUI/Common/Tex/PlayerTitle/playertitle_500_110.playertitle_500_110',None,-1,2on2用汎用プレート「使い」
500_111,500_111,Texture2D'/Game/GUI/Common/Tex/PlayerTitle/playertitle_500_111.playertitle_500_111',None,-1,2on2用汎用プレート「マスター」
500_112,500_112,Texture2D'/Game/GUI/Common/Tex/PlayerTitle/playertitle_500_112.playertitle_500_112',None,-1,2on2用汎用プレート「候補生」
500_113,500_113,Texture2D'/Game/GUI/Common/Tex/PlayerTitle/playertitle_500_113.playertitle_500_113',None,-1,2on2用汎用プレート「使い」
500_114,500_114,Texture2D'/Game/GUI/Common/Tex/PlayerTitle/playertitle_500_114.playertitle_500_114',None,-1,2on2用汎用プレート「マスター」
500_115,500_115,Texture2D'/Game/GUI/Common/Tex/PlayerTitle/playertitle_500_115.playertitle_500_115',None,-1,2on2用汎用プレート「候補生」
500_116,500_116,Texture2D'/Game/GUI/Common/Tex/PlayerTitle/playertitle_500_116.playertitle_500_116',None,-1,2on2用汎用プレート「使い」
500_117,500_117,Texture2D'/Game/GUI/Common/Tex/PlayerTitle/playertitle_500_117.playertitle_500_117',None,-1,2on2用汎用プレート「マスター」
500_118,500_118,Texture2D'/Game/GUI/Common/Tex/PlayerTitle/playertitle_500_118.playertitle_500_118',None,-1,2on2用汎用プレート「候補生」
500_119,500_119,Texture2D'/Game/GUI/Common/Tex/PlayerTitle/playertitle_500_119.playertitle_500_119',None,-1,2on2用汎用プレート「使い」
500_120,500_120,Texture2D'/Game/GUI/Common/Tex/PlayerTitle/playertitle_500_120.playertitle_500_120',None,-1,2on2用汎用プレート「マスター」
500_121,500_121,Texture2D'/Game/GUI/Common/Tex/PlayerTitle/playertitle_500_121.playertitle_500_121',None,-1,2on2用汎用プレート「候補生」
500_122,500_122,Texture2D'/Game/GUI/Common/Tex/PlayerTitle/playertitle_500_122.playertitle_500_122',None,-1,2on2用汎用プレート「使い」
500_123,500_123,Texture2D'/Game/GUI/Common/Tex/PlayerTitle/playertitle_500_123.playertitle_500_123',None,-1,2on2用汎用プレート「マスター」
500_124,500_124,Texture2D'/Game/GUI/Common/Tex/PlayerTitle/playertitle_500_124.playertitle_500_124',None,-1,2on2用汎用プレート「候補生」
500_125,500_125,Texture2D'/Game/GUI/Common/Tex/PlayerTitle/playertitle_500_125.playertitle_500_125',None,-1,2on2用汎用プレート「使い」
500_126,500_126,Texture2D'/Game/GUI/Common/Tex/PlayerTitle/playertitle_500_126.playertitle_500_126',None,-1,2on2用汎用プレート「マスター」
500_127,500_127,Texture2D'/Game/GUI/Common/Tex/PlayerTitle/playertitle_500_127.playertitle_500_127',None,-1,2on2用汎用プレート「候補生」
500_128,500_128,Texture2D'/Game/GUI/Common/Tex/PlayerTitle/playertitle_500_128.playertitle_500_128',None,-1,2on2用汎用プレート「使い」
500_129,500_129,Texture2D'/Game/GUI/Common/Tex/PlayerTitle/playertitle_500_129.playertitle_500_129',None,-1,2on2用汎用プレート「マスター」
500_130,500_130,Texture2D'/Game/GUI/Common/Tex/PlayerTitle/playertitle_500_130.playertitle_500_130',None,-1,2on2用汎用プレート「候補生」
500_131,500_131,Texture2D'/Game/GUI/Common/Tex/PlayerTitle/playertitle_500_131.playertitle_500_131',None,-1,2on2用汎用プレート「使い」
500_132,500_132,Texture2D'/Game/GUI/Common/Tex/PlayerTitle/playertitle_500_132.playertitle_500_132',None,-1,2on2用汎用プレート「マスター」
500_133,500_133,Texture2D'/Game/GUI/Common/Tex/PlayerTitle/playertitle_500_133.playertitle_500_133',None,-1,2on2用汎用プレート「候補生」
500_134,500_134,Texture2D'/Game/GUI/Common/Tex/PlayerTitle/playertitle_500_134.playertitle_500_134',None,-1,2on2用汎用プレート「使い」
500_135,500_135,Texture2D'/Game/GUI/Common/Tex/PlayerTitle/playertitle_500_135.playertitle_500_135',None,-1,2on2用汎用プレート「マスター」
500_136,500_136,Texture2D'/Game/GUI/Common/Tex/PlayerTitle/playertitle_500_136.playertitle_500_136',None,-1,2on2用汎用プレート「候補生」
500_137,500_137,Texture2D'/Game/GUI/Common/Tex/PlayerTitle/playertitle_500_137.playertitle_500_137',None,-1,2on2用汎用プレート「使い」
500_138,500_138,Texture2D'/Game/GUI/Common/Tex/PlayerTitle/playertitle_500_138.playertitle_500_138',None,-1,2on2用汎用プレート「マスター」
500_139,500_139,Texture2D'/Game/GUI/Common/Tex/PlayerTitle/playertitle_500_139.playertitle_500_139',None,-1,2on2用汎用プレート「候補生」
500_140,500_140,Texture2D'/Game/GUI/Common/Tex/PlayerTitle/playertitle_500_140.playertitle_500_140',None,-1,2on2用汎用プレート「使い」
500_141,500_141,Texture2D'/Game/GUI/Common/Tex/PlayerTitle/playertitle_500_141.playertitle_500_141',None,-1,2on2用汎用プレート「マスター」
500_200,500_200,Texture2D'/Game/GUI/Common/Tex/PlayerTitle/playertitle_500_200.playertitle_500_200',None,-1,2on2用専用プレート「愛機」
500_201,500_201,Texture2D'/Game/GUI/Common/Tex/PlayerTitle/playertitle_500_201.playertitle_500_201',None,-1,2on2用専用プレート「愛機」
500_202,500_202,Texture2D'/Game/GUI/Common/Tex/PlayerTitle/playertitle_500_202.playertitle_500_202',None,-1,2on2用専用プレート「愛機」
500_203,500_203,Texture2D'/Game/GUI/Common/Tex/PlayerTitle/playertitle_500_203.playertitle_500_203',None,-1,2on2用専用プレート「愛機」
500_204,500_204,Texture2D'/Game/GUI/Common/Tex/PlayerTitle/playertitle_500_204.playertitle_500_204',None,-1,2on2用専用プレート「愛機」
500_900,500_900,Texture2D'/Game/GUI/Common/Tex/PlayerTitle/playertitle_500_900.playertitle_500_900',None,-1,2on2用専用プレート「マチあり」
500_901,500_901,Texture2D'/Game/GUI/Common/Tex/PlayerTitle/playertitle_500_901.playertitle_500_901',None,-1,2on2用専用プレート「バトルマニア」
500_902,500_902,Texture2D'/Game/GUI/Common/Tex/PlayerTitle/playertitle_500_902.playertitle_500_902',None,-1,2on2用専用プレート「スペシャリスト」
500_903,500_903,Texture2D'/Game/GUI/Common/Tex/PlayerTitle/playertitle_500_903.playertitle_500_903',None,-1,2on2用専用プレート「ウォージャンキー」
500_904,500_904,Texture2D'/Game/GUI/Common/Tex/PlayerTitle/playertitle_500_904.playertitle_500_904',None,-1,2on2用専用プレート「ウィングスパイカー」
500_905,500_905,Texture2D'/Game/GUI/Common/Tex/PlayerTitle/playertitle_500_905.playertitle_500_905',None,-1,2on2用専用プレート「俺とお前で」
500_906,500_906,Texture2D'/Game/GUI/Common/Tex/PlayerTitle/playertitle_500_906.playertitle_500_906',None,-1,2on2用専用プレート「阿吽乃呼吸」
500_205,500_205,Texture2D'/Game/GUI/Common/Tex/PlayerTitle/playertitle_500_205.playertitle_500_205',None,-1,2on2用専用プレート「愛機」
