---,QuestId,Name,BuddyId,Order,IsReChallenge,Difficulty,KindId,ModeId,IsDev
1,1001,エア・リアル殲滅作戦１,1,1,True,1,0,1,False
2,1002,マグ殲滅作戦１,1,2,True,1,0,1,False
3,1003,ポート奪還作戦１,1,3,True,1,0,1,False
4,1004,Sマグ討伐作戦,1,4,True,2,0,1,False
5,1005,アサルトの実戦１,1,5,True,2,0,1,False
6,1006,ヴァンガードの実戦１,1,6,True,2,0,1,False
7,1007,サポートの実戦１,1,7,True,2,0,1,False
8,1008,射撃武器の訓練１,1,8,True,3,0,1,False
9,1009,格闘武器の訓練１,1,9,True,3,0,1,False
10,1010,戦略的撤退,1,10,False,1,0,1,False
11,1011,ヒカリからの依頼１,1,11,False,1,0,1,False
12,1012,コミュニケーション,1,12,False,1,0,1,False
13,1013,勝利の星,1,13,False,2,0,1,False
14,1014,クリスマス作戦１【12/25まで】,1,14,True,1,1,1,False
15,1015,クリスマス作戦２【12/25まで】,1,15,True,2,2,1,False
16,1016,クリスマス作戦３【12/25まで】,1,16,True,4,3,1,False
17,1017,お正月クエスト【1/31まで】,1,17,True,1,4,1,False
18,1018,作戦報告,1,18,False,1,0,1,False
19,1019,タワー破壊作戦,1,19,True,2,0,1,True
20,1020,ヒカリと特訓１,1,20,True,3,0,1,True
21,1021,ヒカリからの依頼２,1,21,False,2,0,1,False
22,1022,エア・グランデ討伐作戦,1,22,True,2,0,1,False
23,1023,敵兵器破壊作戦,1,23,True,3,0,1,True
24,1024,飛行訓練,1,24,False,2,0,1,False
25,1025,ポート防衛作戦,1,25,True,3,0,1,True
26,1026,ヒカリと特訓２,1,26,True,4,0,1,True
27,1027,アクロバティック飛行,1,27,False,1,0,1,False
28,1028,ベストプレイヤー,1,28,True,3,0,1,True
29,1029,トッププレイヤー,1,29,True,4,0,1,True
30,1030,チョコレート作戦,1,30,True,2,0,1,True
31,1031,お内裏様とお雛様？,1,31,True,2,0,1,True
32,1032,天の川を翔ける,1,32,True,2,0,1,True
33,1033,夏祭り射的作戦,1,33,True,2,0,1,True
34,1034,お菓子か弾丸か,1,34,True,2,0,1,True
35,1035,星のバレンタイン【2/14まで】,1,35,True,1,5,1,False
36,1036,テスト用クエスト対ARダメージ,1,36,True,3,0,1,True
37,1037,ヒカリの誕生日１【5/5まで】,1,37,False,1,0,1,False
38,1038,ヒカリの誕生日２【5/5まで】,1,38,False,1,0,1,False
39,1039,ヒカリの誕生日３【5/5まで】,1,39,False,2,0,1,False
40,1040,ヒカリの誕生日４【5/5まで】,1,40,False,3,0,1,False
41,1041,戦術的戦闘訓練１,1,41,True,2,0,1,False
42,1042,ヒカリとスキルアップ１,1,42,False,1,0,1,False
43,1043,アサルトの実戦２,1,43,True,2,0,1,False
44,1044,ヴァンガードの実戦２,1,44,True,2,0,1,False
45,1045,サポートの実戦２,1,45,True,2,0,1,False
46,1046,ヒカリとスキルアップ２,1,46,False,2,0,1,False
47,1047,For the Win,1,47,False,2,0,1,False
48,1048,天駆ける星の煌めき,1,48,False,3,0,1,True
49,1049,6月の花嫁１【6/25まで】,1,49,True,1,6,1,False
50,1050,6月の花嫁２【6/25まで】,1,50,False,2,0,1,False
51,1051,6月の花嫁３【6/25まで】,1,51,False,3,0,1,False
52,1052,夏だ！みんな集合【7/30まで】,1,52,False,1,7,1,False
53,1053,あつはなっちぃーぜ！【7/30まで】,1,53,False,2,8,1,False
54,1054,あっちぃ勝負！【7/30まで】,1,54,False,3,9,1,False
55,1055,負けねぇぜ！！【7/30まで】,1,55,False,3,10,1,False
56,1056,Fighting Spirit,1,56,True,3,0,1,False
57,1057,ヒカリの特別指導１,1,57,False,1,0,1,False
58,1058,君と私で,1,58,False,1,0,1,False
59,1059,２つの翼,1,59,False,2,0,1,False
60,1060,絆の力,1,60,False,2,0,1,False
61,1061,背中は預けた,1,61,True,3,14,1,False
62,1066,月より団子１【10/10まで】,1,62,False,1,15,1,False
63,1067,月より団子２【10/10まで】,1,63,False,2,16,1,False
64,1068,月より団子３【10/10まで】,1,64,False,2,17,1,False
65,1069,月より団子４【10/10まで】,1,65,False,3,18,1,False
66,1070,ベロベロバー！１【11/14まで】,1,66,False,1,19,1,False
67,1071,ベロベロバー！２【11/14まで】,1,67,False,2,20,1,False
68,1072,ベロベロバー！３【11/14まで】,1,68,False,2,21,1,False
69,1073,ベロベロバー！４【11/14まで】,1,69,False,3,22,1,False
70,1074,キザナ共闘戦線クエスト1,1,70,False,1,23,20,False
71,1075,キザナ共闘戦線クエスト2,1,71,False,1,24,20,False
72,1076,キザナ共闘戦線クエスト3,1,72,False,1,25,20,False
73,1077,キザナ共闘戦線クエスト4,1,73,False,2,26,20,False
74,1078,キザナ共闘戦線クエスト5,1,74,False,2,27,20,False
75,1079,キザナ共闘戦線クエスト6,1,75,False,2,28,20,False
76,1080,キザナ共闘戦線クエスト7,1,76,False,3,29,20,False
77,1081,防御は最大の攻撃,1,77,False,1,0,1,False
78,1082,速さが足りない！！,1,78,False,1,0,1,False
79,1083,トリガーハッピー♪,1,79,False,2,0,30,False
80,1084,最の高なクリスマスを１【12/29まで】,1,80,False,1,30,30,False
81,1085,最の高なクリスマスを２【12/29まで】,1,81,False,2,31,30,False
82,1086,最の高なクリスマスを３【12/29まで】,1,82,False,2,32,30,False
83,1087,最の高なクリスマスを４【12/29まで】,1,83,False,3,33,30,False
84,1088,お正月チャレンジクエスト１【1/21まで】,1,84,False,1,34,30,False
85,1089,お正月チャレンジクエスト２【1/21まで】,1,85,False,2,35,30,False
86,1090,お正月チャレンジクエスト３【1/21まで】,1,86,False,3,0,30,False
87,1091,お正月チャレンジクエスト４【1/21まで】,1,87,False,3,36,30,False
88,1092,チョコっと甘～い出撃１【2/18まで】,1,88,False,1,38,30,False
89,1093,チョコっと甘～い出撃２【2/18まで】,1,89,False,2,39,30,False
90,1094,チョコっと甘～い出撃３【2/18まで】,1,90,False,3,40,30,False
91,1095,チョコっと甘～い出撃４【2/18まで】,1,91,False,3,41,30,False
92,1100,ズバッとやって、カッキーン,1,100,False,2,0,30,False
93,1101,油断大敵なお姉さん,1,101,False,2,0,30,False
94,1102,敵のエア・グランデを発見！,1,102,False,2,0,30,False
95,1103,完全無欠のキラキラリーン☆,1,103,False,2,0,30,False
96,1104,レイカの誕生日２－１【3/3まで】,1,104,False,1,0,30,False
97,1105,レイカの誕生日２－２【3/3まで】,1,105,False,2,0,30,False
98,1106,レイカの誕生日２－３【3/3まで】,1,106,False,3,0,30,False
99,1107,レイカの誕生日２－４【3/3まで】,1,107,False,3,0,1,False
100,1108,ヒカリの誕生日２－１【5/5まで】,1,108,False,1,0,30,False
101,1109,ヒカリの誕生日２－２【5/5まで】,1,109,False,2,0,30,False
102,1110,ヒカリの誕生日２－３【5/5まで】,1,110,False,3,0,30,False
103,1111,ヒカリの誕生日２－４【5/5まで】,1,111,False,3,0,1,False
104,1112,カズマの誕生日２－１【6/23まで】,1,112,False,1,0,30,False
105,1113,カズマの誕生日２－２【6/23まで】,1,113,False,2,0,30,False
106,1114,カズマの誕生日２－３【6/23まで】,1,114,False,3,0,30,False
107,1115,カズマの誕生日２－４【6/23まで】,1,115,False,3,0,1,False
108,1116,シャーリーの誕生日２－１【8/18まで】,1,116,False,1,0,30,False
109,1117,シャーリーの誕生日２－２【8/18まで】,1,117,False,2,0,30,False
110,1118,シャーリーの誕生日２－３【8/18まで】,1,118,False,3,0,30,False
111,1119,シャーリーの誕生日２－４【8/18まで】,1,119,False,3,0,1,False
112,1120,お返しチョ～だい！１【3/24まで】,1,120,False,1,42,30,False
113,1121,お返しチョ～だい！２【3/24まで】,1,121,False,2,43,30,False
114,1122,お返しチョ～だい！３【3/24まで】,1,122,False,3,44,30,False
115,1123,お返しチョ～だい！４【3/24まで】,1,123,False,3,45,1,False
116,1124,花より団子だべ１【4/14まで】,1,124,False,1,46,30,False
117,1125,花より団子だべ２【4/14まで】,1,125,False,2,47,30,False
118,1126,花より団子だべ３【4/14まで】,1,126,False,3,48,30,False
119,1127,花より団子だべ４【4/14まで】,1,127,False,3,49,1,False
120,1128,あっぱれ五月晴れ！１【5/26まで】,1,128,False,1,50,30,False
121,1129,あっぱれ五月晴れ！２【5/26まで】,1,129,False,2,51,30,False
122,1130,あっぱれ五月晴れ！３【5/26まで】,1,130,False,2,52,30,False
123,1131,あっぱれ五月晴れ！４【5/26まで】,1,131,False,3,53,30,False
124,1132,宇宙でめぐり会う二人１【7/14まで】,1,132,False,1,54,30,False
125,1133,宇宙でめぐり会う二人２【7/14まで】,1,133,False,2,55,30,False
126,1134,宇宙でめぐり会う二人３【7/14まで】,1,134,False,2,56,30,False
127,1135,宇宙でめぐり会う二人４【7/14まで】,1,135,False,3,57,1,False
128,1136,初夏を駆ける１【8/4まで】,1,136,False,1,58,30,False
129,1137,初夏を駆ける２【8/4まで】,1,137,False,2,59,30,False
130,1138,初夏を駆ける３【8/4まで】,1,138,False,3,60,30,False
131,1139,初夏を駆ける４【8/4まで】,1,139,False,3,61,30,False
132,1140,あっちぃーの夏盛り！１【8/25まで】,1,140,False,1,62,30,False
133,1141,あっちぃーの夏盛り！２【8/25まで】,1,141,False,2,63,30,False
134,1142,あっちぃーの夏盛り！３【8/25まで】,1,142,False,2,64,1,False
135,1143,あっちぃーの夏盛り！４【8/25まで】,1,143,False,3,65,1,False
136,2001,エア・リアル殲滅作戦１,2,1,True,1,0,1,False
137,2002,マグ殲滅作戦１,2,2,True,1,0,1,False
138,2003,ポート奪還作戦１,2,3,True,1,0,1,False
139,2004,Sマグ討伐作戦,2,4,True,2,0,1,False
140,2005,アサルトの実戦１,2,5,True,2,0,1,False
141,2006,ヴァンガードの実戦１,2,6,True,2,0,1,False
142,2007,サポートの実戦１,2,7,True,2,0,1,False
143,2008,射撃武器の訓練１,2,8,True,3,0,1,False
144,2009,格闘武器の訓練１,2,9,True,3,0,1,False
145,2010,戦略的撤退,2,10,False,1,0,1,False
146,2011,レイカからの依頼１,2,11,False,1,0,1,False
147,2012,コミュニケーション,2,12,False,1,0,1,False
148,2013,勝利の星,2,13,False,2,0,1,False
149,2014,クリスマス作戦１【12/25まで】,2,14,True,1,1,1,False
150,2015,クリスマス作戦２【12/25まで】,2,15,True,2,2,1,False
151,2016,クリスマス作戦３【12/25まで】,2,16,True,4,3,1,False
152,2017,お正月クエスト【1/31まで】,2,17,True,1,4,1,False
153,2018,作戦報告,2,18,False,1,0,1,False
154,2019,タワー破壊作戦,2,19,True,2,0,1,True
155,2020,レイカと特訓１,2,20,True,3,0,1,True
156,2021,レイカからの依頼２,2,21,False,2,0,1,False
157,2022,エア・グランデ討伐作戦,2,22,True,2,0,1,False
158,2023,敵兵器破壊作戦,2,23,True,3,0,1,True
159,2024,飛行訓練,2,24,False,2,0,1,False
160,2025,ポート防衛作戦,2,25,True,3,0,1,True
161,2026,レイカと特訓２,2,26,True,4,0,1,True
162,2027,アクロバティック飛行,2,27,False,1,0,1,False
163,2028,ベストプレイヤー,2,28,True,3,0,1,True
164,2029,トッププレイヤー,2,29,True,4,0,1,True
165,2030,チョコレート作戦,2,30,True,2,0,1,True
166,2031,お内裏様とお雛様？,2,31,True,2,0,1,True
167,2032,天の川を翔ける,2,32,True,2,0,1,True
168,2033,夏祭り射的作戦,2,33,True,2,0,1,True
169,2034,お菓子か弾丸か,2,34,True,2,0,1,True
170,2035,星のバレンタイン【2/14まで】,2,35,True,1,5,1,False
171,2037,レイカの誕生日１【3/3まで】,2,36,False,1,0,1,False
172,2038,レイカの誕生日２【3/3まで】,2,37,False,1,0,1,False
173,2039,レイカの誕生日３【3/3まで】,2,38,False,2,0,1,False
174,2040,レイカの誕生日４【3/3まで】,2,39,False,3,0,1,False
175,2041,戦術的戦闘訓練１,2,40,True,2,0,1,False
176,2042,レイカとスキルアップ１,2,41,False,1,0,1,False
177,2043,アサルトの実戦２,2,42,True,2,0,1,False
178,2044,ヴァンガードの実戦２,2,43,True,2,0,1,False
179,2045,サポートの実戦２,2,44,True,2,0,1,False
180,2046,レイカとスキルアップ２,2,45,False,2,0,1,False
181,2047,For the Win,2,46,False,2,0,1,False
182,2048,天駆ける星の煌めき,2,47,False,3,0,1,True
183,2049,6月の花嫁１【6/25まで】,2,48,True,1,6,1,False
184,2050,6月の花嫁２【6/25まで】,2,49,False,2,0,1,False
185,2051,6月の花嫁３【6/25まで】,2,50,False,3,0,1,False
186,2052,夏だ！みんな集合【7/30まで】,2,51,False,1,7,1,False
187,2053,あつはなっちぃーぜ！【7/30まで】,2,52,False,2,8,1,False
188,2054,あっちぃ勝負！【7/30まで】,2,53,False,3,9,1,False
189,2055,負けねぇぜ！！【7/30まで】,2,54,False,3,10,1,False
190,2056,Fighting Spirit,2,55,True,3,0,1,False
191,2057,レイカの特別指導１,2,56,False,1,0,1,False
192,2058,君と私で,2,57,False,1,0,1,False
193,2059,２つの翼,2,58,False,2,0,1,False
194,2060,絆の力,2,59,False,2,0,1,False
195,2061,背中は預けた,2,60,True,3,14,1,False
196,2066,月より団子１【10/10まで】,2,61,False,1,15,1,False
197,2067,月より団子２【10/10まで】,2,62,False,2,16,1,False
198,2068,月より団子３【10/10まで】,2,63,False,2,17,1,False
199,2069,月より団子４【10/10まで】,2,64,False,3,18,1,False
200,2070,ベロベロバー！１【11/14まで】,2,65,False,1,19,1,False
201,2071,ベロベロバー！２【11/14まで】,2,66,False,2,20,1,False
202,2072,ベロベロバー！３【11/14まで】,2,67,False,2,21,1,False
203,2073,ベロベロバー！４【11/14まで】,2,68,False,3,22,1,False
204,2074,キザナ共闘戦線クエスト1,2,69,False,1,23,20,False
205,2075,キザナ共闘戦線クエスト2,2,70,False,1,24,20,False
206,2076,キザナ共闘戦線クエスト3,2,71,False,1,25,20,False
207,2077,キザナ共闘戦線クエスト4,2,72,False,2,26,20,False
208,2078,キザナ共闘戦線クエスト5,2,73,False,2,27,20,False
209,2079,キザナ共闘戦線クエスト6,2,74,False,2,28,20,False
210,2080,キザナ共闘戦線クエスト7,2,75,False,3,29,20,False
211,2081,防御は最大の攻撃,2,76,False,1,0,1,False
212,2082,速さが足りない！！,2,77,False,1,0,1,False
213,2083,トリガーハッピー♪,2,78,False,2,0,30,False
214,2084,最の高なクリスマスを１【12/29まで】,2,79,False,1,30,30,False
215,2085,最の高なクリスマスを２【12/29まで】,2,80,False,2,31,30,False
216,2086,最の高なクリスマスを３【12/29まで】,2,81,False,2,32,30,False
217,2087,最の高なクリスマスを４【12/29まで】,2,82,False,3,33,30,False
218,2088,お正月チャレンジクエスト１【1/21まで】,2,83,False,1,34,30,False
219,2089,お正月チャレンジクエスト２【1/21まで】,2,84,False,2,35,30,False
220,2090,お正月チャレンジクエスト３【1/21まで】,2,85,False,3,0,30,False
221,2091,お正月チャレンジクエスト４【1/21まで】,2,86,False,3,36,30,False
222,2092,チョコっと甘～い出撃１【2/18まで】,2,87,False,1,38,30,False
223,2093,チョコっと甘～い出撃２【2/18まで】,2,88,False,2,39,30,False
224,2094,チョコっと甘～い出撃３【2/18まで】,2,89,False,3,40,30,False
225,2095,チョコっと甘～い出撃４【2/18まで】,2,90,False,3,41,30,False
226,2100,ズバッとやって、カッキーン,2,100,False,2,0,30,False
227,2101,油断大敵なお姉さん,2,101,False,2,0,30,False
228,2102,敵のエア・グランデを発見！,2,102,False,2,0,30,False
229,2103,完全無欠のキラキラリーン☆,2,103,False,2,0,30,False
230,2104,レイカの誕生日２－１【3/3まで】,2,104,False,1,0,30,False
231,2105,レイカの誕生日２－２【3/3まで】,2,105,False,2,0,30,False
232,2106,レイカの誕生日２－３【3/3まで】,2,106,False,3,0,30,False
233,2107,レイカの誕生日２－４【3/3まで】,2,107,False,3,0,1,False
234,2108,ヒカリの誕生日２－１【5/5まで】,2,108,False,1,0,30,False
235,2109,ヒカリの誕生日２－２【5/5まで】,2,109,False,2,0,30,False
236,2110,ヒカリの誕生日２－３【5/5まで】,2,110,False,3,0,30,False
237,2111,ヒカリの誕生日２－４【5/5まで】,2,111,False,3,0,1,False
238,2112,カズマの誕生日２－１【6/23まで】,2,112,False,1,0,30,False
239,2113,カズマの誕生日２－２【6/23まで】,2,113,False,2,0,30,False
240,2114,カズマの誕生日２－３【6/23まで】,2,114,False,3,0,30,False
241,2115,カズマの誕生日２－４【6/23まで】,2,115,False,3,0,1,False
242,2116,シャーリーの誕生日２－１【8/18まで】,2,116,False,1,0,30,False
243,2117,シャーリーの誕生日２－２【8/18まで】,2,117,False,2,0,30,False
244,2118,シャーリーの誕生日２－３【8/18まで】,2,118,False,3,0,30,False
245,2119,シャーリーの誕生日２－４【8/18まで】,2,119,False,3,0,1,False
246,2120,お返しチョ～だい！１【3/24まで】,2,120,False,1,42,30,False
247,2121,お返しチョ～だい！２【3/24まで】,2,121,False,2,43,30,False
248,2122,お返しチョ～だい！３【3/24まで】,2,122,False,3,44,30,False
249,2123,お返しチョ～だい！４【3/24まで】,2,123,False,3,45,1,False
250,2124,花より団子だべ１【4/14まで】,2,124,False,1,46,30,False
251,2125,花より団子だべ２【4/14まで】,2,125,False,2,47,30,False
252,2126,花より団子だべ３【4/14まで】,2,126,False,3,48,30,False
253,2127,花より団子だべ４【4/14まで】,2,127,False,3,49,1,False
254,2128,あっぱれ五月晴れ！１【5/26まで】,2,128,False,1,50,30,False
255,2129,あっぱれ五月晴れ！２【5/26まで】,2,129,False,2,51,30,False
256,2130,あっぱれ五月晴れ！３【5/26まで】,2,130,False,2,52,30,False
257,2131,あっぱれ五月晴れ！４【5/26まで】,2,131,False,3,53,30,False
258,2132,宇宙でめぐり会う二人１【7/14まで】,2,132,False,1,54,30,False
259,2133,宇宙でめぐり会う二人２【7/14まで】,2,133,False,2,55,30,False
260,2134,宇宙でめぐり会う二人３【7/14まで】,2,134,False,2,56,30,False
261,2135,宇宙でめぐり会う二人４【7/14まで】,2,135,False,3,57,1,False
262,2136,初夏を駆ける１【8/4まで】,2,136,False,1,58,30,False
263,2137,初夏を駆ける２【8/4まで】,2,137,False,2,59,30,False
264,2138,初夏を駆ける３【8/4まで】,2,138,False,3,60,30,False
265,2139,初夏を駆ける４【8/4まで】,2,139,False,3,61,30,False
266,2140,あっちぃーの夏盛り！１【8/25まで】,2,140,False,1,62,30,False
267,2141,あっちぃーの夏盛り！２【8/25まで】,2,141,False,2,63,30,False
268,2142,あっちぃーの夏盛り！３【8/25まで】,2,142,False,2,64,1,False
269,2143,あっちぃーの夏盛り！４【8/25まで】,2,143,False,3,65,1,False
270,3001,エア・リアル殲滅作戦１,3,1,True,1,0,1,False
271,3002,マグ殲滅作戦１,3,2,True,1,0,1,False
272,3003,ポート奪還作戦１,3,3,True,1,0,1,False
273,3004,Sマグ討伐作戦,3,4,True,2,0,1,False
274,3005,アサルトの実戦１,3,5,True,2,0,1,False
275,3006,ヴァンガードの実戦１,3,6,True,2,0,1,False
276,3007,サポートの実戦１,3,7,True,2,0,1,False
277,3008,射撃武器の訓練１,3,8,True,3,0,1,False
278,3009,格闘武器の訓練１,3,9,True,3,0,1,False
279,3010,戦略的撤退,3,10,False,1,0,1,False
280,3011,シャーリーからの依頼１,3,11,False,1,0,1,False
281,3012,コミュニケーション,3,12,False,1,0,1,False
282,3013,勝利の星,3,13,False,2,0,1,False
283,3014,クリスマス作戦１【12/25まで】,3,14,True,1,1,1,False
284,3015,クリスマス作戦２【12/25まで】,3,15,True,2,2,1,False
285,3016,クリスマス作戦３【12/25まで】,3,16,True,4,3,1,False
286,3017,お正月クエスト【1/31まで】,3,17,True,1,4,1,False
287,3018,作戦報告,3,18,False,1,0,1,False
288,3019,タワー破壊作戦,3,19,True,2,0,1,True
289,3020,シャーリーと特訓１,3,20,True,3,0,1,True
290,3021,シャーリーからの依頼２,3,21,False,2,0,1,False
291,3022,エア・グランデ討伐作戦,3,22,True,2,0,1,False
292,3023,敵兵器破壊作戦,3,23,True,3,0,1,True
293,3024,飛行訓練,3,24,False,2,0,1,False
294,3025,ポート防衛作戦,3,25,True,3,0,1,True
295,3026,シャーリーと特訓２,3,26,True,4,0,1,True
296,3027,アクロバティック飛行,3,27,False,1,0,1,False
297,3028,ベストプレイヤー,3,28,True,3,0,1,True
298,3029,トッププレイヤー,3,29,True,4,0,1,True
299,3030,チョコレート作戦,3,30,True,2,0,1,True
300,3031,お内裏様とお雛様？,3,31,True,2,0,1,True
301,3032,天の川を翔ける,3,32,True,2,0,1,True
302,3033,夏祭り射的作戦,3,33,True,2,0,1,True
303,3034,お菓子か弾丸か,3,34,True,2,0,1,True
304,3035,星のバレンタイン【2/14まで】,3,35,True,1,5,1,False
305,3037,シャーリーの誕生日１【8/18まで】,3,36,False,1,0,1,False
306,3038,シャーリーの誕生日２【8/18まで】,3,37,False,1,0,1,False
307,3039,シャーリーの誕生日３【8/18まで】,3,38,False,2,0,1,False
308,3040,シャーリーの誕生日４【8/18まで】,3,39,False,3,0,1,False
309,3041,戦術的戦闘訓練１,3,40,True,2,0,1,False
310,3042,シャーリーとスキルアップ１,3,41,False,1,0,1,False
311,3043,アサルトの実戦２,3,42,True,2,0,1,False
312,3044,ヴァンガードの実戦２,3,43,True,2,0,1,False
313,3045,サポートの実戦２,3,44,True,2,0,1,False
314,3046,シャーリーとスキルアップ２,3,45,False,2,0,1,False
315,3047,For the Win,3,46,False,2,0,1,False
316,3048,天駆ける星の煌めき,3,47,False,3,0,1,True
317,3049,6月の花嫁１【6/25まで】,3,48,True,1,6,1,False
318,3050,6月の花嫁２【6/25まで】,3,49,False,2,0,1,False
319,3051,6月の花嫁３【6/25まで】,3,50,False,3,0,1,False
320,3052,夏だ！みんな集合【7/30まで】,3,51,False,1,7,1,False
321,3053,あつはなっちぃーぜ！【7/30まで】,3,52,False,2,8,1,False
322,3054,あっちぃ勝負！【7/30まで】,3,53,False,3,9,1,False
323,3055,負けねぇぜ！！【7/30まで】,3,54,False,3,10,1,False
324,3056,Fighting Spirit,3,55,True,3,0,1,False
325,3057,シャーリーの特別指導１,3,56,False,1,0,1,False
326,3058,君と私で,3,57,False,1,0,1,False
327,3059,２つの翼,3,58,False,2,0,1,False
328,3060,絆の力,3,59,False,2,0,1,False
329,3061,背中は預けた,3,60,True,3,14,1,False
330,3066,月より団子１【10/10まで】,3,61,False,1,15,1,False
331,3067,月より団子２【10/10まで】,3,62,False,2,16,1,False
332,3068,月より団子３【10/10まで】,3,63,False,2,17,1,False
333,3069,月より団子４【10/10まで】,3,64,False,3,18,1,False
334,3070,ベロベロバー！１【11/14まで】,3,65,False,1,19,1,False
335,3071,ベロベロバー！２【11/14まで】,3,66,False,2,20,1,False
336,3072,ベロベロバー！３【11/14まで】,3,67,False,2,21,1,False
337,3073,ベロベロバー！４【11/14まで】,3,68,False,3,22,1,False
338,3074,キザナ共闘戦線クエスト1,3,69,False,1,23,20,False
339,3075,キザナ共闘戦線クエスト2,3,70,False,1,24,20,False
340,3076,キザナ共闘戦線クエスト3,3,71,False,1,25,20,False
341,3077,キザナ共闘戦線クエスト4,3,72,False,2,26,20,False
342,3078,キザナ共闘戦線クエスト5,3,73,False,2,27,20,False
343,3079,キザナ共闘戦線クエスト6,3,74,False,2,28,20,False
344,3080,キザナ共闘戦線クエスト7,3,75,False,3,29,20,False
345,3081,防御は最大の攻撃,3,76,False,1,0,1,False
346,3082,速さが足りない！！,3,77,False,1,0,1,False
347,3083,トリガーハッピー♪,3,78,False,2,0,30,False
348,3084,最の高なクリスマスを１【12/29まで】,3,79,False,1,30,30,False
349,3085,最の高なクリスマスを２【12/29まで】,3,80,False,2,31,30,False
350,3086,最の高なクリスマスを３【12/29まで】,3,81,False,2,32,30,False
351,3087,最の高なクリスマスを４【12/29まで】,3,82,False,3,33,30,False
352,3088,お正月チャレンジクエスト１【1/21まで】,3,83,False,1,34,30,False
353,3089,お正月チャレンジクエスト２【1/21まで】,3,84,False,2,35,30,False
354,3090,お正月チャレンジクエスト３【1/21まで】,3,85,False,3,0,30,False
355,3091,お正月チャレンジクエスト４【1/21まで】,3,86,False,3,36,30,False
356,3092,チョコっと甘～い出撃１【2/18まで】,3,87,False,1,38,30,False
357,3093,チョコっと甘～い出撃２【2/18まで】,3,88,False,2,39,30,False
358,3094,チョコっと甘～い出撃３【2/18まで】,3,89,False,3,40,30,False
359,3095,チョコっと甘～い出撃４【2/18まで】,3,90,False,3,41,30,False
360,3100,ズバッとやって、カッキーン,3,100,False,2,0,30,False
361,3101,油断大敵なお姉さん,3,101,False,2,0,30,False
362,3102,敵のエア・グランデを発見！,3,102,False,2,0,30,False
363,3103,完全無欠のキラキラリーン☆,3,103,False,2,0,30,False
364,3104,レイカの誕生日２－１【3/3まで】,3,104,False,1,0,30,False
365,3105,レイカの誕生日２－２【3/3まで】,3,105,False,2,0,30,False
366,3106,レイカの誕生日２－３【3/3まで】,3,106,False,3,0,30,False
367,3107,レイカの誕生日２－４【3/3まで】,3,107,False,3,0,1,False
368,3108,ヒカリの誕生日２－１【5/5まで】,3,108,False,1,0,30,False
369,3109,ヒカリの誕生日２－２【5/5まで】,3,109,False,2,0,30,False
370,3110,ヒカリの誕生日２－３【5/5まで】,3,110,False,3,0,30,False
371,3111,ヒカリの誕生日２－４【5/5まで】,3,111,False,3,0,1,False
372,3112,カズマの誕生日２－１【6/23まで】,3,112,False,1,0,30,False
373,3113,カズマの誕生日２－２【6/23まで】,3,113,False,2,0,30,False
374,3114,カズマの誕生日２－３【6/23まで】,3,114,False,3,0,30,False
375,3115,カズマの誕生日２－４【6/23まで】,3,115,False,3,0,1,False
376,3116,シャーリーの誕生日２－１【8/18まで】,3,116,False,1,0,30,False
377,3117,シャーリーの誕生日２－２【8/18まで】,3,117,False,2,0,30,False
378,3118,シャーリーの誕生日２－３【8/18まで】,3,118,False,3,0,30,False
379,3119,シャーリーの誕生日２－４【8/18まで】,3,119,False,3,0,1,False
380,3120,お返しチョ～だい！１【3/24まで】,3,120,False,1,42,30,False
381,3121,お返しチョ～だい！２【3/24まで】,3,121,False,2,43,30,False
382,3122,お返しチョ～だい！３【3/24まで】,3,122,False,3,44,30,False
383,3123,お返しチョ～だい！４【3/24まで】,3,123,False,3,45,1,False
384,3124,花より団子だべ１【4/14まで】,3,124,False,1,46,30,False
385,3125,花より団子だべ２【4/14まで】,3,125,False,2,47,30,False
386,3126,花より団子だべ３【4/14まで】,3,126,False,3,48,30,False
387,3127,花より団子だべ４【4/14まで】,3,127,False,3,49,1,False
388,3128,あっぱれ五月晴れ！１【5/26まで】,3,128,False,1,50,30,False
389,3129,あっぱれ五月晴れ！２【5/26まで】,3,129,False,2,51,30,False
390,3130,あっぱれ五月晴れ！３【5/26まで】,3,130,False,2,52,30,False
391,3131,あっぱれ五月晴れ！４【5/26まで】,3,131,False,3,53,30,False
392,3132,宇宙でめぐり会う二人１【7/14まで】,3,132,False,1,54,30,False
393,3133,宇宙でめぐり会う二人２【7/14まで】,3,133,False,2,55,30,False
394,3134,宇宙でめぐり会う二人３【7/14まで】,3,134,False,2,56,30,False
395,3135,宇宙でめぐり会う二人４【7/14まで】,3,135,False,3,57,1,False
396,3136,初夏を駆ける１【8/4まで】,3,136,False,1,58,30,False
397,3137,初夏を駆ける２【8/4まで】,3,137,False,2,59,30,False
398,3138,初夏を駆ける３【8/4まで】,3,138,False,3,60,30,False
399,3139,初夏を駆ける４【8/4まで】,3,139,False,3,61,30,False
400,3140,あっちぃーの夏盛り！１【8/25まで】,3,140,False,1,62,30,False
401,3141,あっちぃーの夏盛り！２【8/25まで】,3,141,False,2,63,30,False
402,3142,あっちぃーの夏盛り！３【8/25まで】,3,142,False,2,64,1,False
403,3143,あっちぃーの夏盛り！４【8/25まで】,3,143,False,3,65,1,False
404,4001,エア・リアル殲滅作戦１,4,1,True,1,0,1,False
405,4002,マグ殲滅作戦１,4,2,True,1,0,1,False
406,4003,ポート奪還作戦１,4,3,True,1,0,1,False
407,4004,Sマグ討伐作戦,4,4,True,2,0,1,False
408,4005,アサルトの実戦１,4,5,True,2,0,1,False
409,4006,ヴァンガードの実戦１,4,6,True,2,0,1,False
410,4007,サポートの実戦１,4,7,True,2,0,1,False
411,4008,射撃武器の訓練１,4,8,True,3,0,1,False
412,4009,格闘武器の訓練１,4,9,True,3,0,1,False
413,4010,戦略的撤退,4,10,False,1,0,1,False
414,4011,イサドラからの依頼１,4,11,False,1,0,1,False
415,4012,コミュニケーション,4,12,False,1,0,1,False
416,4013,勝利の星,4,13,False,2,0,1,False
417,4014,クリスマス作戦１【12/25まで】,4,14,True,1,1,1,False
418,4015,クリスマス作戦２【12/25まで】,4,15,True,2,2,1,False
419,4016,クリスマス作戦３【12/25まで】,4,16,True,4,3,1,False
420,4017,お正月クエスト【1/31まで】,4,17,True,1,4,1,False
421,4018,作戦報告,4,18,False,1,0,1,False
422,4019,タワー破壊作戦,4,19,True,2,0,1,True
423,4020,イサドラと特訓１,4,20,True,3,0,1,True
424,4021,イサドラからの依頼２,4,21,False,2,0,1,False
425,4022,エア・グランデ討伐作戦,4,22,True,2,0,1,False
426,4023,敵兵器破壊作戦,4,23,True,3,0,1,True
427,4024,飛行訓練,4,24,False,2,0,1,False
428,4025,ポート防衛作戦,4,25,True,3,0,1,True
429,4026,イサドラと特訓２,4,26,True,4,0,1,True
430,4027,アクロバティック飛行,4,27,False,1,0,1,False
431,4028,ベストプレイヤー,4,28,True,3,0,1,True
432,4029,トッププレイヤー,4,29,True,4,0,1,True
433,4030,チョコレート作戦,4,30,True,2,0,1,True
434,4031,お内裏様とお雛様？,4,31,True,2,0,1,True
435,4032,天の川を翔ける,4,32,True,2,0,1,True
436,4033,夏祭り射的作戦,4,33,True,2,0,1,True
437,4034,お菓子か弾丸か,4,34,True,2,0,1,True
438,4035,星のバレンタイン【2/14まで】,4,35,True,1,5,1,False
439,4037,イサドラの誕生日１【9/19まで】,4,36,False,1,0,1,False
440,4038,イサドラの誕生日２【9/19まで】,4,37,False,1,0,1,False
441,4039,イサドラの誕生日３【9/19まで】,4,38,False,2,0,1,False
442,4040,イサドラの誕生日４【9/19まで】,4,39,False,3,0,1,False
443,4041,戦術的戦闘訓練１,4,40,True,2,0,1,False
444,4042,イサドラとスキルアップ１,4,41,False,1,0,1,False
445,4043,アサルトの実戦２,4,42,True,2,0,1,False
446,4044,ヴァンガードの実戦２,4,43,True,2,0,1,False
447,4045,サポートの実戦２,4,44,True,2,0,1,False
448,4046,イサドラとスキルアップ２,4,45,False,2,0,1,False
449,4047,For the Win,4,46,False,2,0,1,False
450,4048,天駆ける星の煌めき,4,47,False,3,0,1,True
451,4049,6月の花嫁１【6/25まで】,4,48,True,1,6,1,False
452,4050,6月の花嫁２【6/25まで】,4,49,False,2,0,1,False
453,4051,6月の花嫁３【6/25まで】,4,50,False,3,0,1,False
454,4052,夏だ！みんな集合【7/30まで】,4,51,False,1,7,1,False
455,4053,あつはなっちぃーぜ！【7/30まで】,4,52,False,2,8,1,False
456,4054,あっちぃ勝負！【7/30まで】,4,53,False,3,9,1,False
457,4055,負けねぇぜ！！【7/30まで】,4,54,False,3,10,1,False
458,4056,Fighting Spirit,4,55,True,3,0,1,False
459,4057,イサドラの特別指導１,4,56,False,1,0,1,False
460,4058,君と私で,4,57,False,1,0,1,False
461,4059,２つの翼,4,58,False,2,0,1,False
462,4060,絆の力,4,59,False,2,0,1,False
463,4061,背中は預けた,4,60,True,3,14,1,False
464,4066,月より団子１【10/10まで】,4,61,False,1,15,1,False
465,4067,月より団子２【10/10まで】,4,62,False,2,16,1,False
466,4068,月より団子３【10/10まで】,4,63,False,2,17,1,False
467,4069,月より団子４【10/10まで】,4,64,False,3,18,1,False
468,4070,ベロベロバー！１【11/14まで】,4,65,False,1,19,1,False
469,4071,ベロベロバー！２【11/14まで】,4,66,False,2,20,1,False
470,4072,ベロベロバー！３【11/14まで】,4,67,False,2,21,1,False
471,4073,ベロベロバー！４【11/14まで】,4,68,False,3,22,1,False
472,4074,キザナ共闘戦線クエスト1,4,69,False,1,23,20,False
473,4075,キザナ共闘戦線クエスト2,4,70,False,1,24,20,False
474,4076,キザナ共闘戦線クエスト3,4,71,False,1,25,20,False
475,4077,キザナ共闘戦線クエスト4,4,72,False,2,26,20,False
476,4078,キザナ共闘戦線クエスト5,4,73,False,2,27,20,False
477,4079,キザナ共闘戦線クエスト6,4,74,False,2,28,20,False
478,4080,キザナ共闘戦線クエスト7,4,75,False,3,29,20,False
479,4081,防御は最大の攻撃,4,76,False,1,0,1,False
480,4082,速さが足りない！！,4,77,False,1,0,1,False
481,4083,トリガーハッピー♪,4,78,False,2,0,30,False
482,4084,最の高なクリスマスを１【12/29まで】,4,79,False,1,30,30,False
483,4085,最の高なクリスマスを２【12/29まで】,4,80,False,2,31,30,False
484,4086,最の高なクリスマスを３【12/29まで】,4,81,False,2,32,30,False
485,4087,最の高なクリスマスを４【12/29まで】,4,82,False,3,33,30,False
486,4088,お正月チャレンジクエスト１【1/21まで】,4,83,False,1,34,30,False
487,4089,お正月チャレンジクエスト２【1/21まで】,4,84,False,2,35,30,False
488,4090,お正月チャレンジクエスト３【1/21まで】,4,85,False,3,0,30,False
489,4091,お正月チャレンジクエスト４【1/21まで】,4,86,False,3,36,30,False
490,4092,チョコっと甘～い出撃１【2/18まで】,4,87,False,1,38,30,False
491,4093,チョコっと甘～い出撃２【2/18まで】,4,88,False,2,39,30,False
492,4094,チョコっと甘～い出撃３【2/18まで】,4,89,False,3,40,30,False
493,4095,チョコっと甘～い出撃４【2/18まで】,4,90,False,3,41,30,False
494,4100,ズバッとやって、カッキーン,4,100,False,2,0,30,False
495,4101,油断大敵なお姉さん,4,101,False,2,0,30,False
496,4102,敵のエア・グランデを発見！,4,102,False,2,0,30,False
497,4103,完全無欠のキラキラリーン☆,4,103,False,2,0,30,False
498,4104,レイカの誕生日２－１【3/3まで】,4,104,False,1,0,30,False
499,4105,レイカの誕生日２－２【3/3まで】,4,105,False,2,0,30,False
500,4106,レイカの誕生日２－３【3/3まで】,4,106,False,3,0,30,False
501,4107,レイカの誕生日２－４【3/3まで】,4,107,False,3,0,1,False
502,4108,ヒカリの誕生日２－１【5/5まで】,4,108,False,1,0,30,False
503,4109,ヒカリの誕生日２－２【5/5まで】,4,109,False,2,0,30,False
504,4110,ヒカリの誕生日２－３【5/5まで】,4,110,False,3,0,30,False
505,4111,ヒカリの誕生日２－４【5/5まで】,4,111,False,3,0,1,False
506,4112,カズマの誕生日２－１【6/23まで】,4,112,False,1,0,30,False
507,4113,カズマの誕生日２－２【6/23まで】,4,113,False,2,0,30,False
508,4114,カズマの誕生日２－３【6/23まで】,4,114,False,3,0,30,False
509,4115,カズマの誕生日２－４【6/23まで】,4,115,False,3,0,1,False
510,4116,シャーリーの誕生日２－１【8/18まで】,4,116,False,1,0,30,False
511,4117,シャーリーの誕生日２－２【8/18まで】,4,117,False,2,0,30,False
512,4118,シャーリーの誕生日２－３【8/18まで】,4,118,False,3,0,30,False
513,4119,シャーリーの誕生日２－４【8/18まで】,4,119,False,3,0,1,False
514,4120,お返しチョ～だい！１【3/24まで】,4,120,False,1,42,30,False
515,4121,お返しチョ～だい！２【3/24まで】,4,121,False,2,43,30,False
516,4122,お返しチョ～だい！３【3/24まで】,4,122,False,3,44,30,False
517,4123,お返しチョ～だい！４【3/24まで】,4,123,False,3,45,1,False
518,4124,花より団子だべ１【4/14まで】,4,124,False,1,46,30,False
519,4125,花より団子だべ２【4/14まで】,4,125,False,2,47,30,False
520,4126,花より団子だべ３【4/14まで】,4,126,False,3,48,30,False
521,4127,花より団子だべ４【4/14まで】,4,127,False,3,49,1,False
522,4128,あっぱれ五月晴れ！１【5/26まで】,4,128,False,1,50,30,False
523,4129,あっぱれ五月晴れ！２【5/26まで】,4,129,False,2,51,30,False
524,4130,あっぱれ五月晴れ！３【5/26まで】,4,130,False,2,52,30,False
525,4131,あっぱれ五月晴れ！４【5/26まで】,4,131,False,3,53,30,False
526,4132,宇宙でめぐり会う二人１【7/14まで】,4,132,False,1,54,30,False
527,4133,宇宙でめぐり会う二人２【7/14まで】,4,133,False,2,55,30,False
528,4134,宇宙でめぐり会う二人３【7/14まで】,4,134,False,2,56,30,False
529,4135,宇宙でめぐり会う二人４【7/14まで】,4,135,False,3,57,1,False
530,4136,初夏を駆ける１【8/4まで】,4,136,False,1,58,30,False
531,4137,初夏を駆ける２【8/4まで】,4,137,False,2,59,30,False
532,4138,初夏を駆ける３【8/4まで】,4,138,False,3,60,30,False
533,4139,初夏を駆ける４【8/4まで】,4,139,False,3,61,30,False
534,4140,あっちぃーの夏盛り！１【8/25まで】,4,140,False,1,62,30,False
535,4141,あっちぃーの夏盛り！２【8/25まで】,4,141,False,2,63,30,False
536,4142,あっちぃーの夏盛り！３【8/25まで】,4,142,False,2,64,1,False
537,4143,あっちぃーの夏盛り！４【8/25まで】,4,143,False,3,65,1,False
538,5001,エア・リアル殲滅作戦１,5,1,True,1,0,1,False
539,5002,マグ殲滅作戦１,5,2,True,1,0,1,False
540,5003,ポート奪還作戦１,5,3,True,1,0,1,False
541,5004,Sマグ討伐作戦,5,4,True,2,0,1,False
542,5005,アサルトの実戦１,5,5,True,2,0,1,False
543,5006,ヴァンガードの実戦１,5,6,True,2,0,1,False
544,5007,サポートの実戦１,5,7,True,2,0,1,False
545,5008,射撃武器の訓練１,5,8,True,3,0,1,False
546,5009,格闘武器の訓練１,5,9,True,3,0,1,False
547,5010,戦略的撤退,5,10,False,1,0,1,False
548,5011,ナギからの依頼１,5,11,False,1,0,1,False
549,5012,コミュニケーション,5,12,False,1,0,1,False
550,5013,勝利の星,5,13,False,2,0,1,False
551,5014,クリスマス作戦１【12/25まで】,5,14,True,1,1,1,False
552,5015,クリスマス作戦２【12/25まで】,5,15,True,2,2,1,False
553,5016,クリスマス作戦３【12/25まで】,5,16,True,4,3,1,False
554,5017,お正月クエスト【1/31まで】,5,17,True,1,4,1,False
555,5018,作戦報告,5,18,False,1,0,1,False
556,5019,タワー破壊作戦,5,19,True,2,0,1,True
557,5020,ナギと特訓１,5,20,True,3,0,1,True
558,5021,ナギからの依頼２,5,21,False,2,0,1,False
559,5022,エア・グランデ討伐作戦,5,22,True,2,0,1,False
560,5023,敵兵器破壊作戦,5,23,True,3,0,1,True
561,5024,飛行訓練,5,24,False,2,0,1,False
562,5025,ポート防衛作戦,5,25,True,3,0,1,True
563,5026,ナギと特訓２,5,26,True,4,0,1,True
564,5027,アクロバティック飛行,5,27,False,1,0,1,False
565,5028,ベストプレイヤー,5,28,True,3,0,1,True
566,5029,トッププレイヤー,5,29,True,4,0,1,True
567,5030,チョコレート作戦,5,30,True,2,0,1,True
568,5031,お内裏様とお雛様？,5,31,True,2,0,1,True
569,5032,天の川を翔ける,5,32,True,2,0,1,True
570,5033,夏祭り射的作戦,5,33,True,2,0,1,True
571,5034,お菓子か弾丸か,5,34,True,2,0,1,True
572,5035,星のバレンタイン【2/14まで】,5,35,True,1,5,1,False
573,5037,ナギの誕生日１【12/28まで】,5,36,False,1,0,1,False
574,5038,ナギの誕生日２【12/28まで】,5,37,False,1,0,1,False
575,5039,ナギの誕生日３【12/28まで】,5,38,False,2,0,1,False
576,5040,ナギの誕生日４【12/28まで】,5,39,False,3,0,1,False
577,5041,戦術的戦闘訓練１,5,40,True,2,0,1,False
578,5042,ナギとスキルアップ１,5,41,False,1,0,1,False
579,5043,アサルトの実戦２,5,42,True,2,0,1,False
580,5044,ヴァンガードの実戦２,5,43,True,2,0,1,False
581,5045,サポートの実戦２,5,44,True,2,0,1,False
582,5046,ナギとスキルアップ２,5,45,False,2,0,1,False
583,5047,For the Win,5,46,False,2,0,1,False
584,5048,天駆ける星の煌めき,5,47,False,3,0,1,True
585,5049,6月の花婿１【6/25まで】,5,48,True,1,6,1,False
586,5050,6月の花婿２【6/25まで】,5,49,False,2,0,1,False
587,5051,6月の花婿３【6/25まで】,5,50,False,3,0,1,False
588,5052,夏だ！みんな集合【7/30まで】,5,51,False,1,7,1,False
589,5053,あつはなっちぃーぜ！【7/30まで】,5,52,False,2,8,1,False
590,5054,あっちぃ勝負！【7/30まで】,5,53,False,3,9,1,False
591,5055,負けねぇぜ！！【7/30まで】,5,54,False,3,10,1,False
592,5056,Fighting Spirit,5,55,True,3,0,1,False
593,5057,ナギの特別指導１,5,56,False,1,0,1,False
594,5058,君と私で,5,57,False,1,0,1,False
595,5059,２つの翼,5,58,False,2,0,1,False
596,5060,絆の力,5,59,False,2,0,1,False
597,5061,背中は預けた,5,60,True,3,14,1,False
598,5066,月より団子１【10/10まで】,5,61,False,1,15,1,False
599,5067,月より団子２【10/10まで】,5,62,False,2,16,1,False
600,5068,月より団子３【10/10まで】,5,63,False,2,17,1,False
601,5069,月より団子４【10/10まで】,5,64,False,3,18,1,False
602,5070,ベロベロバー！１【11/14まで】,5,65,False,1,19,1,False
603,5071,ベロベロバー！２【11/14まで】,5,66,False,2,20,1,False
604,5072,ベロベロバー！３【11/14まで】,5,67,False,2,21,1,False
605,5073,ベロベロバー！４【11/14まで】,5,68,False,3,22,1,False
606,5074,キザナ共闘戦線クエスト1,5,69,False,1,23,20,False
607,5075,キザナ共闘戦線クエスト2,5,70,False,1,24,20,False
608,5076,キザナ共闘戦線クエスト3,5,71,False,1,25,20,False
609,5077,キザナ共闘戦線クエスト4,5,72,False,2,26,20,False
610,5078,キザナ共闘戦線クエスト5,5,73,False,2,27,20,False
611,5079,キザナ共闘戦線クエスト6,5,74,False,2,28,20,False
612,5080,キザナ共闘戦線クエスト7,5,75,False,3,29,20,False
613,5081,防御は最大の攻撃,5,76,False,1,0,1,False
614,5082,速さが足りない！！,5,77,False,1,0,1,False
615,5083,トリガーハッピー♪,5,78,False,2,0,30,False
616,5084,最の高なクリスマスを１【12/29まで】,5,79,False,1,30,30,False
617,5085,最の高なクリスマスを２【12/29まで】,5,80,False,2,31,30,False
618,5086,最の高なクリスマスを３【12/29まで】,5,81,False,2,32,30,False
619,5087,最の高なクリスマスを４【12/29まで】,5,82,False,3,33,30,False
620,5088,お正月チャレンジクエスト１【1/21まで】,5,83,False,1,34,30,False
621,5089,お正月チャレンジクエスト２【1/21まで】,5,84,False,2,35,30,False
622,5090,お正月チャレンジクエスト３【1/21まで】,5,85,False,3,0,30,False
623,5091,お正月チャレンジクエスト４【1/21まで】,5,86,False,3,36,30,False
624,5092,チョコっと甘～い出撃１【2/18まで】,5,87,False,1,38,30,False
625,5093,チョコっと甘～い出撃２【2/18まで】,5,88,False,2,39,30,False
626,5094,チョコっと甘～い出撃３【2/18まで】,5,89,False,3,40,30,False
627,5095,チョコっと甘～い出撃４【2/18まで】,5,90,False,3,41,30,False
628,5100,ズバッとやって、カッキーン,5,100,False,2,0,30,False
629,5101,油断大敵なお姉さん,5,101,False,2,0,30,False
630,5102,敵のエア・グランデを発見！,5,102,False,2,0,30,False
631,5103,完全無欠のキラキラリーン☆,5,103,False,2,0,30,False
632,5104,レイカの誕生日２－１【3/3まで】,5,104,False,1,0,30,False
633,5105,レイカの誕生日２－２【3/3まで】,5,105,False,2,0,30,False
634,5106,レイカの誕生日２－３【3/3まで】,5,106,False,3,0,30,False
635,5107,レイカの誕生日２－４【3/3まで】,5,107,False,3,0,1,False
636,5108,ヒカリの誕生日２－１【5/5まで】,5,108,False,1,0,30,False
637,5109,ヒカリの誕生日２－２【5/5まで】,5,109,False,2,0,30,False
638,5110,ヒカリの誕生日２－３【5/5まで】,5,110,False,3,0,30,False
639,5111,ヒカリの誕生日２－４【5/5まで】,5,111,False,3,0,1,False
640,5112,カズマの誕生日２－１【6/23まで】,5,112,False,1,0,30,False
641,5113,カズマの誕生日２－２【6/23まで】,5,113,False,2,0,30,False
642,5114,カズマの誕生日２－３【6/23まで】,5,114,False,3,0,30,False
643,5115,カズマの誕生日２－４【6/23まで】,5,115,False,3,0,1,False
644,5116,シャーリーの誕生日２－１【8/18まで】,5,116,False,1,0,30,False
645,5117,シャーリーの誕生日２－２【8/18まで】,5,117,False,2,0,30,False
646,5118,シャーリーの誕生日２－３【8/18まで】,5,118,False,3,0,30,False
647,5119,シャーリーの誕生日２－４【8/18まで】,5,119,False,3,0,1,False
648,5120,お返しチョ～だい！１【3/24まで】,5,120,False,1,42,30,False
649,5121,お返しチョ～だい！２【3/24まで】,5,121,False,2,43,30,False
650,5122,お返しチョ～だい！３【3/24まで】,5,122,False,3,44,30,False
651,5123,お返しチョ～だい！４【3/24まで】,5,123,False,3,45,1,False
652,5124,花より団子だべ１【4/14まで】,5,124,False,1,46,30,False
653,5125,花より団子だべ２【4/14まで】,5,125,False,2,47,30,False
654,5126,花より団子だべ３【4/14まで】,5,126,False,3,48,30,False
655,5127,花より団子だべ４【4/14まで】,5,127,False,3,49,1,False
656,5128,あっぱれ五月晴れ！１【5/26まで】,5,128,False,1,50,30,False
657,5129,あっぱれ五月晴れ！２【5/26まで】,5,129,False,2,51,30,False
658,5130,あっぱれ五月晴れ！３【5/26まで】,5,130,False,2,52,30,False
659,5131,あっぱれ五月晴れ！４【5/26まで】,5,131,False,3,53,30,False
660,5132,宇宙でめぐり会う二人１【7/14まで】,5,132,False,1,54,30,False
661,5133,宇宙でめぐり会う二人２【7/14まで】,5,133,False,2,55,30,False
662,5134,宇宙でめぐり会う二人３【7/14まで】,5,134,False,2,56,30,False
663,5135,宇宙でめぐり会う二人４【7/14まで】,5,135,False,3,57,1,False
664,5136,初夏を駆ける１【8/4まで】,5,136,False,1,58,30,False
665,5137,初夏を駆ける２【8/4まで】,5,137,False,2,59,30,False
666,5138,初夏を駆ける３【8/4まで】,5,138,False,3,60,30,False
667,5139,初夏を駆ける４【8/4まで】,5,139,False,3,61,30,False
668,5140,あっちぃーの夏盛り！１【8/25まで】,5,140,False,1,62,30,False
669,5141,あっちぃーの夏盛り！２【8/25まで】,5,141,False,2,63,30,False
670,5142,あっちぃーの夏盛り！３【8/25まで】,5,142,False,2,64,1,False
671,5143,あっちぃーの夏盛り！４【8/25まで】,5,143,False,3,65,1,False
672,6001,エア・リアル殲滅作戦１,6,1,True,1,0,1,False
673,6002,マグ殲滅作戦１,6,2,True,1,0,1,False
674,6003,ポート奪還作戦１,6,3,True,1,0,1,False
675,6004,Sマグ討伐作戦,6,4,True,2,0,1,False
676,6005,アサルトの実戦１,6,5,True,2,0,1,False
677,6006,ヴァンガードの実戦１,6,6,True,2,0,1,False
678,6007,サポートの実戦１,6,7,True,2,0,1,False
679,6008,射撃武器の訓練１,6,8,True,3,0,1,False
680,6009,格闘武器の訓練１,6,9,True,3,0,1,False
681,6010,戦略的撤退,6,10,False,1,0,1,False
682,6011,カズマからの依頼１,6,11,False,1,0,1,False
683,6012,コミュニケーション,6,12,False,1,0,1,False
684,6013,勝利の星,6,13,False,2,0,1,False
685,6014,クリスマス作戦１【12/25まで】,6,14,True,1,1,1,False
686,6015,クリスマス作戦２【12/25まで】,6,15,True,2,2,1,False
687,6016,クリスマス作戦３【12/25まで】,6,16,True,4,3,1,False
688,6017,お正月クエスト【1/31まで】,6,17,True,1,4,1,False
689,6018,作戦報告,6,18,False,1,0,1,False
690,6019,タワー破壊作戦,6,19,True,2,0,1,True
691,6020,カズマと特訓１,6,20,True,3,0,1,True
692,6021,カズマからの依頼２,6,21,False,2,0,1,False
693,6022,エア・グランデ討伐作戦,6,22,True,2,0,1,False
694,6023,敵兵器破壊作戦,6,23,True,3,0,1,True
695,6024,飛行訓練,6,24,False,2,0,1,False
696,6025,ポート防衛作戦,6,25,True,3,0,1,True
697,6026,カズマと特訓２,6,26,True,4,0,1,True
698,6027,アクロバティック飛行,6,27,False,1,0,1,False
699,6028,ベストプレイヤー,6,28,True,3,0,1,True
700,6029,トッププレイヤー,6,29,True,4,0,1,True
701,6030,チョコレート作戦,6,30,True,2,0,1,True
702,6031,お内裏様とお雛様？,6,31,True,2,0,1,True
703,6032,天の川を翔ける,6,32,True,2,0,1,True
704,6033,夏祭り射的作戦,6,33,True,2,0,1,True
705,6034,お菓子か弾丸か,6,34,True,2,0,1,True
706,6035,星のバレンタイン【2/14まで】,6,35,True,1,5,1,False
707,6037,カズマの誕生日１【6/23まで】,6,36,False,1,0,1,False
708,6038,カズマの誕生日２【6/23まで】,6,37,False,1,0,1,False
709,6039,カズマの誕生日３【6/23まで】,6,38,False,2,0,1,False
710,6040,カズマの誕生日４【6/23まで】,6,39,False,3,0,1,False
711,6041,戦術的戦闘訓練１,6,40,True,2,0,1,False
712,6042,カズマとスキルアップ１,6,41,False,1,0,1,False
713,6043,アサルトの実戦２,6,42,True,2,0,1,False
714,6044,ヴァンガードの実戦２,6,43,True,2,0,1,False
715,6045,サポートの実戦２,6,44,True,2,0,1,False
716,6046,カズマとスキルアップ２,6,45,False,2,0,1,False
717,6047,For the Win,6,46,False,2,0,1,False
718,6048,天駆ける星の煌めき,6,47,False,3,0,1,True
719,6049,6月の花婿１【6/25まで】,6,48,True,1,6,1,False
720,6050,6月の花婿２【6/25まで】,6,49,False,2,0,1,False
721,6051,6月の花婿３【6/25まで】,6,50,False,3,0,1,False
722,6052,夏だ！みんな集合【7/30まで】,6,51,False,1,7,1,False
723,6053,あつはなっちぃーぜ！【7/30まで】,6,52,False,2,8,1,False
724,6054,あっちぃ勝負！【7/30まで】,6,53,False,3,9,1,False
725,6055,負けねぇぜ！！【7/30まで】,6,54,False,3,10,1,False
726,6056,Fighting Spirit,6,55,True,3,0,1,False
727,6057,カズマの特別指導１,6,56,False,1,0,1,False
728,6058,君と私で,6,57,False,1,0,1,False
729,6059,２つの翼,6,58,False,2,0,1,False
730,6060,絆の力,6,59,False,2,0,1,False
731,6061,背中は預けた,6,60,True,3,14,1,False
732,6066,月より団子１【10/10まで】,6,61,False,1,15,1,False
733,6067,月より団子２【10/10まで】,6,62,False,2,16,1,False
734,6068,月より団子３【10/10まで】,6,63,False,2,17,1,False
735,6069,月より団子４【10/10まで】,6,64,False,3,18,1,False
736,6070,ベロベロバー！１【11/14まで】,6,65,False,1,19,1,False
737,6071,ベロベロバー！２【11/14まで】,6,66,False,2,20,1,False
738,6072,ベロベロバー！３【11/14まで】,6,67,False,2,21,1,False
739,6073,ベロベロバー！４【11/14まで】,6,68,False,3,22,1,False
740,6074,キザナ共闘戦線クエスト1,6,69,False,1,23,20,False
741,6075,キザナ共闘戦線クエスト2,6,70,False,1,24,20,False
742,6076,キザナ共闘戦線クエスト3,6,71,False,1,25,20,False
743,6077,キザナ共闘戦線クエスト4,6,72,False,2,26,20,False
744,6078,キザナ共闘戦線クエスト5,6,73,False,2,27,20,False
745,6079,キザナ共闘戦線クエスト6,6,74,False,2,28,20,False
746,6080,キザナ共闘戦線クエスト7,6,75,False,3,29,20,False
747,6081,防御は最大の攻撃,6,76,False,1,0,1,False
748,6082,速さが足りない！！,6,77,False,1,0,1,False
749,6083,トリガーハッピー♪,6,78,False,2,0,30,False
750,6084,最の高なクリスマスを１【12/29まで】,6,79,False,1,30,30,False
751,6085,最の高なクリスマスを２【12/29まで】,6,80,False,2,31,30,False
752,6086,最の高なクリスマスを３【12/29まで】,6,81,False,2,32,30,False
753,6087,最の高なクリスマスを４【12/29まで】,6,82,False,3,33,30,False
754,6088,お正月チャレンジクエスト１【1/21まで】,6,83,False,1,34,30,False
755,6089,お正月チャレンジクエスト２【1/21まで】,6,84,False,2,35,30,False
756,6090,お正月チャレンジクエスト３【1/21まで】,6,85,False,3,0,30,False
757,6091,お正月チャレンジクエスト４【1/21まで】,6,86,False,3,36,30,False
758,6092,チョコっと甘～い出撃１【2/18まで】,6,87,False,1,38,30,False
759,6093,チョコっと甘～い出撃２【2/18まで】,6,88,False,2,39,30,False
760,6094,チョコっと甘～い出撃３【2/18まで】,6,89,False,3,40,30,False
761,6095,チョコっと甘～い出撃４【2/18まで】,6,90,False,3,41,30,False
762,6100,ズバッとやって、カッキーン,6,100,False,2,0,30,False
763,6101,油断大敵なお姉さん,6,101,False,2,0,30,False
764,6102,敵のエア・グランデを発見！,6,102,False,2,0,30,False
765,6103,完全無欠のキラキラリーン☆,6,103,False,2,0,30,False
766,6104,レイカの誕生日２－１【3/3まで】,6,104,False,1,0,30,False
767,6105,レイカの誕生日２－２【3/3まで】,6,105,False,2,0,30,False
768,6106,レイカの誕生日２－３【3/3まで】,6,106,False,3,0,30,False
769,6107,レイカの誕生日２－４【3/3まで】,6,107,False,3,0,1,False
770,6108,ヒカリの誕生日２－１【5/5まで】,6,108,False,1,0,30,False
771,6109,ヒカリの誕生日２－２【5/5まで】,6,109,False,2,0,30,False
772,6110,ヒカリの誕生日２－３【5/5まで】,6,110,False,3,0,30,False
773,6111,ヒカリの誕生日２－４【5/5まで】,6,111,False,3,0,1,False
774,6112,カズマの誕生日２－１【6/23まで】,6,112,False,1,0,30,False
775,6113,カズマの誕生日２－２【6/23まで】,6,113,False,2,0,30,False
776,6114,カズマの誕生日２－３【6/23まで】,6,114,False,3,0,30,False
777,6115,カズマの誕生日２－４【6/23まで】,6,115,False,3,0,1,False
778,6116,シャーリーの誕生日２－１【8/18まで】,6,116,False,1,0,30,False
779,6117,シャーリーの誕生日２－２【8/18まで】,6,117,False,2,0,30,False
780,6118,シャーリーの誕生日２－３【8/18まで】,6,118,False,3,0,30,False
781,6119,シャーリーの誕生日２－４【8/18まで】,6,119,False,3,0,1,False
782,6120,お返しチョ～だい！１【3/24まで】,6,120,False,1,42,30,False
783,6121,お返しチョ～だい！２【3/24まで】,6,121,False,2,43,30,False
784,6122,お返しチョ～だい！３【3/24まで】,6,122,False,3,44,30,False
785,6123,お返しチョ～だい！４【3/24まで】,6,123,False,3,45,1,False
786,6124,花より団子だべ１【4/14まで】,6,124,False,1,46,30,False
787,6125,花より団子だべ２【4/14まで】,6,125,False,2,47,30,False
788,6126,花より団子だべ３【4/14まで】,6,126,False,3,48,30,False
789,6127,花より団子だべ４【4/14まで】,6,127,False,3,49,1,False
790,6128,あっぱれ五月晴れ！１【5/26まで】,6,128,False,1,50,30,False
791,6129,あっぱれ五月晴れ！２【5/26まで】,6,129,False,2,51,30,False
792,6130,あっぱれ五月晴れ！３【5/26まで】,6,130,False,2,52,30,False
793,6131,あっぱれ五月晴れ！４【5/26まで】,6,131,False,3,53,30,False
794,6132,宇宙でめぐり会う二人１【7/14まで】,6,132,False,1,54,30,False
795,6133,宇宙でめぐり会う二人２【7/14まで】,6,133,False,2,55,30,False
796,6134,宇宙でめぐり会う二人３【7/14まで】,6,134,False,2,56,30,False
797,6135,宇宙でめぐり会う二人４【7/14まで】,6,135,False,3,57,1,False
798,6136,初夏を駆ける１【8/4まで】,6,136,False,1,58,30,False
799,6137,初夏を駆ける２【8/4まで】,6,137,False,2,59,30,False
800,6138,初夏を駆ける３【8/4まで】,6,138,False,3,60,30,False
801,6139,初夏を駆ける４【8/4まで】,6,139,False,3,61,30,False
802,6140,あっちぃーの夏盛り！１【8/25まで】,6,140,False,1,62,30,False
803,6141,あっちぃーの夏盛り！２【8/25まで】,6,141,False,2,63,30,False
804,6142,あっちぃーの夏盛り！３【8/25まで】,6,142,False,2,64,1,False
805,6143,あっちぃーの夏盛り！４【8/25まで】,6,143,False,3,65,1,False
