---,QuestId,QuestReleaseId,QuestReleaseItemId,IntValue,TimeValue
1,1001,1,3,5,0001-01-01 00:00:00
2,1002,1,3,5,0001-01-01 00:00:00
3,1003,1,3,5,0001-01-01 00:00:00
4,1004,1,3,6,0001-01-01 00:00:00
5,1005,1,3,6,0001-01-01 00:00:00
6,1006,1,3,6,0001-01-01 00:00:00
7,1007,1,3,6,0001-01-01 00:00:00
8,1008,1,3,7,0001-01-01 00:00:00
9,1009,1,3,7,0001-01-01 00:00:00
10,1010,1,2,2,0001-01-01 00:00:00
11,1011,1,2,3,0001-01-01 00:00:00
12,1012,1,11,0,2018-12-12 08:00:00
13,1012,1,2,3,0001-01-01 00:00:00
14,1012,2,1,1010,0001-01-01 00:00:00
15,1012,2,1,1011,0001-01-01 00:00:00
16,1013,1,11,7,2019-07-03 08:00:00
17,1013,1,1,1042,0001-01-01 00:00:00
18,1014,1,11,0,2018-12-12 08:00:00
19,1014,1,12,0,2018-12-26 06:00:00
20,1015,1,1,1014,0001-01-01 00:00:00
21,1015,1,11,0,2018-12-12 08:00:00
22,1015,1,12,0,2018-12-26 06:00:00
23,1016,1,1,1015,0001-01-01 00:00:00
24,1016,1,11,0,2018-12-12 08:00:00
25,1016,1,12,0,2018-12-26 06:00:00
26,1017,1,11,0,2019-01-01 08:00:00
27,1017,1,12,0,2019-02-01 06:00:00
28,1018,1,11,0,2019-01-09 08:00:00
29,1018,1,2,4,0001-01-01 00:00:00
30,1018,2,1,1012,0001-01-01 00:00:00
31,1019,1,11,1013,2036-01-01 08:00:00
32,1019,1,3,7,0001-01-01 00:00:00
33,1020,1,11,10,2036-01-01 08:00:00
34,1020,1,3,10,0001-01-01 00:00:00
35,1021,1,11,0,2019-02-20 08:00:00
36,1021,1,2,4,0001-01-01 00:00:00
37,1021,2,1,1018,0001-01-01 00:00:00
38,1022,1,11,0,2019-01-09 08:00:00
39,1022,1,3,7,0001-01-01 00:00:00
40,1022,2,1,1004,0001-01-01 00:00:00
41,1023,1,11,13,2036-01-01 08:00:00
42,1024,1,11,0,2019-03-27 08:00:00
43,1024,1,1,1021,0001-01-01 00:00:00
44,1025,1,11,7,2036-01-01 08:00:00
45,1026,1,11,16,2036-01-01 08:00:00
46,1027,1,11,4,2019-04-24 08:00:00
47,1027,1,1,1024,0001-01-01 00:00:00
48,1028,1,11,5,2036-01-01 08:00:00
49,1029,1,11,19,2036-01-01 08:00:00
50,1030,1,11,5,2036-01-01 08:00:00
51,1031,1,11,5,2036-01-01 08:00:00
52,1032,1,11,5,2036-01-01 08:00:00
53,1033,1,11,5,2036-01-01 08:00:00
54,1034,1,11,5,2036-01-01 08:00:00
55,1035,1,11,0,2019-02-01 08:00:00
56,1035,1,12,0,2019-02-15 06:00:00
57,1036,1,11,3,2036-01-01 08:00:00
58,1037,1,11,0,2010-04-22 08:00:00
59,1037,1,12,0,2010-05-06 08:00:00
60,1038,1,11,0,2010-04-22 08:00:00
61,1038,1,1,1037,0001-01-01 00:00:00
62,1038,1,12,0,2010-05-06 08:00:00
63,1039,1,11,0,2010-04-22 08:00:00
64,1039,1,1,1038,0001-01-01 00:00:00
65,1039,1,12,0,2010-05-06 08:00:00
66,1040,1,11,0,2010-04-22 08:00:00
67,1040,1,1,1039,0001-01-01 00:00:00
68,1040,1,12,0,2010-05-06 08:00:00
69,1041,1,11,0,2019-02-20 08:00:00
70,1041,1,3,8,0001-01-01 00:00:00
71,1042,1,11,0,2019-02-20 08:00:00
72,1042,1,3,7,0001-01-01 00:00:00
73,1042,2,1,1001,0001-01-01 00:00:00
74,1043,1,11,0,2019-03-27 08:00:00
75,1043,1,3,9,0001-01-01 00:00:00
76,1043,1,1,1005,0001-01-01 00:00:00
77,1044,1,11,0,2019-03-27 08:00:00
78,1044,1,3,9,0001-01-01 00:00:00
79,1044,1,1,1006,0001-01-01 00:00:00
80,1045,1,11,0,2019-03-27 08:00:00
81,1045,1,3,9,0001-01-01 00:00:00
82,1045,1,1,1007,0001-01-01 00:00:00
83,1046,1,11,0,2019-04-24 08:00:00
84,1046,1,1,1042,0001-01-01 00:00:00
85,1046,1,3,10,0001-01-01 00:00:00
86,1047,1,11,0,2019-05-29 08:00:00
87,1047,1,1,1027,0001-01-01 00:00:00
88,1048,1,11,0,2036-01-01 08:00:00
89,1048,2,2,6,0001-01-01 00:00:00
90,1049,1,3,5,0001-01-01 00:00:00
91,1049,1,12,0,2019-06-26 08:00:00
92,1050,1,1,1049,0001-01-01 00:00:00
93,1050,1,12,0,2019-06-26 08:00:00
94,1051,1,1,1050,0001-01-01 00:00:00
95,1051,1,12,0,2019-06-26 08:00:00
96,1052,1,3,5,0001-01-01 00:00:00
97,1052,1,12,0,2019-07-31 06:00:00
98,1053,1,1,1052,0001-01-01 00:00:00
99,1053,1,12,0,2019-07-31 06:00:00
100,1054,1,1,1053,0001-01-01 00:00:00
101,1054,1,12,0,2019-07-31 06:00:00
102,1055,1,1,1054,0001-01-01 00:00:00
103,1055,1,12,0,2019-07-31 06:00:00
104,1056,1,11,0,2019-08-07 06:00:00
105,1056,1,1,1047,0001-01-01 00:00:00
106,1057,1,11,0,2019-08-07 06:00:00
107,1057,1,1,1013,0001-01-01 00:00:00
108,1058,1,11,0,2019-08-07 06:00:00
109,1058,1,3,5,0001-01-01 00:00:00
110,1059,1,11,0,2019-08-07 06:00:00
111,1059,2,1,1058,0001-01-01 00:00:00
112,1060,1,11,0,2019-08-07 06:00:00
113,1060,2,1,1059,0001-01-01 00:00:00
114,1061,1,11,0,2019-08-07 06:00:00
115,1061,2,1,1060,0001-01-01 00:00:00
116,1066,1,11,0,2019-09-11 08:00:00
117,1066,1,12,0,2019-10-11 06:00:00
118,1067,1,1,1066,2019-09-11 08:00:00
119,1067,1,12,0,2019-10-11 06:00:00
120,1068,1,1,1067,2019-09-11 08:00:00
121,1068,1,12,0,2019-10-11 06:00:00
122,1069,1,1,1068,2019-09-11 08:00:00
123,1069,1,12,0,2019-10-11 06:00:00
124,1070,1,11,0,2019-10-16 08:00:00
125,1070,1,12,0,2019-11-15 06:00:00
126,1071,1,1,1070,2019-10-16 08:00:00
127,1071,1,12,0,2019-11-15 06:00:00
128,1072,1,1,1071,2019-10-16 08:00:00
129,1072,1,12,0,2019-11-15 06:00:00
130,1073,1,1,1072,2019-10-16 08:00:00
131,1073,1,12,0,2019-11-15 06:00:00
132,1074,1,11,0,2019-10-30 08:00:00
133,1074,1,12,0,2036-01-01 08:00:00
134,1075,1,11,0,2019-11-06 08:00:00
135,1075,1,1,1074,0001-01-01 00:00:00
136,1075,1,12,0,2036-01-01 08:00:00
137,1076,1,11,0,2019-11-13 08:00:00
138,1076,1,1,1075,0001-01-01 00:00:00
139,1076,1,12,0,2036-01-01 08:00:00
140,1077,1,11,0,2019-11-20 08:00:00
141,1077,1,1,1076,0001-01-01 00:00:00
142,1077,1,12,0,2036-01-01 08:00:00
143,1078,1,11,0,2019-11-27 08:00:00
144,1078,1,1,1077,0001-01-01 00:00:00
145,1078,1,12,0,2036-01-01 08:00:00
146,1079,1,11,0,2019-12-04 08:00:00
147,1079,1,1,1078,0001-01-01 00:00:00
148,1079,1,12,0,2036-01-01 08:00:00
149,1080,1,11,0,2019-12-11 08:00:00
150,1080,1,1,1079,0001-01-01 00:00:00
151,1080,1,12,0,2036-01-01 08:00:00
152,1081,1,11,0,2019-11-13 08:00:00
153,1081,1,1,1057,0001-01-01 00:00:00
154,1082,1,11,0,2019-12-04 08:00:00
155,1082,1,1,1081,0001-01-01 00:00:00
156,1083,1,11,0,2020-01-22 08:00:00
157,1083,1,1,1082,0001-01-01 00:00:00
158,1084,1,11,0,2019-12-18 08:00:00
159,1084,1,12,0,2019-12-30 06:00:00
160,1085,1,1,1084,0001-01-01 00:00:00
161,1085,1,12,0,2019-12-30 06:00:00
162,1086,1,1,1085,0001-01-01 00:00:00
163,1086,1,12,0,2019-12-30 06:00:00
164,1087,1,1,1086,0001-01-01 00:00:00
165,1087,1,12,0,2019-12-30 06:00:00
166,1088,1,11,0,2020-01-01 08:00:00
167,1088,1,12,0,2020-01-22 06:00:00
168,1089,1,1,1088,0001-01-01 00:00:00
169,1089,1,12,0,2020-01-22 06:00:00
170,1090,1,1,1089,0001-01-01 00:00:00
171,1090,1,12,0,2020-01-22 06:00:00
172,1091,1,1,1090,0001-01-01 00:00:00
173,1091,1,12,0,2020-01-22 06:00:00
174,1092,1,11,0,2020-02-05 08:00:00
175,1092,1,12,0,2020-02-19 06:00:00
176,1093,1,1,1092,0001-01-01 00:00:00
177,1093,1,12,0,2020-02-19 06:00:00
178,1094,1,1,1093,0001-01-01 00:00:00
179,1094,1,12,0,2020-02-19 06:00:00
180,1095,1,1,1094,0001-01-01 00:00:00
181,1095,1,12,0,2020-02-19 06:00:00
182,1100,1,11,0,2020-02-12 08:00:00
183,1100,1,1,1083,0001-01-01 00:00:00
184,1101,1,11,0,2020-02-26 08:00:00
185,1101,1,1,1100,0001-01-01 00:00:00
186,1102,1,11,0,2020-03-11 08:00:00
187,1102,1,1,1101,0001-01-01 00:00:00
188,1103,1,11,0,2020-03-25 08:00:00
189,1103,1,1,1102,0001-01-01 00:00:00
190,1104,1,11,0,2020-02-19 08:00:00
191,1104,1,12,0,2020-03-04 06:00:00
192,1105,1,1,1104,0001-01-01 00:00:00
193,1105,1,12,0,2020-03-04 06:00:00
194,1106,1,1,1105,0001-01-01 00:00:00
195,1106,1,12,0,2020-03-04 06:00:00
196,1107,1,1,1106,0001-01-01 00:00:00
197,1107,1,12,0,2020-03-04 06:00:00
198,1108,1,11,0,2010-04-22 08:00:00
199,1108,1,12,0,2010-05-06 06:00:00
200,1109,1,1,1108,0001-01-01 00:00:00
201,1109,1,12,0,2010-05-06 06:00:00
202,1110,1,1,1109,0001-01-01 00:00:00
203,1110,1,12,0,2010-05-06 06:00:00
204,1111,1,1,1110,0001-01-01 00:00:00
205,1111,1,12,0,2010-05-06 06:00:00
206,1112,1,11,0,2020-06-10 08:00:00
207,1112,1,12,0,2020-06-24 06:00:00
208,1113,1,1,1112,0001-01-01 00:00:00
209,1113,1,12,0,2020-06-24 06:00:00
210,1114,1,1,1113,0001-01-01 00:00:00
211,1114,1,12,0,2020-06-24 06:00:00
212,1115,1,1,1114,0001-01-01 00:00:00
213,1115,1,12,0,2020-06-24 06:00:00
214,1116,1,11,0,2020-08-05 08:00:00
215,1116,1,12,0,2020-08-19 06:00:00
216,1117,1,1,1116,0001-01-01 00:00:00
217,1117,1,12,0,2020-08-19 06:00:00
218,1118,1,1,1117,0001-01-01 00:00:00
219,1118,1,12,0,2020-08-19 06:00:00
220,1119,1,1,1118,0001-01-01 00:00:00
221,1119,1,12,0,2020-08-19 06:00:00
222,1120,1,11,0,2020-03-11 08:00:00
223,1120,1,12,0,2020-04-01 06:00:00
224,1121,1,1,1120,0001-01-01 00:00:00
225,1121,1,12,0,2020-04-01 06:00:00
226,1122,1,1,1121,0001-01-01 00:00:00
227,1122,1,12,0,2020-04-01 06:00:00
228,1123,1,1,1122,0001-01-01 00:00:00
229,1123,1,12,0,2020-04-01 06:00:00
230,1124,1,11,0,2020-04-01 08:00:00
231,1124,1,12,0,2020-04-15 06:00:00
232,1125,1,1,1124,0001-01-01 00:00:00
233,1125,1,12,0,2020-04-15 06:00:00
234,1126,1,1,1125,0001-01-01 00:00:00
235,1126,1,12,0,2020-04-15 06:00:00
236,1127,1,1,1126,0001-01-01 00:00:00
237,1127,1,12,0,2020-04-15 06:00:00
238,1128,1,11,0,2010-05-13 08:00:00
239,1128,1,12,0,2010-05-27 06:00:00
240,1129,1,1,1128,0001-01-01 00:00:00
241,1129,1,12,0,2010-05-27 06:00:00
242,1130,1,1,1129,0001-01-01 00:00:00
243,1130,1,12,0,2010-05-27 06:00:00
244,1131,1,1,1130,0001-01-01 00:00:00
245,1131,1,12,0,2010-05-27 06:00:00
246,1132,1,11,0,2020-07-01 08:00:00
247,1132,1,12,0,2020-07-15 06:00:00
248,1133,1,1,1132,0001-01-01 00:00:00
249,1133,1,12,0,2020-07-15 06:00:00
250,1134,1,1,1133,0001-01-01 00:00:00
251,1134,1,12,0,2020-07-15 06:00:00
252,1135,1,1,1134,0001-01-01 00:00:00
253,1135,1,12,0,2020-07-15 06:00:00
254,1136,1,11,0,2020-07-22 08:00:00
255,1136,1,12,0,2020-08-05 06:00:00
256,1137,1,1,1136,0001-01-01 00:00:00
257,1137,1,12,0,2020-08-05 06:00:00
258,1138,1,1,1137,0001-01-01 00:00:00
259,1138,1,12,0,2020-08-05 06:00:00
260,1139,1,1,1138,0001-01-01 00:00:00
261,1139,1,12,0,2020-08-05 06:00:00
262,1140,1,11,0,2020-08-12 08:00:00
263,1140,1,12,0,2020-08-26 06:00:00
264,1141,1,1,1140,0001-01-01 00:00:00
265,1141,1,12,0,2020-08-26 06:00:00
266,1142,1,1,1141,0001-01-01 00:00:00
267,1142,1,12,0,2020-08-26 06:00:00
268,1143,1,1,1142,0001-01-01 00:00:00
269,1143,1,12,0,2020-08-26 06:00:00
270,2001,1,3,5,0001-01-01 00:00:00
271,2002,1,3,5,0001-01-01 00:00:00
272,2003,1,3,5,0001-01-01 00:00:00
273,2004,1,3,6,0001-01-01 00:00:00
274,2005,1,3,6,0001-01-01 00:00:00
275,2006,1,3,6,0001-01-01 00:00:00
276,2007,1,3,6,0001-01-01 00:00:00
277,2008,1,3,7,0001-01-01 00:00:00
278,2009,1,3,7,0001-01-01 00:00:00
279,2010,1,2,2,0001-01-01 00:00:00
280,2011,1,2,3,0001-01-01 00:00:00
281,2012,1,11,0,2018-12-12 08:00:00
282,2012,1,2,3,0001-01-01 00:00:00
283,2012,2,1,2010,0001-01-01 00:00:00
284,2012,2,1,2011,0001-01-01 00:00:00
285,2013,1,11,7,2019-07-03 08:00:00
286,2013,1,1,2042,0001-01-01 00:00:00
287,2014,1,11,0,2018-12-12 08:00:00
288,2014,1,12,0,2018-12-26 06:00:00
289,2015,1,1,2014,0001-01-01 00:00:00
290,2015,1,11,0,2018-12-12 08:00:00
291,2015,1,12,0,2018-12-26 06:00:00
292,2016,1,1,2015,0001-01-01 00:00:00
293,2016,1,11,0,2018-12-12 08:00:00
294,2016,1,12,0,2018-12-26 06:00:00
295,2017,1,11,0,2019-01-01 08:00:00
296,2017,1,12,0,2019-02-01 06:00:00
297,2018,1,11,0,2019-01-09 08:00:00
298,2018,1,2,4,0001-01-01 00:00:00
299,2018,2,1,2012,0001-01-01 00:00:00
300,2019,1,11,2013,2036-01-01 08:00:00
301,2019,1,3,7,0001-01-01 00:00:00
302,2020,1,11,10,2036-01-01 08:00:00
303,2020,1,3,10,0001-01-01 00:00:00
304,2021,1,11,0,2019-02-20 08:00:00
305,2021,1,2,4,0001-01-01 00:00:00
306,2021,2,1,2018,0001-01-01 00:00:00
307,2022,1,11,0,2019-01-09 08:00:00
308,2022,1,3,7,0001-01-01 00:00:00
309,2022,2,1,2004,0001-01-01 00:00:00
310,2023,1,11,13,2036-01-01 08:00:00
311,2024,1,11,0,2019-03-27 08:00:00
312,2024,1,1,2021,0001-01-01 00:00:00
313,2025,1,11,7,2036-01-01 08:00:00
314,2026,1,11,16,2036-01-01 08:00:00
315,2027,1,11,4,2019-04-24 08:00:00
316,2027,1,1,2024,0001-01-01 00:00:00
317,2028,1,11,5,2036-01-01 08:00:00
318,2029,1,11,19,2036-01-01 08:00:00
319,2030,1,11,5,2036-01-01 08:00:00
320,2031,1,11,5,2036-01-01 08:00:00
321,2032,1,11,5,2036-01-01 08:00:00
322,2033,1,11,5,2036-01-01 08:00:00
323,2034,1,11,5,2036-01-01 08:00:00
324,2035,1,11,0,2019-02-01 08:00:00
325,2035,1,12,0,2019-02-15 06:00:00
326,2037,1,11,0,2020-02-19 08:00:00
327,2037,1,12,0,2020-03-04 06:00:00
328,2038,1,11,0,2020-02-19 08:00:00
329,2038,1,12,0,2020-03-04 06:00:00
330,2038,1,1,2037,0001-01-01 00:00:00
331,2039,1,11,0,2020-02-19 08:00:00
332,2039,1,12,0,2020-03-04 06:00:00
333,2039,1,1,2038,0001-01-01 00:00:00
334,2040,1,11,0,2020-02-19 08:00:00
335,2040,1,12,0,2020-03-04 06:00:00
336,2040,1,1,2039,0001-01-01 00:00:00
337,2041,1,11,0,2019-02-20 08:00:00
338,2041,1,3,8,0001-01-01 00:00:00
339,2042,1,11,0,2019-02-20 08:00:00
340,2042,1,3,7,0001-01-01 00:00:00
341,2042,2,1,2001,0001-01-01 00:00:00
342,2043,1,11,0,2019-03-27 08:00:00
343,2043,1,3,9,0001-01-01 00:00:00
344,2043,1,1,2005,0001-01-01 00:00:00
345,2044,1,11,0,2019-03-27 08:00:00
346,2044,1,3,9,0001-01-01 00:00:00
347,2044,1,1,2006,0001-01-01 00:00:00
348,2045,1,11,0,2019-03-27 08:00:00
349,2045,1,3,9,0001-01-01 00:00:00
350,2045,1,1,2007,0001-01-01 00:00:00
351,2046,1,11,0,2019-04-24 08:00:00
352,2046,1,1,2042,0001-01-01 00:00:00
353,2046,1,3,10,0001-01-01 00:00:00
354,2047,1,11,0,2019-05-29 08:00:00
355,2047,1,1,2027,0001-01-01 00:00:00
356,2048,1,11,0,2036-01-01 08:00:00
357,2048,2,2,6,0001-01-01 00:00:00
358,2049,1,3,5,0001-01-01 00:00:00
359,2049,1,12,0,2019-06-26 08:00:00
360,2050,1,1,2049,0001-01-01 00:00:00
361,2050,1,12,0,2019-06-26 08:00:00
362,2051,1,1,2050,0001-01-01 00:00:00
363,2051,1,12,0,2019-06-26 08:00:00
364,2052,1,3,5,0001-01-01 00:00:00
365,2052,1,12,0,2019-07-31 06:00:00
366,2053,1,1,2052,0001-01-01 00:00:00
367,2053,1,12,0,2019-07-31 06:00:00
368,2054,1,1,2053,0001-01-01 00:00:00
369,2054,1,12,0,2019-07-31 06:00:00
370,2055,1,1,2054,0001-01-01 00:00:00
371,2055,1,12,0,2019-07-31 06:00:00
372,2056,1,11,0,2019-08-07 06:00:00
373,2056,1,1,2047,0001-01-01 00:00:00
374,2057,1,11,0,2019-08-07 06:00:00
375,2057,1,1,2013,0001-01-01 00:00:00
376,2058,1,11,0,2019-08-07 06:00:00
377,2058,1,3,5,0001-01-01 00:00:00
378,2059,1,11,0,2019-08-07 06:00:00
379,2059,2,1,2058,0001-01-01 00:00:00
380,2060,1,11,0,2019-08-07 06:00:00
381,2060,2,1,2059,0001-01-01 00:00:00
382,2061,1,11,0,2019-08-07 06:00:00
383,2061,2,1,2060,0001-01-01 00:00:00
384,2066,1,11,0,2019-09-11 08:00:00
385,2066,1,12,0,2019-10-11 06:00:00
386,2067,1,1,2066,2019-09-11 08:00:00
387,2067,1,12,0,2019-10-11 06:00:00
388,2068,1,1,2067,2019-09-11 08:00:00
389,2068,1,12,0,2019-10-11 06:00:00
390,2069,1,1,2068,2019-09-11 08:00:00
391,2069,1,12,0,2019-10-11 06:00:00
392,2070,1,11,0,2019-10-16 08:00:00
393,2070,1,12,0,2019-11-15 06:00:00
394,2071,1,1,2070,2019-10-16 08:00:00
395,2071,1,12,0,2019-11-15 06:00:00
396,2072,1,1,2071,2019-10-16 08:00:00
397,2072,1,12,0,2019-11-15 06:00:00
398,2073,1,1,2072,2019-10-16 08:00:00
399,2073,1,12,0,2019-11-15 06:00:00
400,2074,1,11,0,2019-10-30 08:00:00
401,2074,1,12,0,2036-01-01 08:00:00
402,2075,1,11,0,2019-11-06 08:00:00
403,2075,1,1,2074,0001-01-01 00:00:00
404,2075,1,12,0,2036-01-01 08:00:00
405,2076,1,11,0,2019-11-13 08:00:00
406,2076,1,1,2075,0001-01-01 00:00:00
407,2076,1,12,0,2036-01-01 08:00:00
408,2077,1,11,0,2019-11-20 08:00:00
409,2077,1,1,2076,0001-01-01 00:00:00
410,2077,1,12,0,2036-01-01 08:00:00
411,2078,1,11,0,2019-11-27 08:00:00
412,2078,1,1,2077,0001-01-01 00:00:00
413,2078,1,12,0,2036-01-01 08:00:00
414,2079,1,11,0,2019-12-04 08:00:00
415,2079,1,1,2078,0001-01-01 00:00:00
416,2079,1,12,0,2036-01-01 08:00:00
417,2080,1,11,0,2019-12-11 08:00:00
418,2080,1,1,2079,0001-01-01 00:00:00
419,2080,1,12,0,2036-01-01 08:00:00
420,2081,1,11,0,2019-11-13 08:00:00
421,2081,1,1,2057,0001-01-01 00:00:00
422,2082,1,11,0,2019-12-04 08:00:00
423,2082,1,1,2081,0001-01-01 00:00:00
424,2083,1,11,0,2020-01-22 08:00:00
425,2083,1,1,2082,0001-01-01 00:00:00
426,2084,1,11,0,2019-12-18 08:00:00
427,2084,1,12,0,2019-12-30 06:00:00
428,2085,1,1,2084,0001-01-01 00:00:00
429,2085,1,12,0,2019-12-30 06:00:00
430,2086,1,1,2085,0001-01-01 00:00:00
431,2086,1,12,0,2019-12-30 06:00:00
432,2087,1,1,2086,0001-01-01 00:00:00
433,2087,1,12,0,2019-12-30 06:00:00
434,2088,1,11,0,2020-01-01 08:00:00
435,2088,1,12,0,2020-01-22 06:00:00
436,2089,1,1,2088,0001-01-01 00:00:00
437,2089,1,12,0,2020-01-22 06:00:00
438,2090,1,1,2089,0001-01-01 00:00:00
439,2090,1,12,0,2020-01-22 06:00:00
440,2091,1,1,2090,0001-01-01 00:00:00
441,2091,1,12,0,2020-01-22 06:00:00
442,2092,1,11,0,2020-02-05 08:00:00
443,2092,1,12,0,2020-02-19 06:00:00
444,2093,1,1,2092,0001-01-01 00:00:00
445,2093,1,12,0,2020-02-19 06:00:00
446,2094,1,1,2093,0001-01-01 00:00:00
447,2094,1,12,0,2020-02-19 06:00:00
448,2095,1,1,2094,0001-01-01 00:00:00
449,2095,1,12,0,2020-02-19 06:00:00
450,2100,1,11,0,2020-02-12 08:00:00
451,2100,1,1,2083,0001-01-01 00:00:00
452,2101,1,11,0,2020-02-26 08:00:00
453,2101,1,1,2100,0001-01-01 00:00:00
454,2102,1,11,0,2020-03-11 08:00:00
455,2102,1,1,2101,0001-01-01 00:00:00
456,2103,1,11,0,2020-03-25 08:00:00
457,2103,1,1,2102,0001-01-01 00:00:00
458,2104,1,11,0,2020-02-19 08:00:00
459,2104,1,12,0,2020-03-04 06:00:00
460,2105,1,1,2104,0001-01-01 00:00:00
461,2105,1,12,0,2020-03-04 06:00:00
462,2106,1,1,2105,0001-01-01 00:00:00
463,2106,1,12,0,2020-03-04 06:00:00
464,2107,1,1,2106,0001-01-01 00:00:00
465,2107,1,12,0,2020-03-04 06:00:00
466,2108,1,11,0,2010-04-22 08:00:00
467,2108,1,12,0,2010-05-06 06:00:00
468,2109,1,1,2108,0001-01-01 00:00:00
469,2109,1,12,0,2010-05-06 06:00:00
470,2110,1,1,2109,0001-01-01 00:00:00
471,2110,1,12,0,2010-05-06 06:00:00
472,2111,1,1,2110,0001-01-01 00:00:00
473,2111,1,12,0,2010-05-06 06:00:00
474,2112,1,11,0,2020-06-10 08:00:00
475,2112,1,12,0,2020-06-24 06:00:00
476,2113,1,1,2112,0001-01-01 00:00:00
477,2113,1,12,0,2020-06-24 06:00:00
478,2114,1,1,2113,0001-01-01 00:00:00
479,2114,1,12,0,2020-06-24 06:00:00
480,2115,1,1,2114,0001-01-01 00:00:00
481,2115,1,12,0,2020-06-24 06:00:00
482,2116,1,11,0,2020-08-05 08:00:00
483,2116,1,12,0,2020-08-19 06:00:00
484,2117,1,1,2116,0001-01-01 00:00:00
485,2117,1,12,0,2020-08-19 06:00:00
486,2118,1,1,2117,0001-01-01 00:00:00
487,2118,1,12,0,2020-08-19 06:00:00
488,2119,1,1,2118,0001-01-01 00:00:00
489,2119,1,12,0,2020-08-19 06:00:00
490,2120,1,11,0,2020-03-11 08:00:00
491,2120,1,12,0,2020-04-01 06:00:00
492,2121,1,1,2120,0001-01-01 00:00:00
493,2121,1,12,0,2020-04-01 06:00:00
494,2122,1,1,2121,0001-01-01 00:00:00
495,2122,1,12,0,2020-04-01 06:00:00
496,2123,1,1,2122,0001-01-01 00:00:00
497,2123,1,12,0,2020-04-01 06:00:00
498,2124,1,11,0,2020-04-01 08:00:00
499,2124,1,12,0,2020-04-15 06:00:00
500,2125,1,1,2124,0001-01-01 00:00:00
501,2125,1,12,0,2020-04-15 06:00:00
502,2126,1,1,2125,0001-01-01 00:00:00
503,2126,1,12,0,2020-04-15 06:00:00
504,2127,1,1,2126,0001-01-01 00:00:00
505,2127,1,12,0,2020-04-15 06:00:00
506,2128,1,11,0,2010-05-13 08:00:00
507,2128,1,12,0,2010-05-27 06:00:00
508,2129,1,1,2128,0001-01-01 00:00:00
509,2129,1,12,0,2010-05-27 06:00:00
510,2130,1,1,2129,0001-01-01 00:00:00
511,2130,1,12,0,2010-05-27 06:00:00
512,2131,1,1,2130,0001-01-01 00:00:00
513,2131,1,12,0,2010-05-27 06:00:00
514,2132,1,11,0,2020-07-01 08:00:00
515,2132,1,12,0,2020-07-15 06:00:00
516,2133,1,1,2132,0001-01-01 00:00:00
517,2133,1,12,0,2020-07-15 06:00:00
518,2134,1,1,2133,0001-01-01 00:00:00
519,2134,1,12,0,2020-07-15 06:00:00
520,2135,1,1,2134,0001-01-01 00:00:00
521,2135,1,12,0,2020-07-15 06:00:00
522,2136,1,11,0,2020-07-22 08:00:00
523,2136,1,12,0,2020-08-05 06:00:00
524,2137,1,1,2136,0001-01-01 00:00:00
525,2137,1,12,0,2020-08-05 06:00:00
526,2138,1,1,2137,0001-01-01 00:00:00
527,2138,1,12,0,2020-08-05 06:00:00
528,2139,1,1,2138,0001-01-01 00:00:00
529,2139,1,12,0,2020-08-05 06:00:00
530,2140,1,11,0,2020-08-12 08:00:00
531,2140,1,12,0,2020-08-26 06:00:00
532,2141,1,1,2140,0001-01-01 00:00:00
533,2141,1,12,0,2020-08-26 06:00:00
534,2142,1,1,2141,0001-01-01 00:00:00
535,2142,1,12,0,2020-08-26 06:00:00
536,2143,1,1,2142,0001-01-01 00:00:00
537,2143,1,12,0,2020-08-26 06:00:00
538,3001,1,3,5,0001-01-01 00:00:00
539,3002,1,3,5,0001-01-01 00:00:00
540,3003,1,3,5,0001-01-01 00:00:00
541,3004,1,3,6,0001-01-01 00:00:00
542,3005,1,3,6,0001-01-01 00:00:00
543,3006,1,3,6,0001-01-01 00:00:00
544,3007,1,3,6,0001-01-01 00:00:00
545,3008,1,3,7,0001-01-01 00:00:00
546,3009,1,3,7,0001-01-01 00:00:00
547,3010,1,2,2,0001-01-01 00:00:00
548,3011,1,2,3,0001-01-01 00:00:00
549,3012,1,11,0,2018-12-12 08:00:00
550,3012,1,2,3,0001-01-01 00:00:00
551,3012,2,1,3010,0001-01-01 00:00:00
552,3012,2,1,3011,0001-01-01 00:00:00
553,3013,1,11,7,2019-07-03 08:00:00
554,3013,1,1,3042,0001-01-01 00:00:00
555,3014,1,11,0,2018-12-12 08:00:00
556,3014,1,12,0,2018-12-26 06:00:00
557,3015,1,1,3014,0001-01-01 00:00:00
558,3015,1,11,0,2018-12-12 08:00:00
559,3015,1,12,0,2018-12-26 06:00:00
560,3016,1,1,3015,0001-01-01 00:00:00
561,3016,1,11,0,2018-12-12 08:00:00
562,3016,1,12,0,2018-12-26 06:00:00
563,3017,1,11,0,2019-01-01 08:00:00
564,3017,1,12,0,2019-02-01 06:00:00
565,3018,1,11,0,2019-01-09 08:00:00
566,3018,1,2,4,0001-01-01 00:00:00
567,3018,2,1,3012,0001-01-01 00:00:00
568,3019,1,11,3013,2036-01-01 08:00:00
569,3019,1,3,7,0001-01-01 00:00:00
570,3020,1,11,10,2036-01-01 08:00:00
571,3020,1,3,10,0001-01-01 00:00:00
572,3021,1,11,0,2019-02-20 08:00:00
573,3021,1,2,4,0001-01-01 00:00:00
574,3021,2,1,3018,0001-01-01 00:00:00
575,3022,1,11,0,2019-01-09 08:00:00
576,3022,1,3,7,0001-01-01 00:00:00
577,3022,2,1,3004,0001-01-01 00:00:00
578,3023,1,11,13,2036-01-01 08:00:00
579,3024,1,11,0,2019-03-27 08:00:00
580,3024,1,1,3021,0001-01-01 00:00:00
581,3025,1,11,7,2036-01-01 08:00:00
582,3026,1,11,16,2036-01-01 08:00:00
583,3027,1,11,4,2019-04-24 08:00:00
584,3027,1,1,3024,0001-01-01 00:00:00
585,3028,1,11,5,2036-01-01 08:00:00
586,3029,1,11,19,2036-01-01 08:00:00
587,3030,1,11,5,2036-01-01 08:00:00
588,3031,1,11,5,2036-01-01 08:00:00
589,3032,1,11,5,2036-01-01 08:00:00
590,3033,1,11,5,2036-01-01 08:00:00
591,3034,1,11,5,2036-01-01 08:00:00
592,3035,1,11,0,2019-02-01 08:00:00
593,3035,1,12,0,2019-02-15 06:00:00
594,3037,1,11,0,2020-08-05 08:00:00
595,3037,1,12,0,2020-08-19 06:00:00
596,3038,1,1,3037,0001-01-01 00:00:00
597,3038,1,12,0,2020-08-19 06:00:00
598,3039,1,1,3038,0001-01-01 00:00:00
599,3039,1,12,0,2020-08-19 06:00:00
600,3040,1,1,3039,0001-01-01 00:00:00
601,3040,1,12,0,2020-08-19 06:00:00
602,3041,1,11,0,2019-02-20 08:00:00
603,3041,1,3,8,0001-01-01 00:00:00
604,3042,1,11,0,2019-02-20 08:00:00
605,3042,1,3,7,0001-01-01 00:00:00
606,3042,2,1,3001,0001-01-01 00:00:00
607,3043,1,11,0,2019-03-27 08:00:00
608,3043,1,3,9,0001-01-01 00:00:00
609,3043,1,1,3005,0001-01-01 00:00:00
610,3044,1,11,0,2019-03-27 08:00:00
611,3044,1,3,9,0001-01-01 00:00:00
612,3044,1,1,3006,0001-01-01 00:00:00
613,3045,1,11,0,2019-03-27 08:00:00
614,3045,1,3,9,0001-01-01 00:00:00
615,3045,1,1,3007,0001-01-01 00:00:00
616,3046,1,11,0,2019-04-24 08:00:00
617,3046,1,1,3042,0001-01-01 00:00:00
618,3046,1,3,10,0001-01-01 00:00:00
619,3047,1,11,0,2019-05-29 08:00:00
620,3047,1,1,3027,0001-01-01 00:00:00
621,3048,1,11,0,2036-01-01 08:00:00
622,3048,2,2,6,0001-01-01 00:00:00
623,3049,1,3,5,0001-01-01 00:00:00
624,3049,1,12,0,2019-06-26 08:00:00
625,3050,1,1,3049,0001-01-01 00:00:00
626,3050,1,12,0,2019-06-26 08:00:00
627,3051,1,1,3050,0001-01-01 00:00:00
628,3051,1,12,0,2019-06-26 08:00:00
629,3052,1,3,5,0001-01-01 00:00:00
630,3052,1,12,0,2019-07-31 06:00:00
631,3053,1,1,3052,0001-01-01 00:00:00
632,3053,1,12,0,2019-07-31 06:00:00
633,3054,1,1,3053,0001-01-01 00:00:00
634,3054,1,12,0,2019-07-31 06:00:00
635,3055,1,1,3054,0001-01-01 00:00:00
636,3055,1,12,0,2019-07-31 06:00:00
637,3056,1,11,0,2019-08-07 06:00:00
638,3056,1,1,3047,0001-01-01 00:00:00
639,3057,1,11,0,2019-08-07 06:00:00
640,3057,1,1,3013,0001-01-01 00:00:00
641,3058,1,11,0,2019-08-07 06:00:00
642,3058,1,3,5,0001-01-01 00:00:00
643,3059,1,11,0,2019-08-07 06:00:00
644,3059,2,1,3058,0001-01-01 00:00:00
645,3060,1,11,0,2019-08-07 06:00:00
646,3060,2,1,3059,0001-01-01 00:00:00
647,3061,1,11,0,2019-08-07 06:00:00
648,3061,2,1,3060,0001-01-01 00:00:00
649,3066,1,11,0,2019-09-11 08:00:00
650,3066,1,12,0,2019-10-11 06:00:00
651,3067,1,1,3066,2019-09-11 08:00:00
652,3067,1,12,0,2019-10-11 06:00:00
653,3068,1,1,3067,2019-09-11 08:00:00
654,3068,1,12,0,2019-10-11 06:00:00
655,3069,1,1,3068,2019-09-11 08:00:00
656,3069,1,12,0,2019-10-11 06:00:00
657,3070,1,11,0,2019-10-16 08:00:00
658,3070,1,12,0,2019-11-15 06:00:00
659,3071,1,1,3070,2019-10-16 08:00:00
660,3071,1,12,0,2019-11-15 06:00:00
661,3072,1,1,3071,2019-10-16 08:00:00
662,3072,1,12,0,2019-11-15 06:00:00
663,3073,1,1,3072,2019-10-16 08:00:00
664,3073,1,12,0,2019-11-15 06:00:00
665,3074,1,11,0,2019-10-30 08:00:00
666,3074,1,12,0,2036-01-01 08:00:00
667,3075,1,11,0,2019-11-06 08:00:00
668,3075,1,1,3074,0001-01-01 00:00:00
669,3075,1,12,0,2036-01-01 08:00:00
670,3076,1,11,0,2019-11-13 08:00:00
671,3076,1,1,3075,0001-01-01 00:00:00
672,3076,1,12,0,2036-01-01 08:00:00
673,3077,1,11,0,2019-11-20 08:00:00
674,3077,1,1,3076,0001-01-01 00:00:00
675,3077,1,12,0,2036-01-01 08:00:00
676,3078,1,11,0,2019-11-27 08:00:00
677,3078,1,1,3077,0001-01-01 00:00:00
678,3078,1,12,0,2036-01-01 08:00:00
679,3079,1,11,0,2019-12-04 08:00:00
680,3079,1,1,3078,0001-01-01 00:00:00
681,3079,1,12,0,2036-01-01 08:00:00
682,3080,1,11,0,2019-12-11 08:00:00
683,3080,1,1,3079,0001-01-01 00:00:00
684,3080,1,12,0,2036-01-01 08:00:00
685,3081,1,11,0,2019-11-13 08:00:00
686,3081,1,1,3057,0001-01-01 00:00:00
687,3082,1,11,0,2019-12-04 08:00:00
688,3082,1,1,3081,0001-01-01 00:00:00
689,3083,1,11,0,2020-01-22 08:00:00
690,3083,1,1,3082,0001-01-01 00:00:00
691,3084,1,11,0,2019-12-18 08:00:00
692,3084,1,12,0,2019-12-30 06:00:00
693,3085,1,1,3084,0001-01-01 00:00:00
694,3085,1,12,0,2019-12-30 06:00:00
695,3086,1,1,3085,0001-01-01 00:00:00
696,3086,1,12,0,2019-12-30 06:00:00
697,3087,1,1,3086,0001-01-01 00:00:00
698,3087,1,12,0,2019-12-30 06:00:00
699,3088,1,11,0,2020-01-01 08:00:00
700,3088,1,12,0,2020-01-22 06:00:00
701,3089,1,1,3088,0001-01-01 00:00:00
702,3089,1,12,0,2020-01-22 06:00:00
703,3090,1,1,3089,0001-01-01 00:00:00
704,3090,1,12,0,2020-01-22 06:00:00
705,3091,1,1,3090,0001-01-01 00:00:00
706,3091,1,12,0,2020-01-22 06:00:00
707,3092,1,11,0,2020-02-05 08:00:00
708,3092,1,12,0,2020-02-19 06:00:00
709,3093,1,1,3092,0001-01-01 00:00:00
710,3093,1,12,0,2020-02-19 06:00:00
711,3094,1,1,3093,0001-01-01 00:00:00
712,3094,1,12,0,2020-02-19 06:00:00
713,3095,1,1,3094,0001-01-01 00:00:00
714,3095,1,12,0,2020-02-19 06:00:00
715,3100,1,11,0,2020-02-12 08:00:00
716,3100,1,1,3083,0001-01-01 00:00:00
717,3101,1,11,0,2020-02-26 08:00:00
718,3101,1,1,3100,0001-01-01 00:00:00
719,3102,1,11,0,2020-03-11 08:00:00
720,3102,1,1,3101,0001-01-01 00:00:00
721,3103,1,11,0,2020-03-25 08:00:00
722,3103,1,1,3102,0001-01-01 00:00:00
723,3104,1,11,0,2020-02-19 08:00:00
724,3104,1,12,0,2020-03-04 06:00:00
725,3105,1,1,3104,0001-01-01 00:00:00
726,3105,1,12,0,2020-03-04 06:00:00
727,3106,1,1,3105,0001-01-01 00:00:00
728,3106,1,12,0,2020-03-04 06:00:00
729,3107,1,1,3106,0001-01-01 00:00:00
730,3107,1,12,0,2020-03-04 06:00:00
731,3108,1,11,0,2010-04-22 08:00:00
732,3108,1,12,0,2010-05-06 06:00:00
733,3109,1,1,3108,0001-01-01 00:00:00
734,3109,1,12,0,2010-05-06 06:00:00
735,3110,1,1,3109,0001-01-01 00:00:00
736,3110,1,12,0,2010-05-06 06:00:00
737,3111,1,1,3110,0001-01-01 00:00:00
738,3111,1,12,0,2010-05-06 06:00:00
739,3112,1,11,0,2020-06-10 08:00:00
740,3112,1,12,0,2020-06-24 06:00:00
741,3113,1,1,3112,0001-01-01 00:00:00
742,3113,1,12,0,2020-06-24 06:00:00
743,3114,1,1,3113,0001-01-01 00:00:00
744,3114,1,12,0,2020-06-24 06:00:00
745,3115,1,1,3114,0001-01-01 00:00:00
746,3115,1,12,0,2020-06-24 06:00:00
747,3116,1,11,0,2020-08-05 08:00:00
748,3116,1,12,0,2020-08-19 06:00:00
749,3117,1,1,3116,0001-01-01 00:00:00
750,3117,1,12,0,2020-08-19 06:00:00
751,3118,1,1,3117,0001-01-01 00:00:00
752,3118,1,12,0,2020-08-19 06:00:00
753,3119,1,1,3118,0001-01-01 00:00:00
754,3119,1,12,0,2020-08-19 06:00:00
755,3120,1,11,0,2020-03-11 08:00:00
756,3120,1,12,0,2020-04-01 06:00:00
757,3121,1,1,3120,0001-01-01 00:00:00
758,3121,1,12,0,2020-04-01 06:00:00
759,3122,1,1,3121,0001-01-01 00:00:00
760,3122,1,12,0,2020-04-01 06:00:00
761,3123,1,1,3122,0001-01-01 00:00:00
762,3123,1,12,0,2020-04-01 06:00:00
763,3124,1,11,0,2020-04-01 08:00:00
764,3124,1,12,0,2020-04-15 06:00:00
765,3125,1,1,3124,0001-01-01 00:00:00
766,3125,1,12,0,2020-04-15 06:00:00
767,3126,1,1,3125,0001-01-01 00:00:00
768,3126,1,12,0,2020-04-15 06:00:00
769,3127,1,1,3126,0001-01-01 00:00:00
770,3127,1,12,0,2020-04-15 06:00:00
771,3128,1,11,0,2010-05-13 08:00:00
772,3128,1,12,0,2010-05-27 06:00:00
773,3129,1,1,3128,0001-01-01 00:00:00
774,3129,1,12,0,2010-05-27 06:00:00
775,3130,1,1,3129,0001-01-01 00:00:00
776,3130,1,12,0,2010-05-27 06:00:00
777,3131,1,1,3130,0001-01-01 00:00:00
778,3131,1,12,0,2010-05-27 06:00:00
779,3132,1,11,0,2020-07-01 08:00:00
780,3132,1,12,0,2020-07-15 06:00:00
781,3133,1,1,3132,0001-01-01 00:00:00
782,3133,1,12,0,2020-07-15 06:00:00
783,3134,1,1,3133,0001-01-01 00:00:00
784,3134,1,12,0,2020-07-15 06:00:00
785,3135,1,1,3134,0001-01-01 00:00:00
786,3135,1,12,0,2020-07-15 06:00:00
787,3136,1,11,0,2020-07-22 08:00:00
788,3136,1,12,0,2020-08-05 06:00:00
789,3137,1,1,3136,0001-01-01 00:00:00
790,3137,1,12,0,2020-08-05 06:00:00
791,3138,1,1,3137,0001-01-01 00:00:00
792,3138,1,12,0,2020-08-05 06:00:00
793,3139,1,1,3138,0001-01-01 00:00:00
794,3139,1,12,0,2020-08-05 06:00:00
795,3140,1,11,0,2020-08-12 08:00:00
796,3140,1,12,0,2020-08-26 06:00:00
797,3141,1,1,3140,0001-01-01 00:00:00
798,3141,1,12,0,2020-08-26 06:00:00
799,3142,1,1,3141,0001-01-01 00:00:00
800,3142,1,12,0,2020-08-26 06:00:00
801,3143,1,1,3142,0001-01-01 00:00:00
802,3143,1,12,0,2020-08-26 06:00:00
803,4001,1,3,5,0001-01-01 00:00:00
804,4002,1,3,5,0001-01-01 00:00:00
805,4003,1,3,5,0001-01-01 00:00:00
806,4004,1,3,6,0001-01-01 00:00:00
807,4005,1,3,6,0001-01-01 00:00:00
808,4006,1,3,6,0001-01-01 00:00:00
809,4007,1,3,6,0001-01-01 00:00:00
810,4008,1,3,7,0001-01-01 00:00:00
811,4009,1,3,7,0001-01-01 00:00:00
812,4010,1,2,2,0001-01-01 00:00:00
813,4011,1,2,3,0001-01-01 00:00:00
814,4012,1,11,0,2018-12-12 08:00:00
815,4012,1,2,3,0001-01-01 00:00:00
816,4012,2,1,4010,0001-01-01 00:00:00
817,4012,2,1,4011,0001-01-01 00:00:00
818,4013,1,11,7,2019-07-03 08:00:00
819,4013,1,1,4042,0001-01-01 00:00:00
820,4014,1,11,0,2018-12-12 08:00:00
821,4014,1,12,0,2018-12-26 06:00:00
822,4015,1,1,4014,0001-01-01 00:00:00
823,4015,1,11,0,2018-12-12 08:00:00
824,4015,1,12,0,2018-12-26 06:00:00
825,4016,1,1,4015,0001-01-01 00:00:00
826,4016,1,11,0,2018-12-12 08:00:00
827,4016,1,12,0,2018-12-26 06:00:00
828,4017,1,11,0,2019-01-01 08:00:00
829,4017,1,12,0,2019-02-01 06:00:00
830,4018,1,11,0,2019-01-09 08:00:00
831,4018,1,2,4,0001-01-01 00:00:00
832,4018,2,1,4012,0001-01-01 00:00:00
833,4019,1,11,4013,2036-01-01 08:00:00
834,4019,1,3,7,0001-01-01 00:00:00
835,4020,1,11,10,2036-01-01 08:00:00
836,4020,1,3,10,0001-01-01 00:00:00
837,4021,1,11,0,2019-02-20 08:00:00
838,4021,1,2,4,0001-01-01 00:00:00
839,4021,2,1,4018,0001-01-01 00:00:00
840,4022,1,11,0,2019-01-09 08:00:00
841,4022,1,3,7,0001-01-01 00:00:00
842,4022,2,1,4004,0001-01-01 00:00:00
843,4023,1,11,13,2036-01-01 08:00:00
844,4024,1,11,0,2019-03-27 08:00:00
845,4024,1,1,4021,0001-01-01 00:00:00
846,4025,1,11,7,2036-01-01 08:00:00
847,4026,1,11,16,2036-01-01 08:00:00
848,4027,1,11,4,2019-04-24 08:00:00
849,4027,1,1,4024,0001-01-01 00:00:00
850,4028,1,11,5,2036-01-01 08:00:00
851,4029,1,11,19,2036-01-01 08:00:00
852,4030,1,11,5,2036-01-01 08:00:00
853,4031,1,11,5,2036-01-01 08:00:00
854,4032,1,11,5,2036-01-01 08:00:00
855,4033,1,11,5,2036-01-01 08:00:00
856,4034,1,11,5,2036-01-01 08:00:00
857,4035,1,11,0,2019-02-01 08:00:00
858,4035,1,12,0,2019-02-15 06:00:00
859,4037,1,11,0,2019-09-11 08:00:00
860,4037,1,12,0,2019-09-20 06:00:00
861,4038,1,1,4037,2019-09-11 08:00:00
862,4038,1,12,0,2019-09-20 06:00:00
863,4039,1,1,4038,2019-09-11 08:00:00
864,4039,1,12,0,2019-09-20 06:00:00
865,4040,1,1,4039,2019-09-11 08:00:00
866,4040,1,12,0,2019-09-20 06:00:00
867,4041,1,11,0,2019-02-20 08:00:00
868,4041,1,3,8,0001-01-01 00:00:00
869,4042,1,11,0,2019-02-20 08:00:00
870,4042,1,3,7,0001-01-01 00:00:00
871,4042,2,1,4001,0001-01-01 00:00:00
872,4043,1,11,0,2019-03-27 08:00:00
873,4043,1,3,9,0001-01-01 00:00:00
874,4043,1,1,4005,0001-01-01 00:00:00
875,4044,1,11,0,2019-03-27 08:00:00
876,4044,1,3,9,0001-01-01 00:00:00
877,4044,1,1,4006,0001-01-01 00:00:00
878,4045,1,11,0,2019-03-27 08:00:00
879,4045,1,3,9,0001-01-01 00:00:00
880,4045,1,1,4007,0001-01-01 00:00:00
881,4046,1,11,0,2019-04-24 08:00:00
882,4046,1,1,4042,0001-01-01 00:00:00
883,4046,1,3,10,0001-01-01 00:00:00
884,4047,1,11,0,2019-05-29 08:00:00
885,4047,1,1,4027,0001-01-01 00:00:00
886,4048,1,11,0,2036-01-01 08:00:00
887,4048,2,2,6,0001-01-01 00:00:00
888,4049,1,3,5,0001-01-01 00:00:00
889,4049,1,12,0,2019-06-26 08:00:00
890,4050,1,1,4049,0001-01-01 00:00:00
891,4050,1,12,0,2019-06-26 08:00:00
892,4051,1,1,4050,0001-01-01 00:00:00
893,4051,1,12,0,2019-06-26 08:00:00
894,4052,1,3,5,0001-01-01 00:00:00
895,4052,1,12,0,2019-07-31 06:00:00
896,4053,1,1,4052,0001-01-01 00:00:00
897,4053,1,12,0,2019-07-31 06:00:00
898,4054,1,1,4053,0001-01-01 00:00:00
899,4054,1,12,0,2019-07-31 06:00:00
900,4055,1,1,4054,0001-01-01 00:00:00
901,4055,1,12,0,2019-07-31 06:00:00
902,4056,1,11,0,2019-08-07 06:00:00
903,4056,1,1,4047,0001-01-01 00:00:00
904,4057,1,11,0,2019-08-07 06:00:00
905,4057,1,1,4013,0001-01-01 00:00:00
906,4058,1,11,0,2019-08-07 06:00:00
907,4058,1,3,5,0001-01-01 00:00:00
908,4059,1,11,0,2019-08-07 06:00:00
909,4059,2,1,4058,0001-01-01 00:00:00
910,4060,1,11,0,2019-08-07 06:00:00
911,4060,2,1,4059,0001-01-01 00:00:00
912,4061,1,11,0,2019-08-07 06:00:00
913,4061,2,1,4060,0001-01-01 00:00:00
914,4066,1,11,0,2019-09-11 08:00:00
915,4066,1,12,0,2019-10-11 06:00:00
916,4067,1,1,4066,2019-09-11 08:00:00
917,4067,1,12,0,2019-10-11 06:00:00
918,4068,1,1,4067,2019-09-11 08:00:00
919,4068,1,12,0,2019-10-11 06:00:00
920,4069,1,1,4068,2019-09-11 08:00:00
921,4069,1,12,0,2019-10-11 06:00:00
922,4070,1,11,0,2019-10-16 08:00:00
923,4070,1,12,0,2019-11-15 06:00:00
924,4071,1,1,4070,2019-10-16 08:00:00
925,4071,1,12,0,2019-11-15 06:00:00
926,4072,1,1,4071,2019-10-16 08:00:00
927,4072,1,12,0,2019-11-15 06:00:00
928,4073,1,1,4072,2019-10-16 08:00:00
929,4073,1,12,0,2019-11-15 06:00:00
930,4074,1,11,0,2019-10-30 08:00:00
931,4074,1,12,0,2036-01-01 08:00:00
932,4075,1,11,0,2019-11-06 08:00:00
933,4075,1,1,4074,0001-01-01 00:00:00
934,4075,1,12,0,2036-01-01 08:00:00
935,4076,1,11,0,2019-11-13 08:00:00
936,4076,1,1,4075,0001-01-01 00:00:00
937,4076,1,12,0,2036-01-01 08:00:00
938,4077,1,11,0,2019-11-20 08:00:00
939,4077,1,1,4076,0001-01-01 00:00:00
940,4077,1,12,0,2036-01-01 08:00:00
941,4078,1,11,0,2019-11-27 08:00:00
942,4078,1,1,4077,0001-01-01 00:00:00
943,4078,1,12,0,2036-01-01 08:00:00
944,4079,1,11,0,2019-12-04 08:00:00
945,4079,1,1,4078,0001-01-01 00:00:00
946,4079,1,12,0,2036-01-01 08:00:00
947,4080,1,11,0,2019-12-11 08:00:00
948,4080,1,1,4079,0001-01-01 00:00:00
949,4080,1,12,0,2036-01-01 08:00:00
950,4081,1,11,0,2019-11-13 08:00:00
951,4081,1,1,4057,0001-01-01 00:00:00
952,4082,1,11,0,2019-12-04 08:00:00
953,4082,1,1,4081,0001-01-01 00:00:00
954,4083,1,11,0,2020-01-22 08:00:00
955,4083,1,1,4082,0001-01-01 00:00:00
956,4084,1,11,0,2019-12-18 08:00:00
957,4084,1,12,0,2019-12-30 06:00:00
958,4085,1,1,4084,0001-01-01 00:00:00
959,4085,1,12,0,2019-12-30 06:00:00
960,4086,1,1,4085,0001-01-01 00:00:00
961,4086,1,12,0,2019-12-30 06:00:00
962,4087,1,1,4086,0001-01-01 00:00:00
963,4087,1,12,0,2019-12-30 06:00:00
964,4088,1,11,0,2020-01-01 08:00:00
965,4088,1,12,0,2020-01-22 06:00:00
966,4089,1,1,4088,0001-01-01 00:00:00
967,4089,1,12,0,2020-01-22 06:00:00
968,4090,1,1,4089,0001-01-01 00:00:00
969,4090,1,12,0,2020-01-22 06:00:00
970,4091,1,1,4090,0001-01-01 00:00:00
971,4091,1,12,0,2020-01-22 06:00:00
972,4092,1,11,0,2020-02-05 08:00:00
973,4092,1,12,0,2020-02-19 06:00:00
974,4093,1,1,4092,0001-01-01 00:00:00
975,4093,1,12,0,2020-02-19 06:00:00
976,4094,1,1,4093,0001-01-01 00:00:00
977,4094,1,12,0,2020-02-19 06:00:00
978,4095,1,1,4094,0001-01-01 00:00:00
979,4095,1,12,0,2020-02-19 06:00:00
980,4100,1,11,0,2020-02-12 08:00:00
981,4100,1,1,4083,0001-01-01 00:00:00
982,4101,1,11,0,2020-02-26 08:00:00
983,4101,1,1,4100,0001-01-01 00:00:00
984,4102,1,11,0,2020-03-11 08:00:00
985,4102,1,1,4101,0001-01-01 00:00:00
986,4103,1,11,0,2020-03-25 08:00:00
987,4103,1,1,4102,0001-01-01 00:00:00
988,4104,1,11,0,2020-02-19 08:00:00
989,4104,1,12,0,2020-03-04 06:00:00
990,4105,1,1,4104,0001-01-01 00:00:00
991,4105,1,12,0,2020-03-04 06:00:00
992,4106,1,1,4105,0001-01-01 00:00:00
993,4106,1,12,0,2020-03-04 06:00:00
994,4107,1,1,4106,0001-01-01 00:00:00
995,4107,1,12,0,2020-03-04 06:00:00
996,4108,1,11,0,2010-04-22 08:00:00
997,4108,1,12,0,2010-05-06 06:00:00
998,4109,1,1,4108,0001-01-01 00:00:00
999,4109,1,12,0,2010-05-06 06:00:00
1000,4110,1,1,4109,0001-01-01 00:00:00
1001,4110,1,12,0,2010-05-06 06:00:00
1002,4111,1,1,4110,0001-01-01 00:00:00
1003,4111,1,12,0,2010-05-06 06:00:00
1004,4112,1,11,0,2020-06-10 08:00:00
1005,4112,1,12,0,2020-06-24 06:00:00
1006,4113,1,1,4112,0001-01-01 00:00:00
1007,4113,1,12,0,2020-06-24 06:00:00
1008,4114,1,1,4113,0001-01-01 00:00:00
1009,4114,1,12,0,2020-06-24 06:00:00
1010,4115,1,1,4114,0001-01-01 00:00:00
1011,4115,1,12,0,2020-06-24 06:00:00
1012,4116,1,11,0,2020-08-05 08:00:00
1013,4116,1,12,0,2020-08-19 06:00:00
1014,4117,1,1,4116,0001-01-01 00:00:00
1015,4117,1,12,0,2020-08-19 06:00:00
1016,4118,1,1,4117,0001-01-01 00:00:00
1017,4118,1,12,0,2020-08-19 06:00:00
1018,4119,1,1,4118,0001-01-01 00:00:00
1019,4119,1,12,0,2020-08-19 06:00:00
1020,4120,1,11,0,2020-03-11 08:00:00
1021,4120,1,12,0,2020-04-01 06:00:00
1022,4121,1,1,4120,0001-01-01 00:00:00
1023,4121,1,12,0,2020-04-01 06:00:00
1024,4122,1,1,4121,0001-01-01 00:00:00
1025,4122,1,12,0,2020-04-01 06:00:00
1026,4123,1,1,4122,0001-01-01 00:00:00
1027,4123,1,12,0,2020-04-01 06:00:00
1028,4124,1,11,0,2020-04-01 08:00:00
1029,4124,1,12,0,2020-04-15 06:00:00
1030,4125,1,1,4124,0001-01-01 00:00:00
1031,4125,1,12,0,2020-04-15 06:00:00
1032,4126,1,1,4125,0001-01-01 00:00:00
1033,4126,1,12,0,2020-04-15 06:00:00
1034,4127,1,1,4126,0001-01-01 00:00:00
1035,4127,1,12,0,2020-04-15 06:00:00
1036,4128,1,11,0,2010-05-13 08:00:00
1037,4128,1,12,0,2010-05-27 06:00:00
1038,4129,1,1,4128,0001-01-01 00:00:00
1039,4129,1,12,0,2010-05-27 06:00:00
1040,4130,1,1,4129,0001-01-01 00:00:00
1041,4130,1,12,0,2010-05-27 06:00:00
1042,4131,1,1,4130,0001-01-01 00:00:00
1043,4131,1,12,0,2010-05-27 06:00:00
1044,4132,1,11,0,2020-07-01 08:00:00
1045,4132,1,12,0,2020-07-15 06:00:00
1046,4133,1,1,4132,0001-01-01 00:00:00
1047,4133,1,12,0,2020-07-15 06:00:00
1048,4134,1,1,4133,0001-01-01 00:00:00
1049,4134,1,12,0,2020-07-15 06:00:00
1050,4135,1,1,4134,0001-01-01 00:00:00
1051,4135,1,12,0,2020-07-15 06:00:00
1052,4136,1,11,0,2020-07-22 08:00:00
1053,4136,1,12,0,2020-08-05 06:00:00
1054,4137,1,1,4136,0001-01-01 00:00:00
1055,4137,1,12,0,2020-08-05 06:00:00
1056,4138,1,1,4137,0001-01-01 00:00:00
1057,4138,1,12,0,2020-08-05 06:00:00
1058,4139,1,1,4138,0001-01-01 00:00:00
1059,4139,1,12,0,2020-08-05 06:00:00
1060,4140,1,11,0,2020-08-12 08:00:00
1061,4140,1,12,0,2020-08-26 06:00:00
1062,4141,1,1,4140,0001-01-01 00:00:00
1063,4141,1,12,0,2020-08-26 06:00:00
1064,4142,1,1,4141,0001-01-01 00:00:00
1065,4142,1,12,0,2020-08-26 06:00:00
1066,4143,1,1,4142,0001-01-01 00:00:00
1067,4143,1,12,0,2020-08-26 06:00:00
1068,5001,1,3,5,0001-01-01 00:00:00
1069,5002,1,3,5,0001-01-01 00:00:00
1070,5003,1,3,5,0001-01-01 00:00:00
1071,5004,1,3,6,0001-01-01 00:00:00
1072,5005,1,3,6,0001-01-01 00:00:00
1073,5006,1,3,6,0001-01-01 00:00:00
1074,5007,1,3,6,0001-01-01 00:00:00
1075,5008,1,3,7,0001-01-01 00:00:00
1076,5009,1,3,7,0001-01-01 00:00:00
1077,5010,1,2,2,0001-01-01 00:00:00
1078,5011,1,2,3,0001-01-01 00:00:00
1079,5012,1,11,0,2018-12-12 08:00:00
1080,5012,1,2,3,0001-01-01 00:00:00
1081,5012,2,1,5010,0001-01-01 00:00:00
1082,5012,2,1,5011,0001-01-01 00:00:00
1083,5013,1,11,7,2019-07-03 08:00:00
1084,5013,1,1,5042,0001-01-01 00:00:00
1085,5014,1,11,0,2018-12-12 08:00:00
1086,5014,1,12,0,2018-12-26 06:00:00
1087,5015,1,1,5014,0001-01-01 00:00:00
1088,5015,1,11,0,2018-12-12 08:00:00
1089,5015,1,12,0,2018-12-26 06:00:00
1090,5016,1,1,5015,0001-01-01 00:00:00
1091,5016,1,11,0,2018-12-12 08:00:00
1092,5016,1,12,0,2018-12-26 06:00:00
1093,5017,1,11,0,2019-01-01 08:00:00
1094,5017,1,12,0,2019-02-01 06:00:00
1095,5018,1,11,0,2019-01-09 08:00:00
1096,5018,1,2,4,0001-01-01 00:00:00
1097,5018,2,1,5012,0001-01-01 00:00:00
1098,5019,1,11,5013,2036-01-01 08:00:00
1099,5019,1,3,7,0001-01-01 00:00:00
1100,5020,1,11,10,2036-01-01 08:00:00
1101,5020,1,3,10,0001-01-01 00:00:00
1102,5021,1,11,0,2019-02-20 08:00:00
1103,5021,1,2,4,0001-01-01 00:00:00
1104,5021,2,1,5018,0001-01-01 00:00:00
1105,5022,1,11,0,2019-01-09 08:00:00
1106,5022,1,3,7,0001-01-01 00:00:00
1107,5022,2,1,5004,0001-01-01 00:00:00
1108,5023,1,11,13,2036-01-01 08:00:00
1109,5024,1,11,0,2019-03-27 08:00:00
1110,5024,1,1,5021,0001-01-01 00:00:00
1111,5025,1,11,7,2036-01-01 08:00:00
1112,5026,1,11,16,2036-01-01 08:00:00
1113,5027,1,11,4,2019-04-24 08:00:00
1114,5027,1,1,5024,0001-01-01 00:00:00
1115,5028,1,11,5,2036-01-01 08:00:00
1116,5029,1,11,19,2036-01-01 08:00:00
1117,5030,1,11,5,2036-01-01 08:00:00
1118,5031,1,11,5,2036-01-01 08:00:00
1119,5032,1,11,5,2036-01-01 08:00:00
1120,5033,1,11,5,2036-01-01 08:00:00
1121,5034,1,11,5,2036-01-01 08:00:00
1122,5035,1,11,0,2019-02-01 08:00:00
1123,5035,1,12,0,2019-02-15 06:00:00
1124,5037,1,11,0,2019-12-20 08:00:00
1125,5037,1,12,0,2019-12-29 06:00:00
1126,5038,1,1,5037,0001-01-01 00:00:00
1127,5038,1,12,0,2019-12-29 06:00:00
1128,5039,1,1,5038,0001-01-01 00:00:00
1129,5039,1,12,0,2019-12-29 06:00:00
1130,5040,1,1,5039,0001-01-01 00:00:00
1131,5040,1,12,0,2019-12-29 06:00:00
1132,5041,1,11,0,2019-02-20 08:00:00
1133,5041,1,3,8,0001-01-01 00:00:00
1134,5042,1,11,0,2019-02-20 08:00:00
1135,5042,1,3,7,0001-01-01 00:00:00
1136,5042,2,1,5001,0001-01-01 00:00:00
1137,5043,1,11,0,2019-03-27 08:00:00
1138,5043,1,3,9,0001-01-01 00:00:00
1139,5043,1,1,5005,0001-01-01 00:00:00
1140,5044,1,11,0,2019-03-27 08:00:00
1141,5044,1,3,9,0001-01-01 00:00:00
1142,5044,1,1,5006,0001-01-01 00:00:00
1143,5045,1,11,0,2019-03-27 08:00:00
1144,5045,1,3,9,0001-01-01 00:00:00
1145,5045,1,1,5007,0001-01-01 00:00:00
1146,5046,1,11,0,2019-04-24 08:00:00
1147,5046,1,1,5042,0001-01-01 00:00:00
1148,5046,1,3,10,0001-01-01 00:00:00
1149,5047,1,11,0,2019-05-29 08:00:00
1150,5047,1,1,5027,0001-01-01 00:00:00
1151,5048,1,11,0,2036-01-01 08:00:00
1152,5048,2,2,6,0001-01-01 00:00:00
1153,5049,1,3,5,0001-01-01 00:00:00
1154,5049,1,12,0,2019-06-26 08:00:00
1155,5050,1,1,5049,0001-01-01 00:00:00
1156,5050,1,12,0,2019-06-26 08:00:00
1157,5051,1,1,5050,0001-01-01 00:00:00
1158,5051,1,12,0,2019-06-26 08:00:00
1159,5052,1,3,5,0001-01-01 00:00:00
1160,5052,1,12,0,2019-07-31 06:00:00
1161,5053,1,1,5052,0001-01-01 00:00:00
1162,5053,1,12,0,2019-07-31 06:00:00
1163,5054,1,1,5053,0001-01-01 00:00:00
1164,5054,1,12,0,2019-07-31 06:00:00
1165,5055,1,1,5054,0001-01-01 00:00:00
1166,5055,1,12,0,2019-07-31 06:00:00
1167,5056,1,11,0,2019-08-07 06:00:00
1168,5056,1,1,5047,0001-01-01 00:00:00
1169,5057,1,11,0,2019-08-07 06:00:00
1170,5057,1,1,5013,0001-01-01 00:00:00
1171,5058,1,11,0,2019-08-07 06:00:00
1172,5058,1,3,5,0001-01-01 00:00:00
1173,5059,1,11,0,2019-08-07 06:00:00
1174,5059,2,1,5058,0001-01-01 00:00:00
1175,5060,1,11,0,2019-08-07 06:00:00
1176,5060,2,1,5059,0001-01-01 00:00:00
1177,5061,1,11,0,2019-08-07 06:00:00
1178,5061,2,1,5060,0001-01-01 00:00:00
1179,5066,1,11,0,2019-09-11 08:00:00
1180,5066,1,12,0,2019-10-11 06:00:00
1181,5067,1,1,5066,2019-09-11 08:00:00
1182,5067,1,12,0,2019-10-11 06:00:00
1183,5068,1,1,5067,2019-09-11 08:00:00
1184,5068,1,12,0,2019-10-11 06:00:00
1185,5069,1,1,5068,2019-09-11 08:00:00
1186,5069,1,12,0,2019-10-11 06:00:00
1187,5070,1,11,0,2019-10-16 08:00:00
1188,5070,1,12,0,2019-11-15 06:00:00
1189,5071,1,1,5070,2019-10-16 08:00:00
1190,5071,1,12,0,2019-11-15 06:00:00
1191,5072,1,1,5071,2019-10-16 08:00:00
1192,5072,1,12,0,2019-11-15 06:00:00
1193,5073,1,1,5072,2019-10-16 08:00:00
1194,5073,1,12,0,2019-11-15 06:00:00
1195,5074,1,11,0,2019-10-30 08:00:00
1196,5074,1,12,0,2036-01-01 08:00:00
1197,5075,1,11,0,2019-11-06 08:00:00
1198,5075,1,1,5074,0001-01-01 00:00:00
1199,5075,1,12,0,2036-01-01 08:00:00
1200,5076,1,11,0,2019-11-13 08:00:00
1201,5076,1,1,5075,0001-01-01 00:00:00
1202,5076,1,12,0,2036-01-01 08:00:00
1203,5077,1,11,0,2019-11-20 08:00:00
1204,5077,1,1,5076,0001-01-01 00:00:00
1205,5077,1,12,0,2036-01-01 08:00:00
1206,5078,1,11,0,2019-11-27 08:00:00
1207,5078,1,1,5077,0001-01-01 00:00:00
1208,5078,1,12,0,2036-01-01 08:00:00
1209,5079,1,11,0,2019-12-04 08:00:00
1210,5079,1,1,5078,0001-01-01 00:00:00
1211,5079,1,12,0,2036-01-01 08:00:00
1212,5080,1,11,0,2019-12-11 08:00:00
1213,5080,1,1,5079,0001-01-01 00:00:00
1214,5080,1,12,0,2036-01-01 08:00:00
1215,5081,1,11,0,2019-11-13 08:00:00
1216,5081,1,1,5057,0001-01-01 00:00:00
1217,5082,1,11,0,2019-12-04 08:00:00
1218,5082,1,1,5081,0001-01-01 00:00:00
1219,5083,1,11,0,2020-01-22 08:00:00
1220,5083,1,1,5082,0001-01-01 00:00:00
1221,5084,1,11,0,2019-12-18 08:00:00
1222,5084,1,12,0,2019-12-30 06:00:00
1223,5085,1,1,5084,0001-01-01 00:00:00
1224,5085,1,12,0,2019-12-30 06:00:00
1225,5086,1,1,5085,0001-01-01 00:00:00
1226,5086,1,12,0,2019-12-30 06:00:00
1227,5087,1,1,5086,0001-01-01 00:00:00
1228,5087,1,12,0,2019-12-30 06:00:00
1229,5088,1,11,0,2020-01-01 08:00:00
1230,5088,1,12,0,2020-01-22 06:00:00
1231,5089,1,1,5088,0001-01-01 00:00:00
1232,5089,1,12,0,2020-01-22 06:00:00
1233,5090,1,1,5089,0001-01-01 00:00:00
1234,5090,1,12,0,2020-01-22 06:00:00
1235,5091,1,1,5090,0001-01-01 00:00:00
1236,5091,1,12,0,2020-01-22 06:00:00
1237,5092,1,11,0,2020-02-05 08:00:00
1238,5092,1,12,0,2020-02-19 06:00:00
1239,5093,1,1,5092,0001-01-01 00:00:00
1240,5093,1,12,0,2020-02-19 06:00:00
1241,5094,1,1,5093,0001-01-01 00:00:00
1242,5094,1,12,0,2020-02-19 06:00:00
1243,5095,1,1,5094,0001-01-01 00:00:00
1244,5095,1,12,0,2020-02-19 06:00:00
1245,5100,1,11,0,2020-02-12 08:00:00
1246,5100,1,1,5083,0001-01-01 00:00:00
1247,5101,1,11,0,2020-02-26 08:00:00
1248,5101,1,1,5100,0001-01-01 00:00:00
1249,5102,1,11,0,2020-03-11 08:00:00
1250,5102,1,1,5101,0001-01-01 00:00:00
1251,5103,1,11,0,2020-03-25 08:00:00
1252,5103,1,1,5102,0001-01-01 00:00:00
1253,5104,1,11,0,2020-02-19 08:00:00
1254,5104,1,12,0,2020-03-04 06:00:00
1255,5105,1,1,5104,0001-01-01 00:00:00
1256,5105,1,12,0,2020-03-04 06:00:00
1257,5106,1,1,5105,0001-01-01 00:00:00
1258,5106,1,12,0,2020-03-04 06:00:00
1259,5107,1,1,5106,0001-01-01 00:00:00
1260,5107,1,12,0,2020-03-04 06:00:00
1261,5108,1,11,0,2010-04-22 08:00:00
1262,5108,1,12,0,2010-05-06 06:00:00
1263,5109,1,1,5108,0001-01-01 00:00:00
1264,5109,1,12,0,2010-05-06 06:00:00
1265,5110,1,1,5109,0001-01-01 00:00:00
1266,5110,1,12,0,2010-05-06 06:00:00
1267,5111,1,1,5110,0001-01-01 00:00:00
1268,5111,1,12,0,2010-05-06 06:00:00
1269,5112,1,11,0,2020-06-10 08:00:00
1270,5112,1,12,0,2020-06-24 06:00:00
1271,5113,1,1,5112,0001-01-01 00:00:00
1272,5113,1,12,0,2020-06-24 06:00:00
1273,5114,1,1,5113,0001-01-01 00:00:00
1274,5114,1,12,0,2020-06-24 06:00:00
1275,5115,1,1,5114,0001-01-01 00:00:00
1276,5115,1,12,0,2020-06-24 06:00:00
1277,5116,1,11,0,2020-08-05 08:00:00
1278,5116,1,12,0,2020-08-19 06:00:00
1279,5117,1,1,5116,0001-01-01 00:00:00
1280,5117,1,12,0,2020-08-19 06:00:00
1281,5118,1,1,5117,0001-01-01 00:00:00
1282,5118,1,12,0,2020-08-19 06:00:00
1283,5119,1,1,5118,0001-01-01 00:00:00
1284,5119,1,12,0,2020-08-19 06:00:00
1285,5120,1,11,0,2020-03-11 08:00:00
1286,5120,1,12,0,2020-04-01 06:00:00
1287,5121,1,1,5120,0001-01-01 00:00:00
1288,5121,1,12,0,2020-04-01 06:00:00
1289,5122,1,1,5121,0001-01-01 00:00:00
1290,5122,1,12,0,2020-04-01 06:00:00
1291,5123,1,1,5122,0001-01-01 00:00:00
1292,5123,1,12,0,2020-04-01 06:00:00
1293,5124,1,11,0,2020-04-01 08:00:00
1294,5124,1,12,0,2020-04-15 06:00:00
1295,5125,1,1,5124,0001-01-01 00:00:00
1296,5125,1,12,0,2020-04-15 06:00:00
1297,5126,1,1,5125,0001-01-01 00:00:00
1298,5126,1,12,0,2020-04-15 06:00:00
1299,5127,1,1,5126,0001-01-01 00:00:00
1300,5127,1,12,0,2020-04-15 06:00:00
1301,5128,1,11,0,2010-05-13 08:00:00
1302,5128,1,12,0,2010-05-27 06:00:00
1303,5129,1,1,5128,0001-01-01 00:00:00
1304,5129,1,12,0,2010-05-27 06:00:00
1305,5130,1,1,5129,0001-01-01 00:00:00
1306,5130,1,12,0,2010-05-27 06:00:00
1307,5131,1,1,5130,0001-01-01 00:00:00
1308,5131,1,12,0,2010-05-27 06:00:00
1309,5132,1,11,0,2020-07-01 08:00:00
1310,5132,1,12,0,2020-07-15 06:00:00
1311,5133,1,1,5132,0001-01-01 00:00:00
1312,5133,1,12,0,2020-07-15 06:00:00
1313,5134,1,1,5133,0001-01-01 00:00:00
1314,5134,1,12,0,2020-07-15 06:00:00
1315,5135,1,1,5134,0001-01-01 00:00:00
1316,5135,1,12,0,2020-07-15 06:00:00
1317,5136,1,11,0,2020-07-22 08:00:00
1318,5136,1,12,0,2020-08-05 06:00:00
1319,5137,1,1,5136,0001-01-01 00:00:00
1320,5137,1,12,0,2020-08-05 06:00:00
1321,5138,1,1,5137,0001-01-01 00:00:00
1322,5138,1,12,0,2020-08-05 06:00:00
1323,5139,1,1,5138,0001-01-01 00:00:00
1324,5139,1,12,0,2020-08-05 06:00:00
1325,5140,1,11,0,2020-08-12 08:00:00
1326,5140,1,12,0,2020-08-26 06:00:00
1327,5141,1,1,5140,0001-01-01 00:00:00
1328,5141,1,12,0,2020-08-26 06:00:00
1329,5142,1,1,5141,0001-01-01 00:00:00
1330,5142,1,12,0,2020-08-26 06:00:00
1331,5143,1,1,5142,0001-01-01 00:00:00
1332,5143,1,12,0,2020-08-26 06:00:00
1333,6001,1,3,5,0001-01-01 00:00:00
1334,6002,1,3,5,0001-01-01 00:00:00
1335,6003,1,3,5,0001-01-01 00:00:00
1336,6004,1,3,6,0001-01-01 00:00:00
1337,6005,1,3,6,0001-01-01 00:00:00
1338,6006,1,3,6,0001-01-01 00:00:00
1339,6007,1,3,6,0001-01-01 00:00:00
1340,6008,1,3,7,0001-01-01 00:00:00
1341,6009,1,3,7,0001-01-01 00:00:00
1342,6010,1,2,2,0001-01-01 00:00:00
1343,6011,1,2,3,0001-01-01 00:00:00
1344,6012,1,11,0,2018-12-12 08:00:00
1345,6012,1,2,3,0001-01-01 00:00:00
1346,6012,2,1,6010,0001-01-01 00:00:00
1347,6012,2,1,6011,0001-01-01 00:00:00
1348,6013,1,11,7,2019-07-03 08:00:00
1349,6013,1,1,6042,0001-01-01 00:00:00
1350,6014,1,11,0,2018-12-12 08:00:00
1351,6014,1,12,0,2018-12-26 06:00:00
1352,6015,1,1,6014,0001-01-01 00:00:00
1353,6015,1,11,0,2018-12-12 08:00:00
1354,6015,1,12,0,2018-12-26 06:00:00
1355,6016,1,1,6015,0001-01-01 00:00:00
1356,6016,1,11,0,2018-12-12 08:00:00
1357,6016,1,12,0,2018-12-26 06:00:00
1358,6017,1,11,0,2019-01-01 08:00:00
1359,6017,1,12,0,2019-02-01 06:00:00
1360,6018,1,11,0,2019-01-09 08:00:00
1361,6018,1,2,4,0001-01-01 00:00:00
1362,6018,2,1,6012,0001-01-01 00:00:00
1363,6019,1,11,6013,2036-01-01 08:00:00
1364,6019,1,3,7,0001-01-01 00:00:00
1365,6020,1,11,10,2036-01-01 08:00:00
1366,6020,1,3,10,0001-01-01 00:00:00
1367,6021,1,11,0,2019-02-20 08:00:00
1368,6021,1,2,4,0001-01-01 00:00:00
1369,6021,2,1,6018,0001-01-01 00:00:00
1370,6022,1,11,0,2019-01-09 08:00:00
1371,6022,1,3,7,0001-01-01 00:00:00
1372,6022,2,1,6004,0001-01-01 00:00:00
1373,6023,1,11,13,2036-01-01 08:00:00
1374,6024,1,11,0,2019-03-27 08:00:00
1375,6024,1,1,6021,0001-01-01 00:00:00
1376,6025,1,11,7,2036-01-01 08:00:00
1377,6026,1,11,16,2036-01-01 08:00:00
1378,6027,1,11,4,2019-04-24 08:00:00
1379,6027,1,1,6024,0001-01-01 00:00:00
1380,6028,1,11,5,2036-01-01 08:00:00
1381,6029,1,11,19,2036-01-01 08:00:00
1382,6030,1,11,5,2036-01-01 08:00:00
1383,6031,1,11,5,2036-01-01 08:00:00
1384,6032,1,11,5,2036-01-01 08:00:00
1385,6033,1,11,5,2036-01-01 08:00:00
1386,6034,1,11,5,2036-01-01 08:00:00
1387,6035,1,11,0,2019-02-01 08:00:00
1388,6035,1,12,0,2019-02-15 06:00:00
1389,6037,1,11,0,2020-06-10 08:00:00
1390,6037,1,12,0,2020-06-24 06:00:00
1391,6038,1,11,0,2020-06-10 08:00:00
1392,6038,1,12,0,2020-06-24 06:00:00
1393,6038,1,1,6037,0001-01-01 00:00:00
1394,6039,1,11,0,2020-06-10 08:00:00
1395,6039,1,12,0,2020-06-24 06:00:00
1396,6039,1,1,6038,0001-01-01 00:00:00
1397,6040,1,11,0,2020-06-10 08:00:00
1398,6040,1,12,0,2020-06-24 06:00:00
1399,6040,1,1,6039,0001-01-01 00:00:00
1400,6041,1,11,0,2019-02-20 08:00:00
1401,6041,1,3,8,0001-01-01 00:00:00
1402,6042,1,11,0,2019-02-20 08:00:00
1403,6042,1,3,7,0001-01-01 00:00:00
1404,6042,2,1,6001,0001-01-01 00:00:00
1405,6043,1,11,0,2019-03-27 08:00:00
1406,6043,1,3,9,0001-01-01 00:00:00
1407,6043,1,1,6005,0001-01-01 00:00:00
1408,6044,1,11,0,2019-03-27 08:00:00
1409,6044,1,3,9,0001-01-01 00:00:00
1410,6044,1,1,6006,0001-01-01 00:00:00
1411,6045,1,11,0,2019-03-27 08:00:00
1412,6045,1,3,9,0001-01-01 00:00:00
1413,6045,1,1,6007,0001-01-01 00:00:00
1414,6046,1,11,0,2019-04-24 08:00:00
1415,6046,1,1,6042,0001-01-01 00:00:00
1416,6046,1,3,10,0001-01-01 00:00:00
1417,6047,1,11,0,2019-05-29 08:00:00
1418,6047,1,1,6027,0001-01-01 00:00:00
1419,6048,1,11,0,2036-01-01 08:00:00
1420,6048,2,2,6,0001-01-01 00:00:00
1421,6049,1,3,5,0001-01-01 00:00:00
1422,6049,1,12,0,2019-06-26 08:00:00
1423,6050,1,1,6049,0001-01-01 00:00:00
1424,6050,1,12,0,2019-06-26 08:00:00
1425,6051,1,1,6050,0001-01-01 00:00:00
1426,6051,1,12,0,2019-06-26 08:00:00
1427,6052,1,3,5,0001-01-01 00:00:00
1428,6052,1,12,0,2019-07-31 06:00:00
1429,6053,1,1,6052,0001-01-01 00:00:00
1430,6053,1,12,0,2019-07-31 06:00:00
1431,6054,1,1,6053,0001-01-01 00:00:00
1432,6054,1,12,0,2019-07-31 06:00:00
1433,6055,1,1,6054,0001-01-01 00:00:00
1434,6055,1,12,0,2019-07-31 06:00:00
1435,6056,1,11,0,2019-08-07 06:00:00
1436,6056,1,1,6047,0001-01-01 00:00:00
1437,6057,1,11,0,2019-08-07 06:00:00
1438,6057,1,1,6013,0001-01-01 00:00:00
1439,6058,1,11,0,2019-08-07 06:00:00
1440,6058,1,3,5,0001-01-01 00:00:00
1441,6059,1,11,0,2019-08-07 06:00:00
1442,6059,2,1,6058,0001-01-01 00:00:00
1443,6060,1,11,0,2019-08-07 06:00:00
1444,6060,2,1,6059,0001-01-01 00:00:00
1445,6061,1,11,0,2019-08-07 06:00:00
1446,6061,2,1,6060,0001-01-01 00:00:00
1447,6066,1,11,0,2019-09-11 08:00:00
1448,6066,1,12,0,2019-10-11 06:00:00
1449,6067,1,1,6066,2019-09-11 08:00:00
1450,6067,1,12,0,2019-10-11 06:00:00
1451,6068,1,1,6067,2019-09-11 08:00:00
1452,6068,1,12,0,2019-10-11 06:00:00
1453,6069,1,1,6068,2019-09-11 08:00:00
1454,6069,1,12,0,2019-10-11 06:00:00
1455,6070,1,11,0,2019-10-16 08:00:00
1456,6070,1,12,0,2019-11-15 06:00:00
1457,6071,1,1,6070,2019-10-16 08:00:00
1458,6071,1,12,0,2019-11-15 06:00:00
1459,6072,1,1,6071,2019-10-16 08:00:00
1460,6072,1,12,0,2019-11-15 06:00:00
1461,6073,1,1,6072,2019-10-16 08:00:00
1462,6073,1,12,0,2019-11-15 06:00:00
1463,6074,1,11,0,2019-10-30 08:00:00
1464,6074,1,12,0,2036-01-01 08:00:00
1465,6075,1,11,0,2019-11-06 08:00:00
1466,6075,1,1,6074,0001-01-01 00:00:00
1467,6075,1,12,0,2036-01-01 08:00:00
1468,6076,1,11,0,2019-11-13 08:00:00
1469,6076,1,1,6075,0001-01-01 00:00:00
1470,6076,1,12,0,2036-01-01 08:00:00
1471,6077,1,11,0,2019-11-20 08:00:00
1472,6077,1,1,6076,0001-01-01 00:00:00
1473,6077,1,12,0,2036-01-01 08:00:00
1474,6078,1,11,0,2019-11-27 08:00:00
1475,6078,1,1,6077,0001-01-01 00:00:00
1476,6078,1,12,0,2036-01-01 08:00:00
1477,6079,1,11,0,2019-12-04 08:00:00
1478,6079,1,1,6078,0001-01-01 00:00:00
1479,6079,1,12,0,2036-01-01 08:00:00
1480,6080,1,11,0,2019-12-11 08:00:00
1481,6080,1,1,6079,0001-01-01 00:00:00
1482,6080,1,12,0,2036-01-01 08:00:00
1483,6081,1,11,0,2019-11-13 08:00:00
1484,6081,1,1,6057,0001-01-01 00:00:00
1485,6082,1,11,0,2019-12-04 08:00:00
1486,6082,1,1,6081,0001-01-01 00:00:00
1487,6083,1,11,0,2020-01-22 08:00:00
1488,6083,1,1,6082,0001-01-01 00:00:00
1489,6084,1,11,0,2019-12-18 08:00:00
1490,6084,1,12,0,2019-12-30 06:00:00
1491,6085,1,1,6084,0001-01-01 00:00:00
1492,6085,1,12,0,2019-12-30 06:00:00
1493,6086,1,1,6085,0001-01-01 00:00:00
1494,6086,1,12,0,2019-12-30 06:00:00
1495,6087,1,1,6086,0001-01-01 00:00:00
1496,6087,1,12,0,2019-12-30 06:00:00
1497,6088,1,11,0,2020-01-01 08:00:00
1498,6088,1,12,0,2020-01-22 06:00:00
1499,6089,1,1,6088,0001-01-01 00:00:00
1500,6089,1,12,0,2020-01-22 06:00:00
1501,6090,1,1,6089,0001-01-01 00:00:00
1502,6090,1,12,0,2020-01-22 06:00:00
1503,6091,1,1,6090,0001-01-01 00:00:00
1504,6091,1,12,0,2020-01-22 06:00:00
1505,6092,1,11,0,2020-02-05 08:00:00
1506,6092,1,12,0,2020-02-19 06:00:00
1507,6093,1,1,6092,0001-01-01 00:00:00
1508,6093,1,12,0,2020-02-19 06:00:00
1509,6094,1,1,6093,0001-01-01 00:00:00
1510,6094,1,12,0,2020-02-19 06:00:00
1511,6095,1,1,6094,0001-01-01 00:00:00
1512,6095,1,12,0,2020-02-19 06:00:00
1513,6100,1,11,0,2020-02-12 08:00:00
1514,6100,1,1,6083,0001-01-01 00:00:00
1515,6101,1,11,0,2020-02-26 08:00:00
1516,6101,1,1,6100,0001-01-01 00:00:00
1517,6102,1,11,0,2020-03-11 08:00:00
1518,6102,1,1,6101,0001-01-01 00:00:00
1519,6103,1,11,0,2020-03-25 08:00:00
1520,6103,1,1,6102,0001-01-01 00:00:00
1521,6104,1,11,0,2020-02-19 08:00:00
1522,6104,1,12,0,2020-03-04 06:00:00
1523,6105,1,1,6104,0001-01-01 00:00:00
1524,6105,1,12,0,2020-03-04 06:00:00
1525,6106,1,1,6105,0001-01-01 00:00:00
1526,6106,1,12,0,2020-03-04 06:00:00
1527,6107,1,1,6106,0001-01-01 00:00:00
1528,6107,1,12,0,2020-03-04 06:00:00
1529,6108,1,11,0,2010-04-22 08:00:00
1530,6108,1,12,0,2010-05-06 06:00:00
1531,6109,1,1,6108,0001-01-01 00:00:00
1532,6109,1,12,0,2010-05-06 06:00:00
1533,6110,1,1,6109,0001-01-01 00:00:00
1534,6110,1,12,0,2010-05-06 06:00:00
1535,6111,1,1,6110,0001-01-01 00:00:00
1536,6111,1,12,0,2010-05-06 06:00:00
1537,6112,1,11,0,2020-06-10 08:00:00
1538,6112,1,12,0,2020-06-24 06:00:00
1539,6113,1,1,6112,0001-01-01 00:00:00
1540,6113,1,12,0,2020-06-24 06:00:00
1541,6114,1,1,6113,0001-01-01 00:00:00
1542,6114,1,12,0,2020-06-24 06:00:00
1543,6115,1,1,6114,0001-01-01 00:00:00
1544,6115,1,12,0,2020-06-24 06:00:00
1545,6116,1,11,0,2020-08-05 08:00:00
1546,6116,1,12,0,2020-08-19 06:00:00
1547,6117,1,1,6116,0001-01-01 00:00:00
1548,6117,1,12,0,2020-08-19 06:00:00
1549,6118,1,1,6117,0001-01-01 00:00:00
1550,6118,1,12,0,2020-08-19 06:00:00
1551,6119,1,1,6118,0001-01-01 00:00:00
1552,6119,1,12,0,2020-08-19 06:00:00
1553,6120,1,11,0,2020-03-11 08:00:00
1554,6120,1,12,0,2020-04-01 06:00:00
1555,6121,1,1,6120,0001-01-01 00:00:00
1556,6121,1,12,0,2020-04-01 06:00:00
1557,6122,1,1,6121,0001-01-01 00:00:00
1558,6122,1,12,0,2020-04-01 06:00:00
1559,6123,1,1,6122,0001-01-01 00:00:00
1560,6123,1,12,0,2020-04-01 06:00:00
1561,6124,1,11,0,2020-04-01 08:00:00
1562,6124,1,12,0,2020-04-15 06:00:00
1563,6125,1,1,6124,0001-01-01 00:00:00
1564,6125,1,12,0,2020-04-15 06:00:00
1565,6126,1,1,6125,0001-01-01 00:00:00
1566,6126,1,12,0,2020-04-15 06:00:00
1567,6127,1,1,6126,0001-01-01 00:00:00
1568,6127,1,12,0,2020-04-15 06:00:00
1569,6128,1,11,0,2010-05-13 08:00:00
1570,6128,1,12,0,2010-05-27 06:00:00
1571,6129,1,1,6128,0001-01-01 00:00:00
1572,6129,1,12,0,2010-05-27 06:00:00
1573,6130,1,1,6129,0001-01-01 00:00:00
1574,6130,1,12,0,2010-05-27 06:00:00
1575,6131,1,1,6130,0001-01-01 00:00:00
1576,6131,1,12,0,2010-05-27 06:00:00
1577,6132,1,11,0,2020-07-01 08:00:00
1578,6132,1,12,0,2020-07-15 06:00:00
1579,6133,1,1,6132,0001-01-01 00:00:00
1580,6133,1,12,0,2020-07-15 06:00:00
1581,6134,1,1,6133,0001-01-01 00:00:00
1582,6134,1,12,0,2020-07-15 06:00:00
1583,6135,1,1,6134,0001-01-01 00:00:00
1584,6135,1,12,0,2020-07-15 06:00:00
1585,6136,1,11,0,2020-07-22 08:00:00
1586,6136,1,12,0,2020-08-05 06:00:00
1587,6137,1,1,6136,0001-01-01 00:00:00
1588,6137,1,12,0,2020-08-05 06:00:00
1589,6138,1,1,6137,0001-01-01 00:00:00
1590,6138,1,12,0,2020-08-05 06:00:00
1591,6139,1,1,6138,0001-01-01 00:00:00
1592,6139,1,12,0,2020-08-05 06:00:00
1593,6140,1,11,0,2020-08-12 08:00:00
1594,6140,1,12,0,2020-08-26 06:00:00
1595,6141,1,1,6140,0001-01-01 00:00:00
1596,6141,1,12,0,2020-08-26 06:00:00
1597,6142,1,1,6141,0001-01-01 00:00:00
1598,6142,1,12,0,2020-08-26 06:00:00
1599,6143,1,1,6142,0001-01-01 00:00:00
1600,6143,1,12,0,2020-08-26 06:00:00
