---,QuestId,Order,OptionClearTypeId,OptionClearNum,ClearTypeId,ClearNum
1,1001,1,0,0,500,1
2,1002,1,0,0,100,30
3,1003,1,0,0,700,50
4,1004,1,0,0,201,2000
5,1005,1,0,0,601,5000
6,1006,1,0,0,611,5000
7,1007,1,0,0,621,1500
8,1008,1,0,0,502,30000
9,1009,1,0,0,503,30000
10,1010,1,0,0,1000,1
11,1011,1,0,0,1003,1
12,1012,1,0,0,1002,3
13,1013,1,0,0,1101,5
14,1014,1,0,0,1103,5
15,1015,1,103,10,1100,5
16,1016,1,103,10,1100,1
17,1017,1,0,0,504,2019
18,1018,1,0,0,1001,3
19,1019,1,0,0,300,1
20,1020,1,0,0,600,10
21,1020,2,100,0,100,40
22,1021,1,0,0,1003,2
23,1021,2,103,1,1101,1
24,1022,1,0,0,401,5000
25,1023,1,100,0,100,40
26,1023,2,0,0,500,10
27,1024,1,0,0,900,10
28,1024,2,0,0,1001,1
29,1025,1,0,0,501,3
30,1026,1,0,0,600,20
31,1026,2,0,0,502,10000
32,1026,3,0,0,503,10000
33,1027,1,0,0,901,15
34,1027,2,0,0,501,6
35,1028,1,0,0,1100,5
36,1029,1,0,0,1100,3
37,1029,2,0,0,500,30
38,1029,3,100,0,700,100
39,1030,1,100,0,621,1500
40,1030,2,0,0,1003,1
41,1031,1,0,0,400,1
42,1031,2,100,0,200,1
43,1032,1,0,0,900,3
44,1032,2,100,0,100,20
45,1033,1,0,0,502,3000
46,1033,2,100,0,300,1
47,1034,1,100,0,621,1500
48,1034,2,0,0,502,3000
49,1035,1,0,0,1103,5
50,1036,1,0,0,504,10
51,1037,1,0,0,1103,2
52,1038,1,0,0,1003,1
53,1038,2,0,0,700,100
54,1039,1,0,0,1003,2
55,1039,2,0,0,1102,70
56,1040,1,0,0,1003,2
57,1040,2,0,0,1101,1
58,1041,1,0,0,1102,70
59,1042,1,0,0,1103,3
60,1043,1,0,0,600,5
61,1043,2,0,0,1102,30
62,1044,1,0,0,610,5
63,1044,2,0,0,1102,30
64,1045,1,0,0,620,5
65,1045,2,0,0,1102,30
66,1046,1,100,0,700,70
67,1046,2,0,0,1102,80
68,1047,1,0,0,301,4000
69,1047,2,0,0,401,6000
70,1048,1,102,2,1100,3
71,1048,2,100,0,1102,35
72,1049,1,0,0,1003,3
73,1050,1,0,0,1002,5
74,1050,2,103,5,1101,1
75,1051,1,0,0,1102,60
76,1051,2,103,10,1100,4
77,1052,1,0,0,1002,3
78,1053,1,0,0,1003,3
79,1053,2,0,0,1101,3
80,1054,1,0,0,1102,110
81,1054,2,0,0,1101,4
82,1055,1,0,0,1102,210
83,1055,2,0,0,1101,7
84,1056,1,100,0,500,5
85,1057,1,103,1,800,5
86,1058,1,0,0,1101,1
87,1059,1,0,0,1300,1
88,1060,1,0,0,1300,3
89,1060,2,0,0,1000,3
90,1061,1,0,0,1300,6
91,1061,2,0,0,901,12
92,1066,1,0,0,1002,1
93,1067,1,0,0,1003,2
94,1067,2,0,0,700,100
95,1068,1,0,0,501,1
96,1069,1,0,0,1102,80
97,1069,2,0,0,900,15
98,1070,1,0,0,1003,1
99,1071,1,0,0,1103,2
100,1071,2,0,0,900,5
101,1072,1,0,0,100,30
102,1072,2,0,0,1102,50
103,1073,1,0,0,1002,3
104,1073,2,0,0,1000,1
105,1074,1,0,0,1400,2
106,1074,2,0,0,701,3
107,1075,1,0,0,1002,2
108,1075,2,0,0,900,15
109,1076,1,0,0,1003,2
110,1076,2,0,0,901,5
111,1077,1,0,0,3002,2
112,1077,2,0,0,251,1000
113,1078,1,0,0,502,2000
114,1078,2,0,0,500,1
115,1079,1,0,0,250,1
116,1079,2,0,0,550,2000
117,1080,1,0,0,1102,60
118,1080,2,0,0,700,60
119,1081,1,0,0,700,250
120,1082,1,0,0,900,30
121,1083,1,0,0,1102,77
122,1084,1,0,0,1002,1
123,1085,1,0,0,1003,2
124,1085,2,0,0,900,15
125,1086,1,0,0,700,180
126,1086,2,0,0,901,5
127,1087,1,0,0,501,1
128,1087,2,0,0,1102,100
129,1088,1,0,0,1002,1
130,1088,2,0,0,504,2020
131,1089,1,0,0,900,15
132,1089,2,0,0,502,12000
133,1090,1,0,0,1003,3
134,1090,2,0,0,503,15000
135,1091,1,0,0,1102,90
136,1091,2,0,0,621,1000
137,1092,1,0,0,1002,1
138,1093,1,0,0,1003,2
139,1093,2,0,0,1102,90
140,1094,1,0,0,1001,3
141,1094,2,0,0,100,15
142,1095,1,0,0,1300,2
143,1100,1,0,0,504,20000
144,1101,1,0,0,501,10
145,1102,1,0,0,1001,5
146,1103,1,0,0,1003,10
147,1104,1,0,0,1003,1
148,1105,1,0,0,1002,2
149,1105,2,0,0,901,10
150,1106,1,0,0,1001,3
151,1106,2,0,0,100,15
152,1107,1,0,0,1101,1
153,1107,2,0,0,621,222
154,1108,1,0,0,1003,1
155,1109,1,0,0,1002,2
156,1109,2,0,0,901,10
157,1110,1,0,0,1001,3
158,1110,2,0,0,100,15
159,1111,1,0,0,1101,1
160,1111,2,0,0,504,426
161,1112,1,0,0,1003,1
162,1113,1,0,0,1002,2
163,1113,2,0,0,901,10
164,1114,1,0,0,1001,3
165,1114,2,0,0,100,15
166,1115,1,0,0,1101,1
167,1115,2,0,0,505,617
168,1116,1,0,0,1003,1
169,1117,1,0,0,1002,2
170,1117,2,0,0,901,10
171,1118,1,0,0,1001,3
172,1118,2,0,0,100,15
173,1119,1,0,0,1101,1
174,1119,2,0,0,611,812
175,1120,1,0,0,1002,1
176,1121,1,0,0,1003,2
177,1121,2,0,0,1102,90
178,1122,1,0,0,1001,3
179,1122,2,0,0,100,15
180,1123,1,0,0,1300,2
181,1124,1,0,0,1003,1
182,1125,1,0,0,900,15
183,1125,2,0,0,611,5000
184,1126,1,0,0,1002,3
185,1126,2,0,0,503,10000
186,1127,1,0,0,1003,3
187,1127,2,0,0,1101,1
188,1128,1,0,0,1001,1
189,1129,1,101,2,600,3
190,1130,1,101,2,610,3
191,1131,1,101,3,620,2
192,1132,1,0,0,901,7
193,1133,1,0,0,1102,77
194,1133,2,0,0,504,7777
195,1134,1,0,0,701,7
196,1134,2,0,0,507,7777
197,1135,1,0,0,1101,1
198,1135,2,0,0,508,7777
199,1136,1,0,0,1002,1
200,1137,1,0,0,700,300
201,1137,2,0,0,504,10000
202,1138,1,0,0,1003,3
203,1138,2,0,0,610,10
204,1139,1,0,0,1102,90
205,1139,2,0,0,503,10000
206,1140,1,0,0,1001,1
207,1141,1,0,0,1003,2
208,1141,2,0,0,100,15
209,1142,1,0,0,901,5
210,1142,2,0,0,201,1000
211,1143,1,0,0,1002,3
212,1143,2,0,0,301,3000
213,2001,1,0,0,500,1
214,2002,1,0,0,100,30
215,2003,1,0,0,700,50
216,2004,1,0,0,201,2000
217,2005,1,0,0,601,5000
218,2006,1,0,0,611,5000
219,2007,1,0,0,621,1500
220,2008,1,0,0,502,30000
221,2009,1,0,0,503,30000
222,2010,1,0,0,1000,1
223,2011,1,0,0,1003,1
224,2012,1,0,0,1002,3
225,2013,1,0,0,1101,5
226,2014,1,0,0,1103,5
227,2015,1,103,10,1100,5
228,2016,1,103,10,1100,1
229,2017,1,0,0,504,2019
230,2018,1,0,0,1001,3
231,2019,1,0,0,300,1
232,2020,1,0,0,620,10
233,2020,2,0,0,502,3000
234,2021,1,0,0,1003,2
235,2021,2,103,1,1101,1
236,2022,1,0,0,401,5000
237,2023,1,100,0,100,40
238,2023,2,0,0,500,10
239,2024,1,0,0,900,10
240,2024,2,0,0,1001,1
241,2025,1,0,0,501,3
242,2026,1,0,0,620,20
243,2026,2,100,0,621,3000
244,2026,3,0,0,503,10000
245,2027,1,0,0,901,15
246,2027,2,0,0,501,6
247,2028,1,0,0,1100,5
248,2029,1,0,0,1100,3
249,2029,2,0,0,500,30
250,2029,3,100,0,700,100
251,2030,1,100,0,621,1500
252,2030,2,0,0,1003,1
253,2031,1,0,0,400,1
254,2031,2,100,0,200,1
255,2032,1,0,0,900,3
256,2032,2,100,0,100,20
257,2033,1,0,0,502,3000
258,2033,2,100,0,300,1
259,2034,1,100,0,621,1500
260,2034,2,0,0,502,3000
261,2035,1,0,0,1103,5
262,2037,1,0,0,1103,2
263,2038,1,0,0,1003,1
264,2038,2,0,0,700,100
265,2039,1,0,0,1003,2
266,2039,2,0,0,1102,70
267,2040,1,0,0,1003,2
268,2040,2,0,0,1101,1
269,2041,1,0,0,1102,70
270,2042,1,0,0,1103,3
271,2043,1,0,0,600,5
272,2043,2,0,0,1102,30
273,2044,1,0,0,610,5
274,2044,2,0,0,1102,30
275,2045,1,0,0,620,5
276,2045,2,0,0,1102,30
277,2046,1,100,0,700,70
278,2046,2,0,0,1102,80
279,2047,1,0,0,301,4000
280,2047,2,0,0,401,6000
281,2048,1,102,2,1100,3
282,2048,2,100,0,1102,35
283,2049,1,0,0,1003,3
284,2050,1,0,0,1002,5
285,2050,2,103,5,1101,1
286,2051,1,0,0,1102,60
287,2051,2,103,10,1100,4
288,2052,1,0,0,1002,3
289,2053,1,0,0,1003,3
290,2053,2,0,0,1101,3
291,2054,1,0,0,1102,110
292,2054,2,0,0,1101,4
293,2055,1,0,0,1102,210
294,2055,2,0,0,1101,7
295,2056,1,100,0,500,5
296,2057,1,103,1,800,5
297,2058,1,0,0,1101,1
298,2059,1,0,0,1300,1
299,2060,1,0,0,1300,3
300,2060,2,0,0,1000,3
301,2061,1,0,0,1300,6
302,2061,2,0,0,901,12
303,2066,1,0,0,1002,1
304,2067,1,0,0,1003,2
305,2067,2,0,0,700,100
306,2068,1,0,0,501,1
307,2069,1,0,0,1102,80
308,2069,2,0,0,900,15
309,2070,1,0,0,1003,1
310,2071,1,0,0,1103,2
311,2071,2,0,0,900,5
312,2072,1,0,0,100,30
313,2072,2,0,0,1102,50
314,2073,1,0,0,1002,3
315,2073,2,0,0,1000,1
316,2074,1,0,0,1400,2
317,2074,2,0,0,701,3
318,2075,1,0,0,1002,2
319,2075,2,0,0,900,15
320,2076,1,0,0,1003,2
321,2076,2,0,0,901,5
322,2077,1,0,0,3002,2
323,2077,2,0,0,251,1000
324,2078,1,0,0,502,2000
325,2078,2,0,0,500,1
326,2079,1,0,0,250,1
327,2079,2,0,0,550,2000
328,2080,1,0,0,1102,60
329,2080,2,0,0,700,60
330,2081,1,0,0,700,250
331,2082,1,0,0,900,30
332,2083,1,0,0,1102,77
333,2084,1,0,0,1002,1
334,2085,1,0,0,1003,2
335,2085,2,0,0,900,15
336,2086,1,0,0,700,180
337,2086,2,0,0,901,5
338,2087,1,0,0,501,1
339,2087,2,0,0,1102,100
340,2088,1,0,0,1002,1
341,2088,2,0,0,504,2020
342,2089,1,0,0,900,15
343,2089,2,0,0,502,12000
344,2090,1,0,0,1003,3
345,2090,2,0,0,503,15000
346,2091,1,0,0,1102,90
347,2091,2,0,0,621,1000
348,2092,1,0,0,1002,1
349,2093,1,0,0,1003,2
350,2093,2,0,0,1102,90
351,2094,1,0,0,1001,3
352,2094,2,0,0,100,15
353,2095,1,0,0,1300,2
354,2100,1,0,0,504,20000
355,2101,1,0,0,501,10
356,2102,1,0,0,1001,5
357,2103,1,0,0,1003,10
358,2104,1,0,0,1003,1
359,2105,1,0,0,1002,2
360,2105,2,0,0,901,10
361,2106,1,0,0,1001,3
362,2106,2,0,0,100,15
363,2107,1,0,0,1101,1
364,2107,2,0,0,621,222
365,2108,1,0,0,1003,1
366,2109,1,0,0,1002,2
367,2109,2,0,0,901,10
368,2110,1,0,0,1001,3
369,2110,2,0,0,100,15
370,2111,1,0,0,1101,1
371,2111,2,0,0,504,426
372,2112,1,0,0,1003,1
373,2113,1,0,0,1002,2
374,2113,2,0,0,901,10
375,2114,1,0,0,1001,3
376,2114,2,0,0,100,15
377,2115,1,0,0,1101,1
378,2115,2,0,0,505,617
379,2116,1,0,0,1003,1
380,2117,1,0,0,1002,2
381,2117,2,0,0,901,10
382,2118,1,0,0,1001,3
383,2118,2,0,0,100,15
384,2119,1,0,0,1101,1
385,2119,2,0,0,611,812
386,2120,1,0,0,1002,1
387,2121,1,0,0,1003,2
388,2121,2,0,0,1102,90
389,2122,1,0,0,1001,3
390,2122,2,0,0,100,15
391,2123,1,0,0,1300,2
392,2124,1,0,0,1003,1
393,2125,1,0,0,900,15
394,2125,2,0,0,611,5000
395,2126,1,0,0,1002,3
396,2126,2,0,0,503,10000
397,2127,1,0,0,1003,3
398,2127,2,0,0,1101,1
399,2128,1,0,0,1001,1
400,2129,1,101,2,600,3
401,2130,1,101,2,610,3
402,2131,1,101,3,620,2
403,2132,1,0,0,901,7
404,2133,1,0,0,1102,77
405,2133,2,0,0,504,7777
406,2134,1,0,0,701,7
407,2134,2,0,0,507,7777
408,2135,1,0,0,1101,1
409,2135,2,0,0,508,7777
410,2136,1,0,0,1002,1
411,2137,1,0,0,700,300
412,2137,2,0,0,504,10000
413,2138,1,0,0,1003,3
414,2138,2,0,0,610,10
415,2139,1,0,0,1102,90
416,2139,2,0,0,503,10000
417,2140,1,0,0,1001,1
418,2141,1,0,0,1003,2
419,2141,2,0,0,100,15
420,2142,1,0,0,901,5
421,2142,2,0,0,201,1000
422,2143,1,0,0,1002,3
423,2143,2,0,0,301,3000
424,3001,1,0,0,500,1
425,3002,1,0,0,100,30
426,3003,1,0,0,700,50
427,3004,1,0,0,201,2000
428,3005,1,0,0,601,5000
429,3006,1,0,0,611,5000
430,3007,1,0,0,621,1500
431,3008,1,0,0,502,30000
432,3009,1,0,0,503,30000
433,3010,1,0,0,1000,1
434,3011,1,0,0,1003,1
435,3012,1,0,0,1002,3
436,3013,1,0,0,1101,5
437,3014,1,0,0,1103,5
438,3015,1,103,10,1100,5
439,3016,1,103,10,1100,1
440,3017,1,0,0,504,2019
441,3018,1,0,0,1001,3
442,3019,1,0,0,300,1
443,3020,1,0,0,501,3
444,3020,2,100,0,611,3000
445,3021,1,0,0,1003,2
446,3021,2,103,1,1101,1
447,3022,1,0,0,401,5000
448,3023,1,100,0,100,40
449,3023,2,0,0,500,10
450,3024,1,0,0,900,10
451,3024,2,0,0,1001,1
452,3025,1,0,0,501,3
453,3026,1,0,0,501,6
454,3026,2,0,0,502,10000
455,3026,3,0,0,503,10000
456,3027,1,0,0,901,15
457,3027,2,0,0,501,6
458,3028,1,0,0,1100,5
459,3029,1,0,0,1100,3
460,3029,2,0,0,500,30
461,3029,3,100,0,700,100
462,3030,1,100,0,621,1500
463,3030,2,0,0,1003,1
464,3031,1,0,0,400,1
465,3031,2,100,0,200,1
466,3032,1,0,0,900,3
467,3032,2,100,0,100,20
468,3033,1,0,0,502,3000
469,3033,2,100,0,300,1
470,3034,1,100,0,621,1500
471,3034,2,0,0,502,3000
472,3035,1,0,0,1103,5
473,3037,1,0,0,1103,2
474,3038,1,0,0,1003,1
475,3038,2,0,0,700,100
476,3039,1,0,0,1003,2
477,3039,2,0,0,1102,70
478,3040,1,0,0,1003,2
479,3040,2,0,0,1101,1
480,3041,1,0,0,1102,70
481,3042,1,0,0,1103,3
482,3043,1,0,0,600,5
483,3043,2,0,0,1102,30
484,3044,1,0,0,610,5
485,3044,2,0,0,1102,30
486,3045,1,0,0,620,5
487,3045,2,0,0,1102,30
488,3046,1,100,0,700,70
489,3046,2,0,0,1102,80
490,3047,1,0,0,301,4000
491,3047,2,0,0,401,6000
492,3048,1,102,2,1100,3
493,3048,2,100,0,1102,35
494,3049,1,0,0,1003,3
495,3050,1,0,0,1002,5
496,3050,2,103,5,1101,1
497,3051,1,0,0,1102,60
498,3051,2,103,10,1100,4
499,3052,1,0,0,1002,3
500,3053,1,0,0,1003,3
501,3053,2,0,0,1101,3
502,3054,1,0,0,1102,110
503,3054,2,0,0,1101,4
504,3055,1,0,0,1102,210
505,3055,2,0,0,1101,7
506,3056,1,100,0,500,5
507,3057,1,103,1,800,5
508,3058,1,0,0,1101,1
509,3059,1,0,0,1300,1
510,3060,1,0,0,1300,3
511,3060,2,0,0,1000,3
512,3061,1,0,0,1300,6
513,3061,2,0,0,901,12
514,3066,1,0,0,1002,1
515,3067,1,0,0,1003,2
516,3067,2,0,0,700,100
517,3068,1,0,0,501,1
518,3069,1,0,0,1102,80
519,3069,2,0,0,900,15
520,3070,1,0,0,1003,1
521,3071,1,0,0,1103,2
522,3071,2,0,0,900,5
523,3072,1,0,0,100,30
524,3072,2,0,0,1102,50
525,3073,1,0,0,1002,3
526,3073,2,0,0,1000,1
527,3074,1,0,0,1400,2
528,3074,2,0,0,701,3
529,3075,1,0,0,1002,2
530,3075,2,0,0,900,15
531,3076,1,0,0,1003,2
532,3076,2,0,0,901,5
533,3077,1,0,0,3002,2
534,3077,2,0,0,251,1000
535,3078,1,0,0,502,2000
536,3078,2,0,0,500,1
537,3079,1,0,0,250,1
538,3079,2,0,0,550,2000
539,3080,1,0,0,1102,60
540,3080,2,0,0,700,60
541,3081,1,0,0,700,250
542,3082,1,0,0,900,30
543,3083,1,0,0,1102,77
544,3084,1,0,0,1002,1
545,3085,1,0,0,1003,2
546,3085,2,0,0,900,15
547,3086,1,0,0,700,180
548,3086,2,0,0,901,5
549,3087,1,0,0,501,1
550,3087,2,0,0,1102,100
551,3088,1,0,0,1002,1
552,3088,2,0,0,504,2020
553,3089,1,0,0,900,15
554,3089,2,0,0,502,12000
555,3090,1,0,0,1003,3
556,3090,2,0,0,503,15000
557,3091,1,0,0,1102,90
558,3091,2,0,0,621,1000
559,3092,1,0,0,1002,1
560,3093,1,0,0,1003,2
561,3093,2,0,0,1102,90
562,3094,1,0,0,1001,3
563,3094,2,0,0,100,15
564,3095,1,0,0,1300,2
565,3100,1,0,0,504,20000
566,3101,1,0,0,501,10
567,3102,1,0,0,1001,5
568,3103,1,0,0,1003,10
569,3104,1,0,0,1003,1
570,3105,1,0,0,1002,2
571,3105,2,0,0,901,10
572,3106,1,0,0,1001,3
573,3106,2,0,0,100,15
574,3107,1,0,0,1101,1
575,3107,2,0,0,621,222
576,3108,1,0,0,1003,1
577,3109,1,0,0,1002,2
578,3109,2,0,0,901,10
579,3110,1,0,0,1001,3
580,3110,2,0,0,100,15
581,3111,1,0,0,1101,1
582,3111,2,0,0,504,426
583,3112,1,0,0,1003,1
584,3113,1,0,0,1002,2
585,3113,2,0,0,901,10
586,3114,1,0,0,1001,3
587,3114,2,0,0,100,15
588,3115,1,0,0,1101,1
589,3115,2,0,0,505,617
590,3116,1,0,0,1003,1
591,3117,1,0,0,1002,2
592,3117,2,0,0,901,10
593,3118,1,0,0,1001,3
594,3118,2,0,0,100,15
595,3119,1,0,0,1101,1
596,3119,2,0,0,611,812
597,3120,1,0,0,1002,1
598,3121,1,0,0,1003,2
599,3121,2,0,0,1102,90
600,3122,1,0,0,1001,3
601,3122,2,0,0,100,15
602,3123,1,0,0,1300,2
603,3124,1,0,0,1003,1
604,3125,1,0,0,900,15
605,3125,2,0,0,611,5000
606,3126,1,0,0,1002,3
607,3126,2,0,0,503,10000
608,3127,1,0,0,1003,3
609,3127,2,0,0,1101,1
610,3128,1,0,0,1001,1
611,3129,1,101,2,600,3
612,3130,1,101,2,610,3
613,3131,1,101,3,620,2
614,3132,1,0,0,901,7
615,3133,1,0,0,1102,77
616,3133,2,0,0,504,7777
617,3134,1,0,0,701,7
618,3134,2,0,0,507,7777
619,3135,1,0,0,1101,1
620,3135,2,0,0,508,7777
621,3136,1,0,0,1002,1
622,3137,1,0,0,700,300
623,3137,2,0,0,504,10000
624,3138,1,0,0,1003,3
625,3138,2,0,0,610,10
626,3139,1,0,0,1102,90
627,3139,2,0,0,503,10000
628,3140,1,0,0,1001,1
629,3141,1,0,0,1003,2
630,3141,2,0,0,100,15
631,3142,1,0,0,901,5
632,3142,2,0,0,201,1000
633,3143,1,0,0,1002,3
634,3143,2,0,0,301,3000
635,4001,1,0,0,500,1
636,4002,1,0,0,100,30
637,4003,1,0,0,700,50
638,4004,1,0,0,201,2000
639,4005,1,0,0,601,5000
640,4006,1,0,0,611,5000
641,4007,1,0,0,621,1500
642,4008,1,0,0,502,30000
643,4009,1,0,0,503,30000
644,4010,1,0,0,1000,1
645,4011,1,0,0,1003,1
646,4012,1,0,0,1002,3
647,4013,1,0,0,1101,5
648,4014,1,0,0,1103,5
649,4015,1,103,10,1100,5
650,4016,1,103,10,1100,1
651,4017,1,0,0,504,2019
652,4018,1,0,0,1001,3
653,4019,1,0,0,300,1
654,4020,1,0,0,501,3
655,4020,2,100,0,611,3000
656,4021,1,0,0,1003,2
657,4021,2,103,1,1101,1
658,4022,1,0,0,401,5000
659,4023,1,100,0,100,40
660,4023,2,0,0,500,10
661,4024,1,0,0,900,10
662,4024,2,0,0,1001,1
663,4025,1,0,0,501,3
664,4026,1,0,0,502,10000
665,4026,2,0,0,500,5
666,4026,3,0,0,501,3
667,4027,1,0,0,901,15
668,4027,2,0,0,501,6
669,4028,1,0,0,1100,5
670,4029,1,0,0,1100,3
671,4029,2,0,0,500,30
672,4029,3,100,0,700,100
673,4030,1,100,0,621,1500
674,4030,2,0,0,1003,1
675,4031,1,0,0,400,1
676,4031,2,100,0,200,1
677,4032,1,0,0,900,3
678,4032,2,100,0,100,20
679,4033,1,0,0,502,3000
680,4033,2,100,0,300,1
681,4034,1,100,0,621,1500
682,4034,2,0,0,502,3000
683,4035,1,0,0,1103,5
684,4037,1,0,0,1103,2
685,4038,1,0,0,1003,1
686,4038,2,0,0,700,100
687,4039,1,0,0,1003,2
688,4039,2,0,0,1102,70
689,4040,1,0,0,1003,2
690,4040,2,0,0,1101,1
691,4041,1,0,0,1102,70
692,4042,1,0,0,1103,3
693,4043,1,0,0,600,5
694,4043,2,0,0,1102,30
695,4044,1,0,0,610,5
696,4044,2,0,0,1102,30
697,4045,1,0,0,620,5
698,4045,2,0,0,1102,30
699,4046,1,100,0,700,70
700,4046,2,0,0,1102,80
701,4047,1,0,0,301,4000
702,4047,2,0,0,401,6000
703,4048,1,102,2,1100,3
704,4048,2,100,0,1102,35
705,4049,1,0,0,1003,3
706,4050,1,0,0,1002,5
707,4050,2,103,5,1101,1
708,4051,1,0,0,1102,60
709,4051,2,103,10,1100,4
710,4052,1,0,0,1002,3
711,4053,1,0,0,1003,3
712,4053,2,0,0,1101,3
713,4054,1,0,0,1102,110
714,4054,2,0,0,1101,4
715,4055,1,0,0,1102,210
716,4055,2,0,0,1101,7
717,4056,1,100,0,500,5
718,4057,1,103,1,800,5
719,4058,1,0,0,1101,1
720,4059,1,0,0,1300,1
721,4060,1,0,0,1300,3
722,4060,2,0,0,1000,3
723,4061,1,0,0,1300,6
724,4061,2,0,0,901,12
725,4066,1,0,0,1002,1
726,4067,1,0,0,1003,2
727,4067,2,0,0,700,100
728,4068,1,0,0,501,1
729,4069,1,0,0,1102,80
730,4069,2,0,0,900,15
731,4070,1,0,0,1003,1
732,4071,1,0,0,1103,2
733,4071,2,0,0,900,5
734,4072,1,0,0,100,30
735,4072,2,0,0,1102,50
736,4073,1,0,0,1002,3
737,4073,2,0,0,1000,1
738,4074,1,0,0,1400,2
739,4074,2,0,0,701,3
740,4075,1,0,0,1002,2
741,4075,2,0,0,900,15
742,4076,1,0,0,1003,2
743,4076,2,0,0,901,5
744,4077,1,0,0,3002,2
745,4077,2,0,0,251,1000
746,4078,1,0,0,502,2000
747,4078,2,0,0,500,1
748,4079,1,0,0,250,1
749,4079,2,0,0,550,2000
750,4080,1,0,0,1102,60
751,4080,2,0,0,700,60
752,4081,1,0,0,700,250
753,4082,1,0,0,900,30
754,4083,1,0,0,1102,77
755,4084,1,0,0,1002,1
756,4085,1,0,0,1003,2
757,4085,2,0,0,900,15
758,4086,1,0,0,700,180
759,4086,2,0,0,901,5
760,4087,1,0,0,501,1
761,4087,2,0,0,1102,100
762,4088,1,0,0,1002,1
763,4088,2,0,0,504,2020
764,4089,1,0,0,900,15
765,4089,2,0,0,502,12000
766,4090,1,0,0,1003,3
767,4090,2,0,0,503,15000
768,4091,1,0,0,1102,90
769,4091,2,0,0,621,1000
770,4092,1,0,0,1002,1
771,4093,1,0,0,1003,2
772,4093,2,0,0,1102,90
773,4094,1,0,0,1001,3
774,4094,2,0,0,100,15
775,4095,1,0,0,1300,2
776,4100,1,0,0,504,20000
777,4101,1,0,0,501,10
778,4102,1,0,0,1001,5
779,4103,1,0,0,1003,10
780,4104,1,0,0,1003,1
781,4105,1,0,0,1002,2
782,4105,2,0,0,901,10
783,4106,1,0,0,1001,3
784,4106,2,0,0,100,15
785,4107,1,0,0,1101,1
786,4107,2,0,0,621,222
787,4108,1,0,0,1003,1
788,4109,1,0,0,1002,2
789,4109,2,0,0,901,10
790,4110,1,0,0,1001,3
791,4110,2,0,0,100,15
792,4111,1,0,0,1101,1
793,4111,2,0,0,504,426
794,4112,1,0,0,1003,1
795,4113,1,0,0,1002,2
796,4113,2,0,0,901,10
797,4114,1,0,0,1001,3
798,4114,2,0,0,100,15
799,4115,1,0,0,1101,1
800,4115,2,0,0,505,617
801,4116,1,0,0,1003,1
802,4117,1,0,0,1002,2
803,4117,2,0,0,901,10
804,4118,1,0,0,1001,3
805,4118,2,0,0,100,15
806,4119,1,0,0,1101,1
807,4119,2,0,0,611,812
808,4120,1,0,0,1002,1
809,4121,1,0,0,1003,2
810,4121,2,0,0,1102,90
811,4122,1,0,0,1001,3
812,4122,2,0,0,100,15
813,4123,1,0,0,1300,2
814,4124,1,0,0,1003,1
815,4125,1,0,0,900,15
816,4125,2,0,0,611,5000
817,4126,1,0,0,1002,3
818,4126,2,0,0,503,10000
819,4127,1,0,0,1003,3
820,4127,2,0,0,1101,1
821,4128,1,0,0,1001,1
822,4129,1,101,2,600,3
823,4130,1,101,2,610,3
824,4131,1,101,3,620,2
825,4132,1,0,0,901,7
826,4133,1,0,0,1102,77
827,4133,2,0,0,504,7777
828,4134,1,0,0,701,7
829,4134,2,0,0,507,7777
830,4135,1,0,0,1101,1
831,4135,2,0,0,508,7777
832,4136,1,0,0,1002,1
833,4137,1,0,0,700,300
834,4137,2,0,0,504,10000
835,4138,1,0,0,1003,3
836,4138,2,0,0,610,10
837,4139,1,0,0,1102,90
838,4139,2,0,0,503,10000
839,4140,1,0,0,1001,1
840,4141,1,0,0,1003,2
841,4141,2,0,0,100,15
842,4142,1,0,0,901,5
843,4142,2,0,0,201,1000
844,4143,1,0,0,1002,3
845,4143,2,0,0,301,3000
846,5001,1,0,0,500,1
847,5002,1,0,0,100,30
848,5003,1,0,0,700,50
849,5004,1,0,0,201,2000
850,5005,1,0,0,601,5000
851,5006,1,0,0,611,5000
852,5007,1,0,0,621,1500
853,5008,1,0,0,502,30000
854,5009,1,0,0,503,30000
855,5010,1,0,0,1000,1
856,5011,1,0,0,1003,1
857,5012,1,0,0,1002,3
858,5013,1,0,0,1101,5
859,5014,1,0,0,1103,5
860,5015,1,103,10,1100,5
861,5016,1,103,10,1100,1
862,5017,1,0,0,504,2019
863,5018,1,0,0,1001,3
864,5019,1,0,0,300,1
865,5020,1,0,0,503,3000
866,5020,2,0,0,500,5
867,5021,1,0,0,1003,2
868,5021,2,103,1,1101,1
869,5022,1,0,0,401,5000
870,5023,1,100,0,100,40
871,5023,2,0,0,500,10
872,5024,1,0,0,900,10
873,5024,2,0,0,1001,1
874,5025,1,0,0,501,3
875,5026,1,0,0,503,10000
876,5026,2,0,0,500,10
877,5026,3,100,0,611,5000
878,5027,1,0,0,901,15
879,5027,2,0,0,501,6
880,5028,1,0,0,1100,5
881,5029,1,0,0,1100,3
882,5029,2,0,0,500,30
883,5029,3,100,0,700,100
884,5030,1,100,0,621,1500
885,5030,2,0,0,1003,1
886,5031,1,0,0,400,1
887,5031,2,100,0,200,1
888,5032,1,0,0,900,3
889,5032,2,100,0,100,20
890,5033,1,0,0,502,3000
891,5033,2,100,0,300,1
892,5034,1,100,0,621,1500
893,5034,2,0,0,502,3000
894,5035,1,0,0,1103,5
895,5037,1,0,0,1103,2
896,5038,1,0,0,1003,1
897,5038,2,0,0,700,100
898,5039,1,0,0,1003,2
899,5039,2,0,0,1102,70
900,5040,1,0,0,1003,2
901,5040,2,0,0,1101,1
902,5041,1,0,0,1102,70
903,5042,1,0,0,1103,3
904,5043,1,0,0,600,5
905,5043,2,0,0,1102,30
906,5044,1,0,0,610,5
907,5044,2,0,0,1102,30
908,5045,1,0,0,620,5
909,5045,2,0,0,1102,30
910,5046,1,100,0,700,70
911,5046,2,0,0,1102,80
912,5047,1,0,0,301,4000
913,5047,2,0,0,401,6000
914,5048,1,102,2,1100,3
915,5048,2,100,0,1102,35
916,5049,1,0,0,1003,3
917,5050,1,0,0,1002,5
918,5050,2,103,5,1101,1
919,5051,1,0,0,1102,60
920,5051,2,103,10,1100,4
921,5052,1,0,0,1002,3
922,5053,1,0,0,1003,3
923,5053,2,0,0,1101,3
924,5054,1,0,0,1102,110
925,5054,2,0,0,1101,4
926,5055,1,0,0,1102,210
927,5055,2,0,0,1101,7
928,5056,1,100,0,500,5
929,5057,1,103,1,800,5
930,5058,1,0,0,1101,1
931,5059,1,0,0,1300,1
932,5060,1,0,0,1300,3
933,5060,2,0,0,1000,3
934,5061,1,0,0,1300,6
935,5061,2,0,0,901,12
936,5066,1,0,0,1002,1
937,5067,1,0,0,1003,2
938,5067,2,0,0,700,100
939,5068,1,0,0,501,1
940,5069,1,0,0,1102,80
941,5069,2,0,0,900,15
942,5070,1,0,0,1003,1
943,5071,1,0,0,1103,2
944,5071,2,0,0,900,5
945,5072,1,0,0,100,30
946,5072,2,0,0,1102,50
947,5073,1,0,0,1002,3
948,5073,2,0,0,1000,1
949,5074,1,0,0,1400,2
950,5074,2,0,0,701,3
951,5075,1,0,0,1002,2
952,5075,2,0,0,900,15
953,5076,1,0,0,1003,2
954,5076,2,0,0,901,5
955,5077,1,0,0,3002,2
956,5077,2,0,0,251,1000
957,5078,1,0,0,502,2000
958,5078,2,0,0,500,1
959,5079,1,0,0,250,1
960,5079,2,0,0,550,2000
961,5080,1,0,0,1102,60
962,5080,2,0,0,700,60
963,5081,1,0,0,700,250
964,5082,1,0,0,900,30
965,5083,1,0,0,1102,77
966,5084,1,0,0,1002,1
967,5085,1,0,0,1003,2
968,5085,2,0,0,900,15
969,5086,1,0,0,700,180
970,5086,2,0,0,901,5
971,5087,1,0,0,501,1
972,5087,2,0,0,1102,100
973,5088,1,0,0,1002,1
974,5088,2,0,0,504,2020
975,5089,1,0,0,900,15
976,5089,2,0,0,502,12000
977,5090,1,0,0,1003,3
978,5090,2,0,0,503,15000
979,5091,1,0,0,1102,90
980,5091,2,0,0,621,1000
981,5092,1,0,0,1002,1
982,5093,1,0,0,1003,2
983,5093,2,0,0,1102,90
984,5094,1,0,0,1001,3
985,5094,2,0,0,100,15
986,5095,1,0,0,1300,2
987,5100,1,0,0,504,20000
988,5101,1,0,0,501,10
989,5102,1,0,0,1001,5
990,5103,1,0,0,1003,10
991,5104,1,0,0,1003,1
992,5105,1,0,0,1002,2
993,5105,2,0,0,901,10
994,5106,1,0,0,1001,3
995,5106,2,0,0,100,15
996,5107,1,0,0,1101,1
997,5107,2,0,0,621,222
998,5108,1,0,0,1003,1
999,5109,1,0,0,1002,2
1000,5109,2,0,0,901,10
1001,5110,1,0,0,1001,3
1002,5110,2,0,0,100,15
1003,5111,1,0,0,1101,1
1004,5111,2,0,0,504,426
1005,5112,1,0,0,1003,1
1006,5113,1,0,0,1002,2
1007,5113,2,0,0,901,10
1008,5114,1,0,0,1001,3
1009,5114,2,0,0,100,15
1010,5115,1,0,0,1101,1
1011,5115,2,0,0,505,617
1012,5116,1,0,0,1003,1
1013,5117,1,0,0,1002,2
1014,5117,2,0,0,901,10
1015,5118,1,0,0,1001,3
1016,5118,2,0,0,100,15
1017,5119,1,0,0,1101,1
1018,5119,2,0,0,611,812
1019,5120,1,0,0,1002,1
1020,5121,1,0,0,1003,2
1021,5121,2,0,0,1102,90
1022,5122,1,0,0,1001,3
1023,5122,2,0,0,100,15
1024,5123,1,0,0,1300,2
1025,5124,1,0,0,1003,1
1026,5125,1,0,0,900,15
1027,5125,2,0,0,611,5000
1028,5126,1,0,0,1002,3
1029,5126,2,0,0,503,10000
1030,5127,1,0,0,1003,3
1031,5127,2,0,0,1101,1
1032,5128,1,0,0,1001,1
1033,5129,1,101,2,600,3
1034,5130,1,101,2,610,3
1035,5131,1,101,3,620,2
1036,5132,1,0,0,901,7
1037,5133,1,0,0,1102,77
1038,5133,2,0,0,504,7777
1039,5134,1,0,0,701,7
1040,5134,2,0,0,507,7777
1041,5135,1,0,0,1101,1
1042,5135,2,0,0,508,7777
1043,5136,1,0,0,1002,1
1044,5137,1,0,0,700,300
1045,5137,2,0,0,504,10000
1046,5138,1,0,0,1003,3
1047,5138,2,0,0,610,10
1048,5139,1,0,0,1102,90
1049,5139,2,0,0,503,10000
1050,5140,1,0,0,1001,1
1051,5141,1,0,0,1003,2
1052,5141,2,0,0,100,15
1053,5142,1,0,0,901,5
1054,5142,2,0,0,201,1000
1055,5143,1,0,0,1002,3
1056,5143,2,0,0,301,3000
1057,6001,1,0,0,500,1
1058,6002,1,0,0,100,30
1059,6003,1,0,0,700,50
1060,6004,1,0,0,201,2000
1061,6005,1,0,0,601,5000
1062,6006,1,0,0,611,5000
1063,6007,1,0,0,621,1500
1064,6008,1,0,0,502,30000
1065,6009,1,0,0,503,30000
1066,6010,1,0,0,1000,1
1067,6011,1,0,0,1003,1
1068,6012,1,0,0,1002,3
1069,6013,1,0,0,1101,5
1070,6014,1,0,0,1103,5
1071,6015,1,103,10,1100,5
1072,6016,1,103,10,1100,1
1073,6017,1,0,0,504,2019
1074,6018,1,0,0,1001,3
1075,6019,1,0,0,300,1
1076,6020,1,0,0,610,10
1077,6020,2,100,0,502,3000
1078,6021,1,0,0,1003,2
1079,6021,2,103,1,1101,1
1080,6022,1,0,0,401,5000
1081,6023,1,100,0,100,40
1082,6023,2,0,0,500,10
1083,6024,1,0,0,900,10
1084,6024,2,0,0,1001,1
1085,6025,1,0,0,501,3
1086,6026,1,0,0,610,20
1087,6026,2,0,0,502,10000
1088,6026,3,0,0,503,10000
1089,6027,1,0,0,901,15
1090,6027,2,0,0,501,6
1091,6028,1,0,0,1100,5
1092,6029,1,0,0,1100,3
1093,6029,2,0,0,500,30
1094,6029,3,100,0,700,100
1095,6030,1,100,0,621,1500
1096,6030,2,0,0,1003,1
1097,6031,1,0,0,400,1
1098,6031,2,100,0,200,1
1099,6032,1,0,0,900,3
1100,6032,2,100,0,100,20
1101,6033,1,0,0,502,3000
1102,6033,2,100,0,300,1
1103,6034,1,100,0,621,1500
1104,6034,2,0,0,502,3000
1105,6035,1,0,0,1103,5
1106,6037,1,0,0,1103,2
1107,6038,1,0,0,1003,1
1108,6038,2,0,0,700,100
1109,6039,1,0,0,1003,2
1110,6039,2,0,0,1102,70
1111,6040,1,0,0,1003,2
1112,6040,2,0,0,1101,1
1113,6041,1,0,0,1102,70
1114,6042,1,0,0,1103,3
1115,6043,1,0,0,600,5
1116,6043,2,0,0,1102,30
1117,6044,1,0,0,610,5
1118,6044,2,0,0,1102,30
1119,6045,1,0,0,620,5
1120,6045,2,0,0,1102,30
1121,6046,1,100,0,700,70
1122,6046,2,0,0,1102,80
1123,6047,1,0,0,301,4000
1124,6047,2,0,0,401,6000
1125,6048,1,102,2,1100,3
1126,6048,2,100,0,1102,35
1127,6049,1,0,0,1003,3
1128,6050,1,0,0,1002,5
1129,6050,2,103,5,1101,1
1130,6051,1,0,0,1102,60
1131,6051,2,103,10,1100,4
1132,6052,1,0,0,1002,3
1133,6053,1,0,0,1003,3
1134,6053,2,0,0,1101,3
1135,6054,1,0,0,1102,110
1136,6054,2,0,0,1101,4
1137,6055,1,0,0,1102,210
1138,6055,2,0,0,1101,7
1139,6056,1,100,0,500,5
1140,6057,1,103,1,800,5
1141,6058,1,0,0,1101,1
1142,6059,1,0,0,1300,1
1143,6060,1,0,0,1300,3
1144,6060,2,0,0,1000,3
1145,6061,1,0,0,1300,6
1146,6061,2,0,0,901,12
1147,6066,1,0,0,1002,1
1148,6067,1,0,0,1003,2
1149,6067,2,0,0,700,100
1150,6068,1,0,0,501,1
1151,6069,1,0,0,1102,80
1152,6069,2,0,0,900,15
1153,6070,1,0,0,1003,1
1154,6071,1,0,0,1103,2
1155,6071,2,0,0,900,5
1156,6072,1,0,0,100,30
1157,6072,2,0,0,1102,50
1158,6073,1,0,0,1002,3
1159,6073,2,0,0,1000,1
1160,6074,1,0,0,1400,2
1161,6074,2,0,0,701,3
1162,6075,1,0,0,1002,2
1163,6075,2,0,0,900,15
1164,6076,1,0,0,1003,2
1165,6076,2,0,0,901,5
1166,6077,1,0,0,3002,2
1167,6077,2,0,0,251,1000
1168,6078,1,0,0,502,2000
1169,6078,2,0,0,500,1
1170,6079,1,0,0,250,1
1171,6079,2,0,0,550,2000
1172,6080,1,0,0,1102,60
1173,6080,2,0,0,700,60
1174,6081,1,0,0,700,250
1175,6082,1,0,0,900,30
1176,6083,1,0,0,1102,77
1177,6084,1,0,0,1002,1
1178,6085,1,0,0,1003,2
1179,6085,2,0,0,900,15
1180,6086,1,0,0,700,180
1181,6086,2,0,0,901,5
1182,6087,1,0,0,501,1
1183,6087,2,0,0,1102,100
1184,6088,1,0,0,1002,1
1185,6088,2,0,0,504,2020
1186,6089,1,0,0,900,15
1187,6089,2,0,0,502,12000
1188,6090,1,0,0,1003,3
1189,6090,2,0,0,503,15000
1190,6091,1,0,0,1102,90
1191,6091,2,0,0,621,1000
1192,6092,1,0,0,1002,1
1193,6093,1,0,0,1003,2
1194,6093,2,0,0,1102,90
1195,6094,1,0,0,1001,3
1196,6094,2,0,0,100,15
1197,6095,1,0,0,1300,2
1198,6100,1,0,0,504,20000
1199,6101,1,0,0,501,10
1200,6102,1,0,0,1001,5
1201,6103,1,0,0,1003,10
1202,6104,1,0,0,1003,1
1203,6105,1,0,0,1002,2
1204,6105,2,0,0,901,10
1205,6106,1,0,0,1001,3
1206,6106,2,0,0,100,15
1207,6107,1,0,0,1101,1
1208,6107,2,0,0,621,222
1209,6108,1,0,0,1003,1
1210,6109,1,0,0,1002,2
1211,6109,2,0,0,901,10
1212,6110,1,0,0,1001,3
1213,6110,2,0,0,100,15
1214,6111,1,0,0,1101,1
1215,6111,2,0,0,504,426
1216,6112,1,0,0,1003,1
1217,6113,1,0,0,1002,2
1218,6113,2,0,0,901,10
1219,6114,1,0,0,1001,3
1220,6114,2,0,0,100,15
1221,6115,1,0,0,1101,1
1222,6115,2,0,0,505,617
1223,6116,1,0,0,1003,1
1224,6117,1,0,0,1002,2
1225,6117,2,0,0,901,10
1226,6118,1,0,0,1001,3
1227,6118,2,0,0,100,15
1228,6119,1,0,0,1101,1
1229,6119,2,0,0,611,812
1230,6120,1,0,0,1002,1
1231,6121,1,0,0,1003,2
1232,6121,2,0,0,1102,90
1233,6122,1,0,0,1001,3
1234,6122,2,0,0,100,15
1235,6123,1,0,0,1300,2
1236,6124,1,0,0,1003,1
1237,6125,1,0,0,900,15
1238,6125,2,0,0,611,5000
1239,6126,1,0,0,1002,3
1240,6126,2,0,0,503,10000
1241,6127,1,0,0,1003,3
1242,6127,2,0,0,1101,1
1243,6128,1,0,0,1001,1
1244,6129,1,101,2,600,3
1245,6130,1,101,2,610,3
1246,6131,1,101,3,620,2
1247,6132,1,0,0,901,7
1248,6133,1,0,0,1102,77
1249,6133,2,0,0,504,7777
1250,6134,1,0,0,701,7
1251,6134,2,0,0,507,7777
1252,6135,1,0,0,1101,1
1253,6135,2,0,0,508,7777
1254,6136,1,0,0,1002,1
1255,6137,1,0,0,700,300
1256,6137,2,0,0,504,10000
1257,6138,1,0,0,1003,3
1258,6138,2,0,0,610,10
1259,6139,1,0,0,1102,90
1260,6139,2,0,0,503,10000
1261,6140,1,0,0,1001,1
1262,6141,1,0,0,1003,2
1263,6141,2,0,0,100,15
1264,6142,1,0,0,901,5
1265,6142,2,0,0,201,1000
1266,6143,1,0,0,1002,3
1267,6143,2,0,0,301,3000
