---,MechaPartColorId,Name,R,G,B,Roughness,Metallic,Texture,IsDefault
0,0,デフォルトカラー,0,0,0,0,0,Texture2D'/Game/GUI/OutGame/Customize/texture/RoboCustomize/LineColor/Tex_Custom_AR_Main_ColorIcon_00.Tex_Custom_AR_Main_ColorIcon_00',True
1,1,レッド,100,10,10,0.7,0.3,Texture2D'/Game/GUI/OutGame/Customize/texture/RoboCustomize/LineColor/Tex_Custom_AR_Main_ColorIcon_01.Tex_Custom_AR_Main_ColorIcon_01',True
2,2,バーミリオン,115,40,5,0.7,0.3,Texture2D'/Game/GUI/OutGame/Customize/texture/RoboCustomize/LineColor/Tex_Custom_AR_Main_ColorIcon_02.Tex_Custom_AR_Main_ColorIcon_02',False
3,3,オレンジ,115,65,5,0.7,0.3,Texture2D'/Game/GUI/OutGame/Customize/texture/RoboCustomize/LineColor/Tex_Custom_AR_Main_ColorIcon_03.Tex_Custom_AR_Main_ColorIcon_03',True
4,4,イエロー,85,70,5,0.7,0.3,Texture2D'/Game/GUI/OutGame/Customize/texture/RoboCustomize/LineColor/Tex_Custom_AR_Main_ColorIcon_04.Tex_Custom_AR_Main_ColorIcon_04',True
5,5,クリームイエロー,100,85,50,0.7,0.3,Texture2D'/Game/GUI/OutGame/Customize/texture/RoboCustomize/LineColor/Tex_Custom_AR_Main_ColorIcon_05.Tex_Custom_AR_Main_ColorIcon_05',False
6,6,リーフグリーン,90,125,20,0.7,0.3,Texture2D'/Game/GUI/OutGame/Customize/texture/RoboCustomize/LineColor/Tex_Custom_AR_Main_ColorIcon_06.Tex_Custom_AR_Main_ColorIcon_06',False
7,7,ライトグリーン,60,130,20,0.7,0.3,Texture2D'/Game/GUI/OutGame/Customize/texture/RoboCustomize/LineColor/Tex_Custom_AR_Main_ColorIcon_07.Tex_Custom_AR_Main_ColorIcon_07',False
8,8,グリーン,30,130,20,0.7,0.3,Texture2D'/Game/GUI/OutGame/Customize/texture/RoboCustomize/LineColor/Tex_Custom_AR_Main_ColorIcon_08.Tex_Custom_AR_Main_ColorIcon_08',True
9,9,ビリジアン,5,110,40,0.7,0.3,Texture2D'/Game/GUI/OutGame/Customize/texture/RoboCustomize/LineColor/Tex_Custom_AR_Main_ColorIcon_09.Tex_Custom_AR_Main_ColorIcon_09',False
10,10,ピーコックグリーン,10,110,60,0.7,0.3,Texture2D'/Game/GUI/OutGame/Customize/texture/RoboCustomize/LineColor/Tex_Custom_AR_Main_ColorIcon_10.Tex_Custom_AR_Main_ColorIcon_10',False
11,11,ブルーグリーン,10,130,130,0.7,0.3,Texture2D'/Game/GUI/OutGame/Customize/texture/RoboCustomize/LineColor/Tex_Custom_AR_Main_ColorIcon_11.Tex_Custom_AR_Main_ColorIcon_11',False
12,12,ターコイズブルー,10,110,150,0.7,0.3,Texture2D'/Game/GUI/OutGame/Customize/texture/RoboCustomize/LineColor/Tex_Custom_AR_Main_ColorIcon_12.Tex_Custom_AR_Main_ColorIcon_12',False
13,13,スカイブルー,10,110,180,0.7,0.3,Texture2D'/Game/GUI/OutGame/Customize/texture/RoboCustomize/LineColor/Tex_Custom_AR_Main_ColorIcon_13.Tex_Custom_AR_Main_ColorIcon_13',False
14,14,ブルー,10,80,170,0.7,0.3,Texture2D'/Game/GUI/OutGame/Customize/texture/RoboCustomize/LineColor/Tex_Custom_AR_Main_ColorIcon_14.Tex_Custom_AR_Main_ColorIcon_14',True
15,15,コバルトブルー,20,60,170,0.7,0.3,Texture2D'/Game/GUI/OutGame/Customize/texture/RoboCustomize/LineColor/Tex_Custom_AR_Main_ColorIcon_15.Tex_Custom_AR_Main_ColorIcon_15',False
16,16,マリンブルー,20,30,170,0.7,0.3,Texture2D'/Game/GUI/OutGame/Customize/texture/RoboCustomize/LineColor/Tex_Custom_AR_Main_ColorIcon_16.Tex_Custom_AR_Main_ColorIcon_16',False
17,17,ウルトラマリンディープ,20,0,130,0.7,0.3,Texture2D'/Game/GUI/OutGame/Customize/texture/RoboCustomize/LineColor/Tex_Custom_AR_Main_ColorIcon_17.Tex_Custom_AR_Main_ColorIcon_17',False
18,18,ディープパープル,40,0,130,0.7,0.3,Texture2D'/Game/GUI/OutGame/Customize/texture/RoboCustomize/LineColor/Tex_Custom_AR_Main_ColorIcon_18.Tex_Custom_AR_Main_ColorIcon_18',False
19,19,バイオレット,60,0,130,0.7,0.3,Texture2D'/Game/GUI/OutGame/Customize/texture/RoboCustomize/LineColor/Tex_Custom_AR_Main_ColorIcon_19.Tex_Custom_AR_Main_ColorIcon_19',True
20,20,ディープマゼンタ,90,0,130,0.7,0.3,Texture2D'/Game/GUI/OutGame/Customize/texture/RoboCustomize/LineColor/Tex_Custom_AR_Main_ColorIcon_20.Tex_Custom_AR_Main_ColorIcon_20',False
21,21,マゼンタ,110,15,110,0.7,0.3,Texture2D'/Game/GUI/OutGame/Customize/texture/RoboCustomize/LineColor/Tex_Custom_AR_Main_ColorIcon_21.Tex_Custom_AR_Main_ColorIcon_21',False
22,22,ローズ,140,30,60,0.7,0.3,Texture2D'/Game/GUI/OutGame/Customize/texture/RoboCustomize/LineColor/Tex_Custom_AR_Main_ColorIcon_22.Tex_Custom_AR_Main_ColorIcon_22',False
23,23,モンザレッド,140,20,30,0.7,0.3,Texture2D'/Game/GUI/OutGame/Customize/texture/RoboCustomize/LineColor/Tex_Custom_AR_Main_ColorIcon_23.Tex_Custom_AR_Main_ColorIcon_23',False
24,24,イタリアンレッド,140,20,15,0.7,0.3,Texture2D'/Game/GUI/OutGame/Customize/texture/RoboCustomize/LineColor/Tex_Custom_AR_Main_ColorIcon_24.Tex_Custom_AR_Main_ColorIcon_24',False
25,25,ホワイト,130,130,130,0.5,0.3,Texture2D'/Game/GUI/OutGame/Customize/texture/RoboCustomize/LineColor/Tex_Custom_AR_Main_ColorIcon_26.Tex_Custom_AR_Main_ColorIcon_26',True
26,26,ブラック,15,15,15,0,0.65,Texture2D'/Game/GUI/OutGame/Customize/texture/RoboCustomize/LineColor/Tex_Custom_AR_Main_ColorIcon_25.Tex_Custom_AR_Main_ColorIcon_25',True
27,27,カッパー,218,100,0,0.1,0.7,Texture2D'/Game/GUI/OutGame/Customize/texture/RoboCustomize/LineColor/Tex_Custom_AR_Main_ColorIcon_27.Tex_Custom_AR_Main_ColorIcon_27',False
28,28,シルバー,255,255,255,0.1,0.9,Texture2D'/Game/GUI/OutGame/Customize/texture/RoboCustomize/LineColor/Tex_Custom_AR_Main_ColorIcon_28.Tex_Custom_AR_Main_ColorIcon_28',True
29,29,ゴールド,255,200,0,0.1,0.85,Texture2D'/Game/GUI/OutGame/Customize/texture/RoboCustomize/LineColor/Tex_Custom_AR_Main_ColorIcon_29.Tex_Custom_AR_Main_ColorIcon_29',True
30,30,ジルコニア,237,203,255,0,0.9,Texture2D'/Game/GUI/OutGame/Customize/texture/RoboCustomize/LineColor/Tex_Custom_AR_Main_ColorIcon_30.Tex_Custom_AR_Main_ColorIcon_30',False
31,31,グレーNO.1,30,30,30,0.5,0.3,Texture2D'/Game/GUI/OutGame/Customize/texture/RoboCustomize/LineColor/Tex_Custom_AR_Main_ColorIcon_31.Tex_Custom_AR_Main_ColorIcon_31',True
32,32,グレーNO.2,60,60,60,0.5,0.3,Texture2D'/Game/GUI/OutGame/Customize/texture/RoboCustomize/LineColor/Tex_Custom_AR_Main_ColorIcon_32.Tex_Custom_AR_Main_ColorIcon_32',True
33,33,グレーNO.3,90,90,90,0.5,0.3,Texture2D'/Game/GUI/OutGame/Customize/texture/RoboCustomize/LineColor/Tex_Custom_AR_Main_ColorIcon_33.Tex_Custom_AR_Main_ColorIcon_33',True
34,34,ワインレッド,90,30,28,0.7,0.3,Texture2D'/Game/GUI/OutGame/Customize/texture/RoboCustomize/LineColor/Tex_Custom_AR_Main_ColorIcon_34.Tex_Custom_AR_Main_ColorIcon_34',False
35,35,バーントアンバー,90,40,18,0.7,0.3,Texture2D'/Game/GUI/OutGame/Customize/texture/RoboCustomize/LineColor/Tex_Custom_AR_Main_ColorIcon_35.Tex_Custom_AR_Main_ColorIcon_35',False
36,36,マースイエロー,90,50,28,0.7,0.3,Texture2D'/Game/GUI/OutGame/Customize/texture/RoboCustomize/LineColor/Tex_Custom_AR_Main_ColorIcon_36.Tex_Custom_AR_Main_ColorIcon_36',False
37,37,ローシェンナ,85,65,35,0.7,0.3,Texture2D'/Game/GUI/OutGame/Customize/texture/RoboCustomize/LineColor/Tex_Custom_AR_Main_ColorIcon_37.Tex_Custom_AR_Main_ColorIcon_37',False
38,38,アッシュシェンナ,85,64,48,0.7,0.3,Texture2D'/Game/GUI/OutGame/Customize/texture/RoboCustomize/LineColor/Tex_Custom_AR_Main_ColorIcon_38.Tex_Custom_AR_Main_ColorIcon_38',False
39,39,シナバーグリーンライト,95,110,48,0.7,0.3,Texture2D'/Game/GUI/OutGame/Customize/texture/RoboCustomize/LineColor/Tex_Custom_AR_Main_ColorIcon_39.Tex_Custom_AR_Main_ColorIcon_39',False
40,40,シナバーグリーン,80,120,58,0.7,0.3,Texture2D'/Game/GUI/OutGame/Customize/texture/RoboCustomize/LineColor/Tex_Custom_AR_Main_ColorIcon_40.Tex_Custom_AR_Main_ColorIcon_40',False
41,41,ナイトリーフ,60,120,58,0.7,0.3,Texture2D'/Game/GUI/OutGame/Customize/texture/RoboCustomize/LineColor/Tex_Custom_AR_Main_ColorIcon_41.Tex_Custom_AR_Main_ColorIcon_41',False
42,42,ピーコックディープ,38,90,60,0.7,0.3,Texture2D'/Game/GUI/OutGame/Customize/texture/RoboCustomize/LineColor/Tex_Custom_AR_Main_ColorIcon_42.Tex_Custom_AR_Main_ColorIcon_42',False
43,43,シャドーエメラルド,28,70,60,0.7,0.3,Texture2D'/Game/GUI/OutGame/Customize/texture/RoboCustomize/LineColor/Tex_Custom_AR_Main_ColorIcon_43.Tex_Custom_AR_Main_ColorIcon_43',False
44,44,ダークホライズンブルー,40,70,90,0.7,0.3,Texture2D'/Game/GUI/OutGame/Customize/texture/RoboCustomize/LineColor/Tex_Custom_AR_Main_ColorIcon_44.Tex_Custom_AR_Main_ColorIcon_44',False
45,45,ダークターコイズ,30,60,90,0.7,0.3,Texture2D'/Game/GUI/OutGame/Customize/texture/RoboCustomize/LineColor/Tex_Custom_AR_Main_ColorIcon_45.Tex_Custom_AR_Main_ColorIcon_45',False
46,46,ナイトオーシャン,30,50,90,0.7,0.3,Texture2D'/Game/GUI/OutGame/Customize/texture/RoboCustomize/LineColor/Tex_Custom_AR_Main_ColorIcon_46.Tex_Custom_AR_Main_ColorIcon_46',False
47,47,ムーンライトブルー,40,40,90,0.7,0.3,Texture2D'/Game/GUI/OutGame/Customize/texture/RoboCustomize/LineColor/Tex_Custom_AR_Main_ColorIcon_47.Tex_Custom_AR_Main_ColorIcon_47',False
48,48,シャドーブルー,40,30,70,0.7,0.3,Texture2D'/Game/GUI/OutGame/Customize/texture/RoboCustomize/LineColor/Tex_Custom_AR_Main_ColorIcon_48.Tex_Custom_AR_Main_ColorIcon_48',False
49,49,シャドーパープル,40,30,60,0.7,0.3,Texture2D'/Game/GUI/OutGame/Customize/texture/RoboCustomize/LineColor/Tex_Custom_AR_Main_ColorIcon_49.Tex_Custom_AR_Main_ColorIcon_49',False
50,50,アッシュバイオレット,58,30,60,0.7,0.3,Texture2D'/Game/GUI/OutGame/Customize/texture/RoboCustomize/LineColor/Tex_Custom_AR_Main_ColorIcon_50.Tex_Custom_AR_Main_ColorIcon_50',False
51,51,コバルトバイオレット,58,20,40,0.7,0.3,Texture2D'/Game/GUI/OutGame/Customize/texture/RoboCustomize/LineColor/Tex_Custom_AR_Main_ColorIcon_51.Tex_Custom_AR_Main_ColorIcon_51',False
52,52,キナクリドンバイオレット,68,20,30,0.7,0.3,Texture2D'/Game/GUI/OutGame/Customize/texture/RoboCustomize/LineColor/Tex_Custom_AR_Main_ColorIcon_52.Tex_Custom_AR_Main_ColorIcon_52',False
53,53,ダークレッド,30,0,0,0.7,0.3,Texture2D'/Game/GUI/OutGame/Customize/texture/RoboCustomize/LineColor/Tex_Custom_AR_Main_ColorIcon_53.Tex_Custom_AR_Main_ColorIcon_53',False
54,54,ダークグリーン,0,20,0,0.7,0.3,Texture2D'/Game/GUI/OutGame/Customize/texture/RoboCustomize/LineColor/Tex_Custom_AR_Main_ColorIcon_54.Tex_Custom_AR_Main_ColorIcon_54',False
55,55,ダークブルー,10,10,30,0.7,0.3,Texture2D'/Game/GUI/OutGame/Customize/texture/RoboCustomize/LineColor/Tex_Custom_AR_Main_ColorIcon_55.Tex_Custom_AR_Main_ColorIcon_55',False
56,56,ダークバイオレット,30,10,30,0.7,0.3,Texture2D'/Game/GUI/OutGame/Customize/texture/RoboCustomize/LineColor/Tex_Custom_AR_Main_ColorIcon_56.Tex_Custom_AR_Main_ColorIcon_56',False
57,57,ダークイエロー,40,30,0,0.7,0.3,Texture2D'/Game/GUI/OutGame/Customize/texture/RoboCustomize/LineColor/Tex_Custom_AR_Main_ColorIcon_57.Tex_Custom_AR_Main_ColorIcon_57',False
